/*
    Original source: https://fonts.google.com/specimen/Metrophobic
*/
static const unsigned int metrophobic_regular_len = 79152;
static const unsigned char metrophobic_regular_ttf[] = {
  0x00, 0x01, 0x00, 0x00, 0x00, 0x11, 0x01, 0x00, 0x00, 0x04, 0x00, 0x10,
  0x47, 0x44, 0x45, 0x46, 0x2e, 0xab, 0x26, 0xec, 0x00, 0x00, 0x03, 0x24,
  0x00, 0x00, 0x00, 0xfa, 0x47, 0x50, 0x4f, 0x53, 0xec, 0x18, 0x41, 0x8d,
  0x00, 0x00, 0x40, 0x88, 0x00, 0x00, 0x33, 0x36, 0x47, 0x53, 0x55, 0x42,
  0x36, 0x2f, 0x46, 0xfb, 0x00, 0x00, 0x0d, 0x34, 0x00, 0x00, 0x05, 0xa0,
  0x4f, 0x53, 0x2f, 0x32, 0xbb, 0x7c, 0x84, 0x8d, 0x00, 0x00, 0x01, 0xa0,
  0x00, 0x00, 0x00, 0x60, 0x63, 0x6d, 0x61, 0x70, 0xb0, 0x0c, 0x44, 0xe8,
  0x00, 0x00, 0x12, 0xd4, 0x00, 0x00, 0x06, 0x88, 0x63, 0x76, 0x74, 0x20,
  0x2d, 0x97, 0x15, 0x38, 0x00, 0x00, 0x02, 0x00, 0x00, 0x00, 0x00, 0x64,
  0x66, 0x70, 0x67, 0x6d, 0x62, 0x2e, 0xff, 0x7d, 0x00, 0x00, 0x22, 0x98,
  0x00, 0x00, 0x0e, 0x0c, 0x67, 0x61, 0x73, 0x70, 0x00, 0x00, 0x00, 0x10,
  0x00, 0x00, 0x01, 0x1c, 0x00, 0x00, 0x00, 0x08, 0x67, 0x6c, 0x79, 0x66,
  0xb1, 0x52, 0xbd, 0xed, 0x00, 0x00, 0x73, 0xc0, 0x00, 0x00, 0xc1, 0x70,
  0x68, 0x65, 0x61, 0x64, 0x1e, 0x66, 0xd3, 0xa6, 0x00, 0x00, 0x01, 0x68,
  0x00, 0x00, 0x00, 0x36, 0x68, 0x68, 0x65, 0x61, 0x10, 0xe4, 0x07, 0x4b,
  0x00, 0x00, 0x01, 0x44, 0x00, 0x00, 0x00, 0x24, 0x68, 0x6d, 0x74, 0x78,
  0x36, 0xce, 0x27, 0x17, 0x00, 0x00, 0x19, 0x5c, 0x00, 0x00, 0x09, 0x3c,
  0x6c, 0x6f, 0x63, 0x61, 0xf8, 0xa6, 0x2c, 0x6e, 0x00, 0x00, 0x08, 0x94,
  0x00, 0x00, 0x04, 0xa0, 0x6d, 0x61, 0x78, 0x70, 0x03, 0xbf, 0x0f, 0x29,
  0x00, 0x00, 0x01, 0x24, 0x00, 0x00, 0x00, 0x20, 0x6e, 0x61, 0x6d, 0x65,
  0x6d, 0x19, 0x8f, 0xf5, 0x00, 0x00, 0x04, 0x20, 0x00, 0x00, 0x04, 0x72,
  0x70, 0x6f, 0x73, 0x74, 0x53, 0xad, 0xac, 0xb0, 0x00, 0x00, 0x30, 0xa4,
  0x00, 0x00, 0x0f, 0xe1, 0x70, 0x72, 0x65, 0x70, 0x51, 0xa8, 0xd9, 0x2a,
  0x00, 0x00, 0x02, 0x64, 0x00, 0x00, 0x00, 0xbd, 0x00, 0x01, 0x00, 0x01,
  0xff, 0xff, 0x00, 0x0f, 0x00, 0x01, 0x00, 0x00, 0x02, 0x4f, 0x00, 0x4c,
  0x00, 0x07, 0x00, 0x56, 0x00, 0x05, 0x00, 0x02, 0x00, 0x40, 0x00, 0x78,
  0x00, 0x8d, 0x00, 0x00, 0x00, 0x93, 0x0e, 0x0c, 0x00, 0x03, 0x00, 0x01,
  0x00, 0x01, 0x00, 0x00, 0x08, 0x11, 0xfe, 0x34, 0x00, 0x00, 0x0a, 0xa7,
  0xfe, 0x8d, 0xfc, 0x20, 0x0a, 0x43, 0x00, 0x01, 0x00, 0x00, 0x00, 0x00,
  0x00, 0x00, 0x00, 0x00, 0x00, 0x00, 0x00, 0x00, 0x00, 0x00, 0x02, 0x4f,
  0x00, 0x01, 0x00, 0x00, 0x00, 0x03, 0x33, 0x33, 0x48, 0xe6, 0x40, 0xab,
  0x5f, 0x0f, 0x3c, 0xf5, 0x00, 0x0f, 0x08, 0x00, 0x00, 0x00, 0x00, 0x00,
  0xd6, 0x7a, 0x95, 0x2d, 0x00, 0x00, 0x00, 0x00, 0xdf, 0xf6, 0xbf, 0xb4,
  0xfe, 0x8d, 0xfd, 0xab, 0x0a, 0x43, 0x08, 0xec, 0x00, 0x00, 0x00, 0x06,
  0x00, 0x02, 0x00, 0x00, 0x00, 0x00, 0x00, 0x00, 0x00, 0x04, 0x04, 0xb3,
  0x01, 0x90, 0x00, 0x05, 0x00, 0x00, 0x05, 0x33, 0x04, 0xcd, 0x00, 0x00,
  0x00, 0x9a, 0x05, 0x33, 0x04, 0xcd, 0x00, 0x00, 0x02, 0xcd, 0x00, 0x32,
  0x02, 0x5f, 0x00, 0x00, 0x00, 0x00, 0x00, 0x00, 0x00, 0x00, 0x00, 0x00,
  0x00, 0x00, 0xa0, 0x00, 0x00, 0xff, 0x40, 0x00, 0x20, 0x4b, 0x00, 0x00,
  0x00, 0x00, 0x00, 0x00, 0x00, 0x00, 0x6e, 0x65, 0x77, 0x74, 0x00, 0xc0,
  0x00, 0x0d, 0xfb, 0x02, 0x08, 0x11, 0xfe, 0x34, 0x00, 0x00, 0x08, 0xec,
  0x02, 0x55, 0x20, 0x00, 0x01, 0x93, 0x00, 0x00, 0x00, 0x00, 0x03, 0xf3,
  0x05, 0xa1, 0x00, 0x00, 0x00, 0x20, 0x00, 0x03, 0x00, 0x00, 0x00, 0x00,
  0x00, 0x00, 0x00, 0x00, 0x00, 0x00, 0x00, 0x00, 0x00, 0x00, 0x00, 0x00,
  0x00, 0x00, 0x00, 0x00, 0x00, 0x00, 0x00, 0x00, 0x00, 0x00, 0x00, 0x00,
  0x00, 0x00, 0x00, 0x00, 0x00, 0x32, 0x00, 0x32, 0x00, 0x32, 0x00, 0x32,
  0x05, 0xc0, 0x03, 0xf3, 0x00, 0x00, 0x05, 0xc0, 0x03, 0xf3, 0x00, 0x00,
  0x00, 0x9d, 0x00, 0x9d, 0x00, 0x7d, 0x00, 0x7d, 0x05, 0xa1, 0x00, 0x00,
  0x05, 0xa1, 0x03, 0xf3, 0x00, 0x00, 0xfe, 0x7b, 0x05, 0xa8, 0xff, 0xda,
  0x05, 0xa8, 0x04, 0x0a, 0xff, 0xe9, 0xfe, 0x69, 0x00, 0x32, 0x00, 0x32,
  0x00, 0x32, 0x00, 0x32, 0x05, 0xc2, 0x02, 0x7a, 0x05, 0xc2, 0x02, 0x6e,
  0x00, 0x4b, 0xb8, 0x00, 0xc8, 0x52, 0x58, 0xb1, 0x01, 0x01, 0x8e, 0x59,
  0xb0, 0x01, 0xb9, 0x08, 0x00, 0x08, 0x00, 0x63, 0x70, 0xb1, 0x00, 0x07,
  0x42, 0xb4, 0x00, 0x27, 0x18, 0x03, 0x00, 0x2a, 0xb1, 0x00, 0x07, 0x42,
  0xb7, 0x2c, 0x04, 0x1c, 0x08, 0x12, 0x05, 0x03, 0x0a, 0x2a, 0xb1, 0x00,
  0x07, 0x42, 0xb7, 0x30, 0x02, 0x24, 0x06, 0x17, 0x03, 0x03, 0x0a, 0x2a,
  0xb1, 0x00, 0x0a, 0x42, 0xbc, 0x0b, 0x40, 0x07, 0x40, 0x04, 0xc0, 0x00,
  0x03, 0x00, 0x0b, 0x2a, 0xb1, 0x00, 0x0d, 0x42, 0xbc, 0x00, 0x40, 0x00,
  0x40, 0x00, 0x40, 0x00, 0x03, 0x00, 0x0b, 0x2a, 0xb9, 0x00, 0x03, 0x00,
  0x00, 0x44, 0xb1, 0x24, 0x01, 0x88, 0x51, 0x58, 0xb0, 0x40, 0x88, 0x58,
  0xb9, 0x00, 0x03, 0x00, 0x64, 0x44, 0xb1, 0x28, 0x01, 0x88, 0x51, 0x58,
  0xb8, 0x08, 0x00, 0x88, 0x58, 0xb9, 0x00, 0x03, 0x00, 0x00, 0x44, 0x59,
  0x1b, 0xb1, 0x27, 0x01, 0x88, 0x51, 0x58, 0xba, 0x08, 0x80, 0x00, 0x01,
  0x04, 0x40, 0x88, 0x63, 0x54, 0x58, 0xb9, 0x00, 0x03, 0x00, 0x00, 0x44,
  0x59, 0x59, 0x59, 0x59, 0x59, 0xb7, 0x2e, 0x02, 0x1e, 0x06, 0x14, 0x03,
  0x03, 0x0e, 0x2a, 0xb8, 0x01, 0xff, 0x85, 0xb0, 0x04, 0x8d, 0xb1, 0x02,
  0x00, 0x44, 0xb3, 0x05, 0x64, 0x06, 0x00, 0x44, 0x44, 0x00, 0x00, 0x00,
  0x00, 0x01, 0x00, 0x02, 0x00, 0x72, 0x00, 0x00, 0x00, 0x44, 0x00, 0x00,
  0x00, 0x0e, 0x00, 0x01, 0x00, 0x03, 0x00, 0x00, 0x00, 0x26, 0x00, 0x00,
  0x00, 0x16, 0x00, 0x00, 0x00, 0x10, 0x00, 0x01, 0x00, 0x01, 0x02, 0x34,
  0x00, 0x02, 0x00, 0x02, 0x02, 0x1c, 0x02, 0x28, 0x00, 0x00, 0x02, 0x2a,
  0x02, 0x33, 0x00, 0x0d, 0x00, 0x01, 0x00, 0x06, 0x02, 0x35, 0x02, 0x36,
  0x02, 0x37, 0x02, 0x38, 0x02, 0x3a, 0x02, 0x3b, 0x00, 0x0e, 0x00, 0x05,
  0x00, 0x26, 0x00, 0x18, 0x00, 0x18, 0x00, 0x26, 0x00, 0x26, 0x00, 0x02,
  0x00, 0x01, 0x01, 0x91, 0x01, 0x95, 0x00, 0x00, 0x00, 0x02, 0x00, 0x0a,
  0x00, 0x06, 0x00, 0x01, 0x04, 0x53, 0x00, 0x01, 0x02, 0x3f, 0x00, 0x01,
  0x00, 0x04, 0x00, 0x01, 0x02, 0x3e, 0x00, 0x02, 0x00, 0x16, 0x00, 0x01,
  0x00, 0x24, 0x00, 0x01, 0x00, 0x26, 0x00, 0x26, 0x00, 0x01, 0x00, 0x28,
  0x00, 0x45, 0x00, 0x01, 0x00, 0x47, 0x00, 0x61, 0x00, 0x01, 0x00, 0x63,
  0x00, 0x8b, 0x00, 0x01, 0x00, 0x8d, 0x00, 0x99, 0x00, 0x01, 0x00, 0x9b,
  0x00, 0x9b, 0x00, 0x01, 0x00, 0x9d, 0x00, 0xeb, 0x00, 0x01, 0x00, 0xed,
  0x00, 0xed, 0x00, 0x01, 0x00, 0xef, 0x01, 0x03, 0x00, 0x01, 0x01, 0x05,
  0x01, 0x0c, 0x00, 0x01, 0x01, 0x0e, 0x01, 0x1e, 0x00, 0x01, 0x01, 0x20,
  0x01, 0x2a, 0x00, 0x01, 0x01, 0x2c, 0x01, 0x53, 0x00, 0x01, 0x01, 0x56,
  0x01, 0x61, 0x00, 0x01, 0x01, 0x63, 0x01, 0x63, 0x00, 0x01, 0x01, 0x65,
  0x01, 0x90, 0x00, 0x01, 0x01, 0x91, 0x01, 0x95, 0x00, 0x02, 0x01, 0xef,
  0x01, 0xef, 0x00, 0x01, 0x01, 0xfe, 0x01, 0xfe, 0x00, 0x01, 0x02, 0x1c,
  0x02, 0x28, 0x00, 0x03, 0x02, 0x2a, 0x02, 0x3d, 0x00, 0x03, 0x00, 0x00,
  0x00, 0x00, 0x00, 0x0d, 0x00, 0xa2, 0x00, 0x03, 0x00, 0x01, 0x04, 0x09,
  0x00, 0x00, 0x01, 0x0e, 0x02, 0xc2, 0x00, 0x03, 0x00, 0x01, 0x04, 0x09,
  0x00, 0x01, 0x00, 0x16, 0x02, 0xac, 0x00, 0x03, 0x00, 0x01, 0x04, 0x09,
  0x00, 0x02, 0x00, 0x0e, 0x02, 0x9e, 0x00, 0x03, 0x00, 0x01, 0x04, 0x09,
  0x00, 0x03, 0x00, 0x3c, 0x02, 0x62, 0x00, 0x03, 0x00, 0x01, 0x04, 0x09,
  0x00, 0x04, 0x00, 0x26, 0x02, 0x3c, 0x00, 0x03, 0x00, 0x01, 0x04, 0x09,
  0x00, 0x05, 0x00, 0x74, 0x01, 0xc8, 0x00, 0x03, 0x00, 0x01, 0x04, 0x09,
  0x00, 0x06, 0x00, 0x26, 0x01, 0xa2, 0x00, 0x03, 0x00, 0x01, 0x04, 0x09,
  0x00, 0x08, 0x00, 0x18, 0x01, 0x8a, 0x00, 0x03, 0x00, 0x01, 0x04, 0x09,
  0x00, 0x09, 0x00, 0x18, 0x01, 0x8a, 0x00, 0x03, 0x00, 0x01, 0x04, 0x09,
  0x00, 0x0b, 0x00, 0x32, 0x01, 0x58, 0x00, 0x03, 0x00, 0x01, 0x04, 0x09,
  0x00, 0x0c, 0x00, 0x32, 0x01, 0x58, 0x00, 0x03, 0x00, 0x01, 0x04, 0x09,
  0x00, 0x0d, 0x01, 0x22, 0x00, 0x36, 0x00, 0x03, 0x00, 0x01, 0x04, 0x09,
  0x00, 0x0e, 0x00, 0x36, 0x00, 0x00, 0x00, 0x68, 0x00, 0x74, 0x00, 0x74,
  0x00, 0x70, 0x00, 0x73, 0x00, 0x3a, 0x00, 0x2f, 0x00, 0x2f, 0x00, 0x73,
  0x00, 0x63, 0x00, 0x72, 0x00, 0x69, 0x00, 0x70, 0x00, 0x74, 0x00, 0x73,
  0x00, 0x2e, 0x00, 0x73, 0x00, 0x69, 0x00, 0x6c, 0x00, 0x2e, 0x00, 0x6f,
  0x00, 0x72, 0x00, 0x67, 0x00, 0x2f, 0x00, 0x4f, 0x00, 0x46, 0x00, 0x4c,
  0x00, 0x54, 0x00, 0x68, 0x00, 0x69, 0x00, 0x73, 0x00, 0x20, 0x00, 0x46,
  0x00, 0x6f, 0x00, 0x6e, 0x00, 0x74, 0x00, 0x20, 0x00, 0x53, 0x00, 0x6f,
  0x00, 0x66, 0x00, 0x74, 0x00, 0x77, 0x00, 0x61, 0x00, 0x72, 0x00, 0x65,
  0x00, 0x20, 0x00, 0x69, 0x00, 0x73, 0x00, 0x20, 0x00, 0x6c, 0x00, 0x69,
  0x00, 0x63, 0x00, 0x65, 0x00, 0x6e, 0x00, 0x73, 0x00, 0x65, 0x00, 0x64,
  0x00, 0x20, 0x00, 0x75, 0x00, 0x6e, 0x00, 0x64, 0x00, 0x65, 0x00, 0x72,
  0x00, 0x20, 0x00, 0x74, 0x00, 0x68, 0x00, 0x65, 0x00, 0x20, 0x00, 0x53,
  0x00, 0x49, 0x00, 0x4c, 0x00, 0x20, 0x00, 0x4f, 0x00, 0x70, 0x00, 0x65,
  0x00, 0x6e, 0x00, 0x20, 0x00, 0x46, 0x00, 0x6f, 0x00, 0x6e, 0x00, 0x74,
  0x00, 0x20, 0x00, 0x4c, 0x00, 0x69, 0x00, 0x63, 0x00, 0x65, 0x00, 0x6e,
  0x00, 0x73, 0x00, 0x65, 0x00, 0x2c, 0x00, 0x20, 0x00, 0x56, 0x00, 0x65,
  0x00, 0x72, 0x00, 0x73, 0x00, 0x69, 0x00, 0x6f, 0x00, 0x6e, 0x00, 0x20,
  0x00, 0x31, 0x00, 0x2e, 0x00, 0x31, 0x00, 0x2e, 0x00, 0x20, 0x00, 0x54,
  0x00, 0x68, 0x00, 0x69, 0x00, 0x73, 0x00, 0x20, 0x00, 0x6c, 0x00, 0x69,
  0x00, 0x63, 0x00, 0x65, 0x00, 0x6e, 0x00, 0x73, 0x00, 0x65, 0x00, 0x20,
  0x00, 0x69, 0x00, 0x73, 0x00, 0x20, 0x00, 0x61, 0x00, 0x76, 0x00, 0x61,
  0x00, 0x69, 0x00, 0x6c, 0x00, 0x61, 0x00, 0x62, 0x00, 0x6c, 0x00, 0x65,
  0x00, 0x20, 0x00, 0x77, 0x00, 0x69, 0x00, 0x74, 0x00, 0x68, 0x00, 0x20,
  0x00, 0x61, 0x00, 0x20, 0x00, 0x46, 0x00, 0x41, 0x00, 0x51, 0x00, 0x20,
  0x00, 0x61, 0x00, 0x74, 0x00, 0x3a, 0x00, 0x20, 0x00, 0x68, 0x00, 0x74,
  0x00, 0x74, 0x00, 0x70, 0x00, 0x73, 0x00, 0x3a, 0x00, 0x2f, 0x00, 0x2f,
  0x00, 0x73, 0x00, 0x63, 0x00, 0x72, 0x00, 0x69, 0x00, 0x70, 0x00, 0x74,
  0x00, 0x73, 0x00, 0x2e, 0x00, 0x73, 0x00, 0x69, 0x00, 0x6c, 0x00, 0x2e,
  0x00, 0x6f, 0x00, 0x72, 0x00, 0x67, 0x00, 0x2f, 0x00, 0x4f, 0x00, 0x46,
  0x00, 0x4c, 0x00, 0x68, 0x00, 0x74, 0x00, 0x74, 0x00, 0x70, 0x00, 0x3a,
  0x00, 0x2f, 0x00, 0x2f, 0x00, 0x77, 0x00, 0x77, 0x00, 0x77, 0x00, 0x2e,
  0x00, 0x73, 0x00, 0x61, 0x00, 0x6e, 0x00, 0x73, 0x00, 0x6f, 0x00, 0x78,
  0x00, 0x79, 0x00, 0x67, 0x00, 0x65, 0x00, 0x6e, 0x00, 0x2e, 0x00, 0x63,
  0x00, 0x6f, 0x00, 0x6d, 0x00, 0x56, 0x00, 0x65, 0x00, 0x72, 0x00, 0x6e,
  0x00, 0x6f, 0x00, 0x6e, 0x00, 0x20, 0x00, 0x41, 0x00, 0x64, 0x00, 0x61,
  0x00, 0x6d, 0x00, 0x73, 0x00, 0x4d, 0x00, 0x65, 0x00, 0x74, 0x00, 0x72,
  0x00, 0x6f, 0x00, 0x70, 0x00, 0x68, 0x00, 0x6f, 0x00, 0x62, 0x00, 0x69,
  0x00, 0x63, 0x00, 0x2d, 0x00, 0x52, 0x00, 0x65, 0x00, 0x67, 0x00, 0x75,
  0x00, 0x6c, 0x00, 0x61, 0x00, 0x72, 0x00, 0x56, 0x00, 0x65, 0x00, 0x72,
  0x00, 0x73, 0x00, 0x69, 0x00, 0x6f, 0x00, 0x6e, 0x00, 0x20, 0x00, 0x33,
  0x00, 0x2e, 0x00, 0x32, 0x00, 0x30, 0x00, 0x30, 0x00, 0x3b, 0x00, 0x20,
  0x00, 0x74, 0x00, 0x74, 0x00, 0x66, 0x00, 0x61, 0x00, 0x75, 0x00, 0x74,
  0x00, 0x6f, 0x00, 0x68, 0x00, 0x69, 0x00, 0x6e, 0x00, 0x74, 0x00, 0x20,
  0x00, 0x28, 0x00, 0x76, 0x00, 0x31, 0x00, 0x2e, 0x00, 0x38, 0x00, 0x2e,
  0x00, 0x34, 0x00, 0x2e, 0x00, 0x37, 0x00, 0x2d, 0x00, 0x35, 0x00, 0x64,
  0x00, 0x35, 0x00, 0x62, 0x00, 0x29, 0x00, 0x3b, 0x00, 0x67, 0x00, 0x66,
  0x00, 0x74, 0x00, 0x6f, 0x00, 0x6f, 0x00, 0x6c, 0x00, 0x73, 0x00, 0x5b,
  0x00, 0x30, 0x00, 0x2e, 0x00, 0x39, 0x00, 0x2e, 0x00, 0x32, 0x00, 0x33,
  0x00, 0x5d, 0x00, 0x4d, 0x00, 0x65, 0x00, 0x74, 0x00, 0x72, 0x00, 0x6f,
  0x00, 0x70, 0x00, 0x68, 0x00, 0x6f, 0x00, 0x62, 0x00, 0x69, 0x00, 0x63,
  0x00, 0x20, 0x00, 0x52, 0x00, 0x65, 0x00, 0x67, 0x00, 0x75, 0x00, 0x6c,
  0x00, 0x61, 0x00, 0x72, 0x00, 0x33, 0x00, 0x2e, 0x00, 0x32, 0x00, 0x30,
  0x00, 0x30, 0x00, 0x3b, 0x00, 0x6e, 0x00, 0x65, 0x00, 0x77, 0x00, 0x74,
  0x00, 0x3b, 0x00, 0x4d, 0x00, 0x65, 0x00, 0x74, 0x00, 0x72, 0x00, 0x6f,
  0x00, 0x70, 0x00, 0x68, 0x00, 0x6f, 0x00, 0x62, 0x00, 0x69, 0x00, 0x63,
  0x00, 0x2d, 0x00, 0x52, 0x00, 0x65, 0x00, 0x67, 0x00, 0x75, 0x00, 0x6c,
  0x00, 0x61, 0x00, 0x72, 0x00, 0x52, 0x00, 0x65, 0x00, 0x67, 0x00, 0x75,
  0x00, 0x6c, 0x00, 0x61, 0x00, 0x72, 0x00, 0x4d, 0x00, 0x65, 0x00, 0x74,
  0x00, 0x72, 0x00, 0x6f, 0x00, 0x70, 0x00, 0x68, 0x00, 0x6f, 0x00, 0x62,
  0x00, 0x69, 0x00, 0x63, 0x00, 0x43, 0x00, 0x6f, 0x00, 0x70, 0x00, 0x79,
  0x00, 0x72, 0x00, 0x69, 0x00, 0x67, 0x00, 0x68, 0x00, 0x74, 0x00, 0x20,
  0x00, 0x32, 0x00, 0x30, 0x00, 0x31, 0x00, 0x31, 0x00, 0x20, 0x00, 0x54,
  0x00, 0x68, 0x00, 0x65, 0x00, 0x20, 0x00, 0x4d, 0x00, 0x65, 0x00, 0x74,
  0x00, 0x72, 0x00, 0x6f, 0x00, 0x70, 0x00, 0x68, 0x00, 0x6f, 0x00, 0x62,
  0x00, 0x69, 0x00, 0x63, 0x00, 0x20, 0x00, 0x50, 0x00, 0x72, 0x00, 0x6f,
  0x00, 0x6a, 0x00, 0x65, 0x00, 0x63, 0x00, 0x74, 0x00, 0x20, 0x00, 0x41,
  0x00, 0x75, 0x00, 0x74, 0x00, 0x68, 0x00, 0x6f, 0x00, 0x72, 0x00, 0x73,
  0x00, 0x20, 0x00, 0x28, 0x00, 0x68, 0x00, 0x74, 0x00, 0x74, 0x00, 0x70,
  0x00, 0x73, 0x00, 0x3a, 0x00, 0x2f, 0x00, 0x2f, 0x00, 0x67, 0x00, 0x69,
  0x00, 0x74, 0x00, 0x68, 0x00, 0x75, 0x00, 0x62, 0x00, 0x2e, 0x00, 0x63,
  0x00, 0x6f, 0x00, 0x6d, 0x00, 0x2f, 0x00, 0x67, 0x00, 0x6f, 0x00, 0x6f,
  0x00, 0x67, 0x00, 0x6c, 0x00, 0x65, 0x00, 0x66, 0x00, 0x6f, 0x00, 0x6e,
  0x00, 0x74, 0x00, 0x73, 0x00, 0x2f, 0x00, 0x4d, 0x00, 0x65, 0x00, 0x74,
  0x00, 0x72, 0x00, 0x6f, 0x00, 0x70, 0x00, 0x68, 0x00, 0x6f, 0x00, 0x62,
  0x00, 0x69, 0x00, 0x63, 0x00, 0x46, 0x00, 0x6f, 0x00, 0x6e, 0x00, 0x74,
  0x00, 0x29, 0x00, 0x2c, 0x00, 0x20, 0x00, 0x77, 0x00, 0x69, 0x00, 0x74,
  0x00, 0x68, 0x00, 0x20, 0x00, 0x52, 0x00, 0x65, 0x00, 0x73, 0x00, 0x65,
  0x00, 0x72, 0x00, 0x76, 0x00, 0x65, 0x00, 0x64, 0x00, 0x20, 0x00, 0x46,
  0x00, 0x6f, 0x00, 0x6e, 0x00, 0x74, 0x00, 0x20, 0x00, 0x4e, 0x00, 0x61,
  0x00, 0x6d, 0x00, 0x65, 0x00, 0x20, 0x00, 0x27, 0x00, 0x4d, 0x00, 0x65,
  0x00, 0x74, 0x00, 0x72, 0x00, 0x6f, 0x00, 0x70, 0x00, 0x68, 0x00, 0x6f,
  0x00, 0x62, 0x00, 0x69, 0x00, 0x63, 0x00, 0x27, 0x00, 0x2e, 0x00, 0x00,
  0x00, 0x00, 0x00, 0x2a, 0x00, 0x6c, 0x00, 0x7e, 0x00, 0x90, 0x00, 0xaa,
  0x00, 0xc0, 0x00, 0xda, 0x00, 0xf4, 0x01, 0x0e, 0x01, 0x20, 0x01, 0x3a,
  0x01, 0x50, 0x01, 0x6a, 0x01, 0x84, 0x01, 0x9e, 0x01, 0xb0, 0x01, 0xc2,
  0x01, 0xce, 0x01, 0xe0, 0x01, 0xf2, 0x02, 0x04, 0x02, 0x16, 0x02, 0x28,
  0x02, 0x3a, 0x02, 0x54, 0x02, 0x66, 0x02, 0xc2, 0x02, 0xd4, 0x03, 0x3a,
  0x03, 0xb1, 0x03, 0xc3, 0x03, 0xd5, 0x03, 0xe7, 0x03, 0xf9, 0x04, 0x0b,
  0x04, 0x5a, 0x04, 0x70, 0x04, 0xcd, 0x04, 0xdf, 0x05, 0x42, 0x05, 0x52,
  0x05, 0x95, 0x05, 0xa7, 0x05, 0xb9, 0x05, 0xcb, 0x05, 0xdd, 0x05, 0xf7,
  0x06, 0x0d, 0x06, 0x27, 0x06, 0x41, 0x06, 0x5b, 0x06, 0x6d, 0x06, 0x7f,
  0x06, 0x91, 0x06, 0x9d, 0x06, 0xaf, 0x06, 0xc1, 0x06, 0xd3, 0x06, 0xe5,
  0x06, 0xf7, 0x07, 0x09, 0x07, 0x8e, 0x07, 0xc9, 0x08, 0x5a, 0x08, 0x6c,
  0x08, 0x7e, 0x08, 0x90, 0x08, 0x9c, 0x08, 0xae, 0x08, 0xe9, 0x09, 0x41,
  0x09, 0x53, 0x09, 0x8f, 0x09, 0x9b, 0x09, 0xad, 0x09, 0xbf, 0x09, 0xd1,
  0x09, 0xe3, 0x09, 0xf5, 0x0a, 0x07, 0x0a, 0x13, 0x0a, 0x25, 0x0a, 0x37,
  0x0a, 0x49, 0x0a, 0x5b, 0x0a, 0x6d, 0x0a, 0x7f, 0x0a, 0xbb, 0x0a, 0xcd,
  0x0b, 0x28, 0x0b, 0x34, 0x0b, 0x5d, 0x0b, 0x69, 0x0b, 0x7b, 0x0b, 0x8d,
  0x0b, 0x99, 0x0b, 0xab, 0x0b, 0xb7, 0x0b, 0xf4, 0x0c, 0x3f, 0x0c, 0x7e,
  0x0c, 0x8a, 0x0c, 0x9c, 0x0c, 0xae, 0x0c, 0xba, 0x0c, 0xc6, 0x0c, 0xd8,
  0x0d, 0x3a, 0x0d, 0xa8, 0x0d, 0xba, 0x0d, 0xcc, 0x0d, 0xde, 0x0d, 0xf8,
  0x0e, 0x0e, 0x0e, 0x28, 0x0e, 0x42, 0x0e, 0x5c, 0x0e, 0x6e, 0x0e, 0x80,
  0x0e, 0x9a, 0x0e, 0xb4, 0x0e, 0xc0, 0x0e, 0xd2, 0x0e, 0xe4, 0x0e, 0xf6,
  0x0f, 0x10, 0x0f, 0x26, 0x0f, 0x40, 0x0f, 0x5a, 0x0f, 0x74, 0x0f, 0x86,
  0x0f, 0x98, 0x0f, 0xaa, 0x0f, 0xbc, 0x0f, 0xce, 0x0f, 0xe8, 0x0f, 0xfa,
  0x10, 0x14, 0x10, 0x79, 0x10, 0xc8, 0x11, 0x1d, 0x11, 0xa2, 0x12, 0x03,
  0x12, 0x15, 0x12, 0x27, 0x12, 0x33, 0x12, 0x45, 0x12, 0x57, 0x12, 0xc2,
  0x12, 0xd4, 0x12, 0xe6, 0x12, 0xf2, 0x13, 0x04, 0x13, 0x10, 0x13, 0x82,
  0x13, 0xb3, 0x13, 0xfb, 0x14, 0x0d, 0x14, 0x19, 0x14, 0x25, 0x14, 0x61,
  0x14, 0x73, 0x14, 0x85, 0x14, 0x97, 0x14, 0xa9, 0x14, 0xbb, 0x14, 0xc7,
  0x14, 0xd9, 0x14, 0xeb, 0x14, 0xfd, 0x15, 0x17, 0x15, 0x2d, 0x15, 0x47,
  0x15, 0x61, 0x15, 0x7b, 0x15, 0x8d, 0x15, 0x9f, 0x15, 0xb1, 0x15, 0xc3,
  0x15, 0xd5, 0x15, 0xe7, 0x16, 0x19, 0x16, 0x64, 0x16, 0x76, 0x16, 0x88,
  0x16, 0x9a, 0x16, 0xac, 0x16, 0xe7, 0x17, 0x23, 0x17, 0x35, 0x17, 0x47,
  0x17, 0x59, 0x17, 0x65, 0x17, 0x77, 0x17, 0x89, 0x17, 0x9b, 0x17, 0xad,
  0x17, 0xed, 0x17, 0xff, 0x18, 0x11, 0x18, 0x23, 0x18, 0x84, 0x18, 0x90,
  0x18, 0x9c, 0x18, 0xb2, 0x18, 0xc2, 0x18, 0xd8, 0x18, 0xee, 0x19, 0x04,
  0x19, 0x10, 0x19, 0x26, 0x19, 0x36, 0x19, 0x4c, 0x19, 0x62, 0x19, 0x78,
  0x19, 0x84, 0x19, 0x90, 0x19, 0x9c, 0x19, 0xa8, 0x19, 0xb4, 0x19, 0xc0,
  0x19, 0xcc, 0x19, 0xde, 0x19, 0xea, 0x1a, 0x00, 0x1a, 0x0c, 0x1a, 0x9c,
  0x1a, 0xa8, 0x1b, 0x28, 0x1b, 0x6e, 0x1b, 0x7a, 0x1b, 0x86, 0x1b, 0x92,
  0x1b, 0x9e, 0x1b, 0xaa, 0x1c, 0x2a, 0x1c, 0xcf, 0x1c, 0xdb, 0x1d, 0x74,
  0x1d, 0x84, 0x1d, 0xd5, 0x1d, 0xe1, 0x1d, 0xed, 0x1d, 0xf9, 0x1e, 0x05,
  0x1e, 0x1b, 0x1e, 0x2b, 0x1e, 0x41, 0x1e, 0x57, 0x1e, 0x6d, 0x1e, 0x79,
  0x1e, 0x85, 0x1e, 0x91, 0x1e, 0x9d, 0x1e, 0xa9, 0x1e, 0xb5, 0x1e, 0xc1,
  0x1e, 0xcd, 0x1e, 0xdf, 0x1e, 0xeb, 0x1f, 0x3f, 0x1f, 0x92, 0x20, 0xd1,
  0x20, 0xdd, 0x20, 0xe9, 0x20, 0xf5, 0x21, 0x01, 0x21, 0x0d, 0x21, 0x55,
  0x21, 0xb0, 0x21, 0xc2, 0x21, 0xf2, 0x22, 0x12, 0x22, 0x1e, 0x22, 0x2a,
  0x22, 0x36, 0x22, 0x42, 0x22, 0x4e, 0x22, 0x5a, 0x22, 0x66, 0x22, 0x72,
  0x22, 0x7e, 0x22, 0x8a, 0x22, 0x96, 0x22, 0xa2, 0x22, 0xb2, 0x22, 0xbe,
  0x22, 0xf3, 0x23, 0x1d, 0x23, 0x29, 0x23, 0x82, 0x23, 0x8e, 0x23, 0xe2,
  0x24, 0x06, 0x24, 0x18, 0x24, 0x24, 0x24, 0x30, 0x24, 0x42, 0x24, 0x4e,
  0x24, 0x82, 0x24, 0xf1, 0x25, 0x47, 0x25, 0x53, 0x25, 0x5f, 0x25, 0x6b,
  0x25, 0x77, 0x25, 0x83, 0x25, 0xfc, 0x26, 0x44, 0x26, 0x50, 0x26, 0x5c,
  0x26, 0x68, 0x26, 0x7e, 0x26, 0x8e, 0x26, 0xa4, 0x26, 0xba, 0x26, 0xd0,
  0x26, 0xdc, 0x26, 0xe8, 0x26, 0xfe, 0x27, 0x14, 0x27, 0x20, 0x27, 0x2c,
  0x27, 0x38, 0x27, 0x4a, 0x27, 0x60, 0x27, 0x76, 0x27, 0x8c, 0x27, 0xa2,
  0x27, 0xb8, 0x27, 0xc4, 0x27, 0xd0, 0x27, 0xdc, 0x27, 0xee, 0x28, 0x59,
  0x28, 0x65, 0x28, 0x71, 0x28, 0x87, 0x29, 0x0d, 0x29, 0x77, 0x29, 0xcd,
  0x2a, 0x38, 0x2a, 0x87, 0x2a, 0x93, 0x2a, 0x9f, 0x2a, 0xab, 0x2a, 0xb7,
  0x2a, 0xc3, 0x2b, 0x14, 0x2b, 0x20, 0x2b, 0x2c, 0x2b, 0x38, 0x2b, 0x44,
  0x2b, 0x50, 0x2b, 0xff, 0x2c, 0x3e, 0x2c, 0x8d, 0x2c, 0x9d, 0x2c, 0xa9,
  0x2c, 0xb5, 0x2d, 0x0e, 0x2d, 0x1a, 0x2d, 0x26, 0x2d, 0x32, 0x2d, 0x3e,
  0x2d, 0x4a, 0x2d, 0x56, 0x2d, 0x62, 0x2d, 0x6e, 0x2d, 0x80, 0x2d, 0x96,
  0x2d, 0xac, 0x2d, 0xc2, 0x2d, 0xd8, 0x2d, 0xee, 0x2d, 0xfa, 0x2e, 0x06,
  0x2e, 0x12, 0x2e, 0x24, 0x2e, 0x30, 0x2e, 0x3c, 0x2e, 0x6e, 0x2e, 0xb4,
  0x2e, 0xc0, 0x2e, 0xcc, 0x2e, 0xd8, 0x2e, 0xe4, 0x2f, 0x24, 0x2f, 0x88,
  0x2f, 0x94, 0x2f, 0xa0, 0x2f, 0xac, 0x2f, 0xb8, 0x2f, 0xc4, 0x2f, 0xd0,
  0x2f, 0xdc, 0x2f, 0xe8, 0x30, 0x28, 0x30, 0x34, 0x30, 0x40, 0x30, 0x4c,
  0x30, 0xbc, 0x31, 0x47, 0x31, 0xc5, 0x32, 0x30, 0x32, 0x92, 0x32, 0xf6,
  0x33, 0x34, 0x33, 0x83, 0x33, 0xb6, 0x34, 0x15, 0x34, 0x3e, 0x34, 0xaa,
  0x35, 0x20, 0x35, 0x69, 0x35, 0xb6, 0x36, 0x2b, 0x36, 0x68, 0x36, 0xe3,
  0x37, 0x57, 0x37, 0x7d, 0x37, 0x93, 0x37, 0xa9, 0x37, 0xbf, 0x37, 0xe9,
  0x38, 0x40, 0x38, 0xae, 0x38, 0xf5, 0x38, 0xf5, 0x38, 0xf5, 0x38, 0xf5,
  0x39, 0x13, 0x39, 0x32, 0x39, 0x55, 0x39, 0x7c, 0x39, 0xb8, 0x39, 0xf9,
  0x3a, 0x46, 0x3a, 0x7c, 0x3a, 0xb3, 0x3b, 0x28, 0x3b, 0x86, 0x3b, 0xac,
  0x3b, 0xce, 0x3c, 0x08, 0x3c, 0x7b, 0x3c, 0x95, 0x3c, 0xab, 0x3c, 0xd1,
  0x3c, 0xf7, 0x3d, 0x13, 0x3d, 0x1b, 0x3d, 0x35, 0x3d, 0x4f, 0x3d, 0x57,
  0x3d, 0x74, 0x3d, 0xb7, 0x3d, 0xfa, 0x3e, 0x45, 0x3e, 0x90, 0x3e, 0xb4,
  0x3e, 0xd6, 0x3e, 0xfd, 0x3f, 0x3c, 0x3f, 0x7f, 0x3f, 0xbf, 0x3f, 0xe9,
  0x40, 0x11, 0x40, 0x3b, 0x40, 0x63, 0x40, 0x7c, 0x40, 0x94, 0x40, 0xd7,
  0x40, 0xff, 0x41, 0x5a, 0x42, 0x21, 0x42, 0xa3, 0x42, 0xd8, 0x44, 0x3c,
  0x44, 0xc1, 0x45, 0x4f, 0x45, 0xa1, 0x45, 0xea, 0x46, 0x12, 0x46, 0x55,
  0x46, 0x6e, 0x46, 0x92, 0x46, 0xc2, 0x47, 0x06, 0x47, 0xba, 0x48, 0x3c,
  0x48, 0xb5, 0x49, 0x70, 0x49, 0xde, 0x4a, 0x70, 0x4b, 0x19, 0x4b, 0xd0,
  0x4c, 0x1f, 0x4c, 0xd4, 0x4d, 0x32, 0x4e, 0x0b, 0x4e, 0x6c, 0x4e, 0xb3,
  0x4f, 0x50, 0x4f, 0xd5, 0x50, 0x6d, 0x50, 0xd9, 0x51, 0x30, 0x51, 0xec,
  0x52, 0xb2, 0x53, 0x15, 0x53, 0x38, 0x53, 0x82, 0x53, 0x95, 0x53, 0xc1,
  0x53, 0xdb, 0x54, 0x00, 0x54, 0x34, 0x54, 0x59, 0x54, 0x9a, 0x54, 0xb2,
  0x54, 0xca, 0x54, 0xfa, 0x55, 0x2b, 0x55, 0x74, 0x55, 0xef, 0x56, 0x37,
  0x56, 0x56, 0x56, 0x7f, 0x56, 0xeb, 0x57, 0x21, 0x57, 0x4c, 0x57, 0x77,
  0x57, 0xab, 0x57, 0xd9, 0x58, 0x39, 0x58, 0x99, 0x59, 0x70, 0x5a, 0x7b,
  0x5a, 0xa5, 0x5a, 0xb7, 0x5a, 0xc9, 0x5a, 0xdb, 0x5a, 0xed, 0x5a, 0xff,
  0x5b, 0x11, 0x5b, 0x23, 0x5b, 0x35, 0x5b, 0x75, 0x5b, 0x9f, 0x5b, 0xbd,
  0x5b, 0xd7, 0x5b, 0xff, 0x5c, 0x28, 0x5c, 0x4a, 0x5c, 0x70, 0x5c, 0x9e,
  0x5c, 0xd9, 0x5d, 0x34, 0x5d, 0x51, 0x5d, 0xa0, 0x5d, 0xd0, 0x5d, 0xfe,
  0x5e, 0x2c, 0x5e, 0x52, 0x5e, 0x7c, 0x5e, 0xbc, 0x5e, 0xea, 0x5f, 0x3b,
  0x5f, 0x71, 0x5f, 0x9e, 0x5f, 0xbb, 0x5f, 0xd8, 0x5f, 0xf6, 0x5f, 0xfe,
  0x60, 0x06, 0x60, 0x0e, 0x60, 0x16, 0x60, 0x1e, 0x60, 0x26, 0x60, 0x2e,
  0x60, 0x36, 0x60, 0x3e, 0x60, 0x46, 0x60, 0x4e, 0x60, 0x56, 0x60, 0x5e,
  0x60, 0x66, 0x60, 0x77, 0x60, 0x9e, 0x60, 0xb8, 0x00, 0x01, 0x00, 0x00,
  0x00, 0x0a, 0x01, 0x28, 0x01, 0xfa, 0x00, 0x02, 0x44, 0x46, 0x4c, 0x54,
  0x01, 0x06, 0x6c, 0x61, 0x74, 0x6e, 0x00, 0x0e, 0x00, 0xe4, 0x00, 0x08,
  0x41, 0x5a, 0x45, 0x20, 0x00, 0xce, 0x43, 0x41, 0x54, 0x20, 0x00, 0xb8,
  0x43, 0x52, 0x54, 0x20, 0x00, 0xa2, 0x4b, 0x41, 0x5a, 0x20, 0x00, 0x8c,
  0x4d, 0x4f, 0x4c, 0x20, 0x00, 0x76, 0x52, 0x4f, 0x4d, 0x20, 0x00, 0x60,
  0x54, 0x41, 0x54, 0x20, 0x00, 0x4a, 0x54, 0x52, 0x4b, 0x20, 0x00, 0x34,
  0x00, 0x00, 0xff, 0xff, 0x00, 0x08, 0x00, 0x00, 0x00, 0x01, 0x00, 0x02,
  0x00, 0x04, 0x00, 0x05, 0x00, 0x0d, 0x00, 0x0e, 0x00, 0x0f, 0x00, 0x00,
  0xff, 0xff, 0x00, 0x08, 0x00, 0x00, 0x00, 0x01, 0x00, 0x02, 0x00, 0x04,
  0x00, 0x05, 0x00, 0x0c, 0x00, 0x0e, 0x00, 0x0f, 0x00, 0x00, 0xff, 0xff,
  0x00, 0x08, 0x00, 0x00, 0x00, 0x01, 0x00, 0x02, 0x00, 0x04, 0x00, 0x05,
  0x00, 0x0b, 0x00, 0x0e, 0x00, 0x0f, 0x00, 0x00, 0xff, 0xff, 0x00, 0x08,
  0x00, 0x00, 0x00, 0x01, 0x00, 0x02, 0x00, 0x04, 0x00, 0x05, 0x00, 0x0a,
  0x00, 0x0e, 0x00, 0x0f, 0x00, 0x00, 0xff, 0xff, 0x00, 0x08, 0x00, 0x00,
  0x00, 0x01, 0x00, 0x02, 0x00, 0x04, 0x00, 0x05, 0x00, 0x09, 0x00, 0x0e,
  0x00, 0x0f, 0x00, 0x00, 0xff, 0xff, 0x00, 0x08, 0x00, 0x00, 0x00, 0x01,
  0x00, 0x02, 0x00, 0x04, 0x00, 0x05, 0x00, 0x08, 0x00, 0x0e, 0x00, 0x0f,
  0x00, 0x00, 0xff, 0xff, 0x00, 0x08, 0x00, 0x00, 0x00, 0x01, 0x00, 0x02,
  0x00, 0x04, 0x00, 0x05, 0x00, 0x07, 0x00, 0x0e, 0x00, 0x0f, 0x00, 0x00,
  0xff, 0xff, 0x00, 0x08, 0x00, 0x00, 0x00, 0x01, 0x00, 0x02, 0x00, 0x04,
  0x00, 0x05, 0x00, 0x06, 0x00, 0x0e, 0x00, 0x0f, 0x00, 0x00, 0xff, 0xff,
  0x00, 0x07, 0x00, 0x00, 0x00, 0x01, 0x00, 0x03, 0x00, 0x04, 0x00, 0x05,
  0x00, 0x0e, 0x00, 0x0f, 0x00, 0x04, 0x00, 0x00, 0x00, 0x00, 0xff, 0xff,
  0x00, 0x07, 0x00, 0x00, 0x00, 0x01, 0x00, 0x02, 0x00, 0x04, 0x00, 0x05,
  0x00, 0x0e, 0x00, 0x0f, 0x00, 0x10, 0x61, 0x61, 0x6c, 0x74, 0x00, 0xca,
  0x63, 0x61, 0x73, 0x65, 0x00, 0xc4, 0x63, 0x63, 0x6d, 0x70, 0x00, 0xba,
  0x63, 0x63, 0x6d, 0x70, 0x00, 0xac, 0x66, 0x72, 0x61, 0x63, 0x00, 0xa6,
  0x6c, 0x69, 0x67, 0x61, 0x00, 0xa0, 0x6c, 0x6f, 0x63, 0x6c, 0x00, 0x9a,
  0x6c, 0x6f, 0x63, 0x6c, 0x00, 0x94, 0x6c, 0x6f, 0x63, 0x6c, 0x00, 0x8e,
  0x6c, 0x6f, 0x63, 0x6c, 0x00, 0x88, 0x6c, 0x6f, 0x63, 0x6c, 0x00, 0x82,
  0x6c, 0x6f, 0x63, 0x6c, 0x00, 0x7c, 0x6c, 0x6f, 0x63, 0x6c, 0x00, 0x76,
  0x6c, 0x6f, 0x63, 0x6c, 0x00, 0x70, 0x6f, 0x72, 0x64, 0x6e, 0x00, 0x68,
  0x73, 0x75, 0x70, 0x73, 0x00, 0x62, 0x00, 0x00, 0x00, 0x01, 0x00, 0x11,
  0x00, 0x00, 0x00, 0x02, 0x00, 0x13, 0x00, 0x15, 0x00, 0x00, 0x00, 0x01,
  0x00, 0x0b, 0x00, 0x00, 0x00, 0x01, 0x00, 0x0a, 0x00, 0x00, 0x00, 0x01,
  0x00, 0x0c, 0x00, 0x00, 0x00, 0x01, 0x00, 0x0d, 0x00, 0x00, 0x00, 0x01,
  0x00, 0x09, 0x00, 0x00, 0x00, 0x01, 0x00, 0x08, 0x00, 0x00, 0x00, 0x01,
  0x00, 0x0e, 0x00, 0x00, 0x00, 0x01, 0x00, 0x07, 0x00, 0x00, 0x00, 0x01,
  0x00, 0x17, 0x00, 0x00, 0x00, 0x01, 0x00, 0x12, 0x00, 0x00, 0x00, 0x05,
  0x00, 0x02, 0x00, 0x05, 0x00, 0x06, 0x00, 0x05, 0x00, 0x06, 0x00, 0x00,
  0x00, 0x03, 0x00, 0x02, 0x00, 0x05, 0x00, 0x06, 0x00, 0x00, 0x00, 0x01,
  0x00, 0x16, 0x00, 0x00, 0x00, 0x02, 0x00, 0x00, 0x00, 0x01, 0x00, 0x18,
  0x03, 0x5c, 0x03, 0x40, 0x02, 0xe8, 0x02, 0xda, 0x02, 0xda, 0x02, 0x50,
  0x01, 0xf2, 0x01, 0xde, 0x01, 0xde, 0x01, 0xde, 0x01, 0xde, 0x01, 0xde,
  0x01, 0xbc, 0x01, 0xbc, 0x01, 0x86, 0x01, 0x78, 0x01, 0x6a, 0x01, 0x52,
  0x01, 0x16, 0x00, 0xce, 0x00, 0xac, 0x00, 0x8a, 0x00, 0x76, 0x00, 0x32,
  0x00, 0x04, 0x00, 0x08, 0x00, 0x01, 0x00, 0x08, 0x00, 0x01, 0x00, 0x36,
  0x00, 0x01, 0x00, 0x08, 0x00, 0x05, 0x00, 0x26, 0x00, 0x1e, 0x00, 0x18,
  0x00, 0x12, 0x00, 0x0c, 0x01, 0x95, 0x00, 0x02, 0x01, 0x25, 0x01, 0x94,
  0x00, 0x02, 0x01, 0x0f, 0x01, 0x91, 0x00, 0x02, 0x01, 0x05, 0x01, 0x93,
  0x00, 0x03, 0x01, 0x05, 0x01, 0x25, 0x01, 0x92, 0x00, 0x03, 0x01, 0x05,
  0x01, 0x0f, 0x00, 0x01, 0x00, 0x01, 0x01, 0x05, 0x00, 0x01, 0x00, 0x00,
  0x00, 0x01, 0x00, 0x08, 0x00, 0x01, 0x00, 0x06, 0x00, 0x01, 0x00, 0x01,
  0x00, 0x01, 0x01, 0xc0, 0x00, 0x04, 0x00, 0x00, 0x00, 0x01, 0x00, 0x08,
  0x00, 0x01, 0x00, 0x14, 0x00, 0x01, 0x00, 0x08, 0x00, 0x01, 0x00, 0x04,
  0x01, 0xe9, 0x00, 0x03, 0x01, 0x34, 0x01, 0xb1, 0x00, 0x01, 0x00, 0x01,
  0x00, 0x64, 0x00, 0x01, 0x00, 0x00, 0x00, 0x01, 0x00, 0x08, 0x00, 0x02,
  0x00, 0x0e, 0x00, 0x04, 0x01, 0x96, 0x01, 0x97, 0x01, 0x96, 0x01, 0x97,
  0x00, 0x01, 0x00, 0x04, 0x00, 0x01, 0x00, 0x6c, 0x00, 0xc9, 0x01, 0x34,
  0x00, 0x06, 0x00, 0x00, 0x00, 0x02, 0x00, 0x24, 0x00, 0x0a, 0x00, 0x03,
  0x00, 0x01, 0x00, 0x34, 0x00, 0x01, 0x00, 0x12, 0x00, 0x00, 0x00, 0x01,
  0x00, 0x00, 0x00, 0x14, 0x00, 0x01, 0x00, 0x02, 0x00, 0x6c, 0x01, 0x34,
  0x00, 0x03, 0x00, 0x01, 0x00, 0x1a, 0x00, 0x01, 0x00, 0x12, 0x00, 0x00,
  0x00, 0x01, 0x00, 0x00, 0x00, 0x14, 0x00, 0x01, 0x00, 0x02, 0x00, 0x01,
  0x00, 0xc9, 0x00, 0x02, 0x00, 0x01, 0x01, 0x9a, 0x01, 0xa3, 0x00, 0x00,
  0x00, 0x04, 0x00, 0x00, 0x00, 0x01, 0x00, 0x08, 0x00, 0x01, 0x00, 0x2c,
  0x00, 0x02, 0x00, 0x16, 0x00, 0x0a, 0x00, 0x01, 0x00, 0x04, 0x01, 0xa7,
  0x00, 0x03, 0x01, 0xbe, 0x01, 0x9e, 0x00, 0x02, 0x00, 0x0e, 0x00, 0x06,
  0x01, 0xa5, 0x00, 0x03, 0x01, 0xbe, 0x01, 0x9c, 0x01, 0xa6, 0x00, 0x03,
  0x01, 0xbe, 0x01, 0x9e, 0x00, 0x01, 0x00, 0x02, 0x01, 0x9b, 0x01, 0x9d,
  0x00, 0x01, 0x00, 0x00, 0x00, 0x01, 0x00, 0x08, 0x00, 0x01, 0x00, 0x06,
  0x00, 0x0d, 0x00, 0x02, 0x00, 0x01, 0x01, 0x9b, 0x01, 0x9e, 0x00, 0x00,
  0x00, 0x01, 0x00, 0x00, 0x00, 0x01, 0x00, 0x08, 0x00, 0x01, 0x01, 0xde,
  0x00, 0x07, 0x00, 0x01, 0x00, 0x00, 0x00, 0x01, 0x00, 0x08, 0x00, 0x01,
  0x01, 0xd0, 0x00, 0x06, 0x00, 0x06, 0x00, 0x00, 0x00, 0x01, 0x00, 0x08,
  0x00, 0x01, 0x01, 0xc2, 0x00, 0x01, 0x00, 0x08, 0x00, 0x02, 0x00, 0x16,
  0x00, 0x06, 0x00, 0x01, 0x00, 0x5b, 0x00, 0x01, 0x00, 0x01, 0x00, 0x5b,
  0x00, 0x01, 0x00, 0x00, 0x00, 0x10, 0x00, 0x01, 0x01, 0x25, 0x00, 0x01,
  0x00, 0x01, 0x01, 0x25, 0x00, 0x01, 0x00, 0x00, 0x00, 0x0f, 0x00, 0x01,
  0x00, 0x00, 0x00, 0x01, 0x00, 0x08, 0x00, 0x02, 0x00, 0x0e, 0x00, 0x04,
  0x00, 0x99, 0x00, 0x9f, 0x01, 0x61, 0x01, 0x67, 0x00, 0x01, 0x00, 0x04,
  0x00, 0x97, 0x00, 0x9e, 0x01, 0x5f, 0x01, 0x66, 0x00, 0x01, 0x00, 0x00,
  0x00, 0x01, 0x00, 0x08, 0x00, 0x01, 0x00, 0x06, 0x00, 0x07, 0x00, 0x01,
  0x00, 0x01, 0x01, 0x0f, 0x00, 0x04, 0x00, 0x00, 0x00, 0x01, 0x00, 0x08,
  0x00, 0x01, 0x00, 0x4e, 0x00, 0x02, 0x00, 0x2c, 0x00, 0x0a, 0x00, 0x04,
  0x00, 0x1c, 0x00, 0x16, 0x00, 0x10, 0x00, 0x0a, 0x02, 0x1f, 0x00, 0x02,
  0x02, 0x2e, 0x02, 0x1e, 0x00, 0x02, 0x02, 0x30, 0x02, 0x1d, 0x00, 0x02,
  0x02, 0x26, 0x02, 0x1c, 0x00, 0x02, 0x02, 0x27, 0x00, 0x04, 0x00, 0x1c,
  0x00, 0x16, 0x00, 0x10, 0x00, 0x0a, 0x02, 0x23, 0x00, 0x02, 0x02, 0x2e,
  0x02, 0x22, 0x00, 0x02, 0x02, 0x30, 0x02, 0x21, 0x00, 0x02, 0x02, 0x26,
  0x02, 0x20, 0x00, 0x02, 0x02, 0x27, 0x00, 0x01, 0x00, 0x02, 0x02, 0x2a,
  0x02, 0x2c, 0x00, 0x02, 0x00, 0x00, 0x00, 0x01, 0x00, 0x08, 0x00, 0x01,
  0x00, 0x1e, 0x00, 0x0c, 0x00, 0x7c, 0x00, 0x76, 0x00, 0x70, 0x00, 0x6a,
  0x00, 0x64, 0x00, 0x5e, 0x00, 0x58, 0x00, 0x52, 0x00, 0x4c, 0x00, 0x46,
  0x00, 0x40, 0x00, 0x3a, 0x00, 0x01, 0x00, 0x0c, 0x00, 0x24, 0x00, 0x28,
  0x00, 0x5c, 0x00, 0x60, 0x00, 0x61, 0x00, 0x65, 0x00, 0x69, 0x00, 0xef,
  0x01, 0x2a, 0x01, 0x31, 0x01, 0x94, 0x01, 0x95, 0x00, 0x02, 0x01, 0x05,
  0x01, 0x25, 0x00, 0x02, 0x01, 0x05, 0x01, 0x0f, 0x00, 0x02, 0x01, 0x2d,
  0x01, 0x1f, 0x00, 0x02, 0x01, 0x25, 0x01, 0x1f, 0x00, 0x02, 0x00, 0xeb,
  0x01, 0x8f, 0x00, 0x02, 0x00, 0x64, 0x01, 0x1f, 0x00, 0x02, 0x00, 0x64,
  0x00, 0x57, 0x00, 0x02, 0x00, 0x5b, 0x01, 0x1f, 0x00, 0x02, 0x00, 0x5b,
  0x01, 0xc1, 0x00, 0x02, 0x00, 0x5b, 0x00, 0x57, 0x00, 0x02, 0x00, 0x23,
  0x01, 0x8f, 0x00, 0x02, 0x00, 0x23, 0x00, 0xc7, 0x00, 0x01, 0x00, 0x00,
  0x00, 0x01, 0x00, 0x08, 0x00, 0x01, 0x00, 0x56, 0x00, 0x01, 0x00, 0x06,
  0x00, 0x00, 0x00, 0x02, 0x00, 0x2e, 0x00, 0x0a, 0x00, 0x03, 0x00, 0x00,
  0x00, 0x01, 0x00, 0x46, 0x00, 0x02, 0x00, 0x14, 0x00, 0x36, 0x00, 0x01,
  0x00, 0x00, 0x00, 0x04, 0x00, 0x02, 0x00, 0x02, 0x02, 0x34, 0x02, 0x36,
  0x00, 0x00, 0x02, 0x38, 0x02, 0x3d, 0x00, 0x03, 0x00, 0x03, 0x00, 0x00,
  0x00, 0x01, 0x00, 0x22, 0x00, 0x01, 0x00, 0x12, 0x00, 0x01, 0x00, 0x00,
  0x00, 0x03, 0x00, 0x02, 0x00, 0x02, 0x02, 0x24, 0x02, 0x28, 0x00, 0x00,
  0x02, 0x2a, 0x02, 0x33, 0x00, 0x05, 0x00, 0x01, 0x00, 0x02, 0x01, 0x0f,
  0x01, 0x1f, 0x00, 0x03, 0x00, 0x00, 0x00, 0x01, 0x00, 0x08, 0x00, 0x01,
  0x00, 0x08, 0x00, 0x01, 0x00, 0x0e, 0x00, 0x01, 0x00, 0x01, 0x01, 0xba,
  0x00, 0x02, 0x01, 0xc0, 0x01, 0xc1, 0x00, 0x01, 0x00, 0x00, 0x00, 0x01,
  0x00, 0x08, 0x00, 0x02, 0x00, 0x22, 0x00, 0x0e, 0x01, 0x96, 0x01, 0x97,
  0x00, 0x99, 0x00, 0x9f, 0x01, 0x96, 0x01, 0x16, 0x01, 0x97, 0x01, 0x61,
  0x01, 0x67, 0x01, 0xa8, 0x01, 0xa9, 0x01, 0xaa, 0x01, 0xab, 0x01, 0xc1,
  0x00, 0x01, 0x00, 0x0e, 0x00, 0x01, 0x00, 0x6c, 0x00, 0x97, 0x00, 0x9e,
  0x00, 0xc9, 0x01, 0x0f, 0x01, 0x34, 0x01, 0x5f, 0x01, 0x66, 0x01, 0x9b,
  0x01, 0x9c, 0x01, 0x9d, 0x01, 0x9e, 0x01, 0xc0, 0x00, 0x00, 0x00, 0x02,
  0x00, 0x00, 0x00, 0x03, 0x00, 0x00, 0x00, 0x14, 0x00, 0x03, 0x00, 0x01,
  0x00, 0x00, 0x00, 0x14, 0x00, 0x04, 0x06, 0x74, 0x00, 0x00, 0x00, 0x9a,
  0x00, 0x80, 0x00, 0x06, 0x00, 0x1a, 0x00, 0x0d, 0x00, 0x2f, 0x00, 0x39,
  0x00, 0x7e, 0x01, 0x48, 0x01, 0x7e, 0x01, 0x8f, 0x01, 0x92, 0x01, 0xa1,
  0x01, 0xb0, 0x01, 0xcc, 0x01, 0xe7, 0x01, 0xeb, 0x02, 0x1b, 0x02, 0x2d,
  0x02, 0x33, 0x02, 0x37, 0x02, 0x59, 0x02, 0xba, 0x02, 0xbc, 0x02, 0xc7,
  0x02, 0xc9, 0x02, 0xdd, 0x03, 0x04, 0x03, 0x0c, 0x03, 0x0f, 0x03, 0x12,
  0x03, 0x1b, 0x03, 0x24, 0x03, 0x28, 0x03, 0x2e, 0x03, 0x31, 0x03, 0x35,
  0x03, 0x38, 0x03, 0xa9, 0x03, 0xc0, 0x1e, 0x85, 0x1e, 0x9e, 0x1e, 0xf9,
  0x20, 0x10, 0x20, 0x14, 0x20, 0x1a, 0x20, 0x1e, 0x20, 0x22, 0x20, 0x26,
  0x20, 0x30, 0x20, 0x33, 0x20, 0x3a, 0x20, 0x44, 0x20, 0x52, 0x20, 0x74,
  0x20, 0xa1, 0x20, 0xa4, 0x20, 0xa7, 0x20, 0xa9, 0x20, 0xad, 0x20, 0xb2,
  0x20, 0xb5, 0x20, 0xba, 0x20, 0xbd, 0x21, 0x16, 0x21, 0x22, 0x22, 0x02,
  0x22, 0x06, 0x22, 0x0f, 0x22, 0x12, 0x22, 0x15, 0x22, 0x1a, 0x22, 0x1e,
  0x22, 0x2b, 0x22, 0x48, 0x22, 0x60, 0x22, 0x65, 0x25, 0xca, 0x27, 0xe9,
  0xfb, 0x02, 0xff, 0xff, 0x00, 0x00, 0x00, 0x0d, 0x00, 0x20, 0x00, 0x30,
  0x00, 0x3a, 0x00, 0xa0, 0x01, 0x4a, 0x01, 0x8f, 0x01, 0x92, 0x01, 0xa0,
  0x01, 0xaf, 0x01, 0xc4, 0x01, 0xe6, 0x01, 0xea, 0x01, 0xfa, 0x02, 0x2a,
  0x02, 0x30, 0x02, 0x37, 0x02, 0x59, 0x02, 0xb9, 0x02, 0xbc, 0x02, 0xc6,
  0x02, 0xc9, 0x02, 0xd8, 0x03, 0x00, 0x03, 0x06, 0x03, 0x0f, 0x03, 0x11,
  0x03, 0x1b, 0x03, 0x23, 0x03, 0x26, 0x03, 0x2e, 0x03, 0x31, 0x03, 0x35,
  0x03, 0x38, 0x03, 0xa9, 0x03, 0xc0, 0x1e, 0x80, 0x1e, 0x9e, 0x1e, 0xa0,
  0x20, 0x10, 0x20, 0x13, 0x20, 0x18, 0x20, 0x1c, 0x20, 0x20, 0x20, 0x26,
  0x20, 0x30, 0x20, 0x32, 0x20, 0x39, 0x20, 0x44, 0x20, 0x52, 0x20, 0x74,
  0x20, 0xa1, 0x20, 0xa3, 0x20, 0xa6, 0x20, 0xa9, 0x20, 0xab, 0x20, 0xb1,
  0x20, 0xb5, 0x20, 0xb9, 0x20, 0xbc, 0x21, 0x16, 0x21, 0x22, 0x22, 0x02,
  0x22, 0x06, 0x22, 0x0f, 0x22, 0x11, 0x22, 0x15, 0x22, 0x19, 0x22, 0x1e,
  0x22, 0x2b, 0x22, 0x48, 0x22, 0x60, 0x22, 0x64, 0x25, 0xca, 0x27, 0xe8,
  0xfb, 0x01, 0xff, 0xff, 0x01, 0x9f, 0x00, 0x00, 0x01, 0x6a, 0x00, 0x00,
  0x00, 0x00, 0x00, 0x00, 0xfe, 0xae, 0x00, 0x48, 0x00, 0x00, 0x00, 0x00,
  0x00, 0x00, 0x00, 0x00, 0x00, 0x00, 0x00, 0x00, 0x00, 0x00, 0x00, 0x00,
  0xfe, 0xe9, 0xfe, 0xab, 0x00, 0x00, 0xff, 0x90, 0x00, 0x00, 0xff, 0x7b,
  0x00, 0x00, 0x00, 0x00, 0x00, 0x00, 0xff, 0x22, 0xff, 0x21, 0xff, 0x19,
  0xff, 0x12, 0xff, 0x11, 0xff, 0x0c, 0xff, 0x0a, 0xff, 0x07, 0xff, 0x05,
  0xfd, 0xef, 0xfd, 0xd9, 0x00, 0x00, 0xe1, 0xfc, 0x00, 0x00, 0xe1, 0xb6,
  0xe1, 0xb1, 0x00, 0x00, 0x00, 0x00, 0x00, 0x00, 0xe1, 0x8f, 0xe1, 0xea,
  0xe1, 0xb1, 0xe1, 0x9d, 0xe1, 0x60, 0xe1, 0xae, 0xe1, 0x37, 0xe1, 0x4b,
  0x00, 0x00, 0xe1, 0x51, 0xe1, 0x54, 0x00, 0x00, 0x00, 0x00, 0xe1, 0x35,
  0x00, 0x00, 0x00, 0x00, 0xe0, 0xd3, 0xe0, 0xbf, 0xe0, 0x16, 0xe0, 0x0d,
  0xe0, 0x05, 0x00, 0x00, 0xdf, 0xec, 0x00, 0x00, 0xdf, 0xf3, 0xdf, 0xe7,
  0xdf, 0xc5, 0xdf, 0xa7, 0x00, 0x00, 0xdc, 0x51, 0xd9, 0xc7, 0x06, 0x93,
  0x00, 0x01, 0x00, 0x00, 0x00, 0x98, 0x00, 0x00, 0x00, 0xb4, 0x01, 0x3c,
  0x02, 0x8c, 0x00, 0x00, 0x00, 0x00, 0x02, 0xf0, 0x02, 0xf2, 0x02, 0xf4,
  0x03, 0x04, 0x03, 0x06, 0x03, 0x08, 0x03, 0x4a, 0x03, 0x50, 0x00, 0x00,
  0x00, 0x00, 0x03, 0x52, 0x00, 0x00, 0x03, 0x52, 0x00, 0x00, 0x03, 0x52,
  0x03, 0x5c, 0x03, 0x64, 0x00, 0x00, 0x00, 0x00, 0x00, 0x00, 0x00, 0x00,
  0x00, 0x00, 0x00, 0x00, 0x00, 0x00, 0x00, 0x00, 0x00, 0x00, 0x00, 0x00,
  0x00, 0x00, 0x03, 0x5a, 0x00, 0x00, 0x03, 0x62, 0x00, 0x00, 0x00, 0x00,
  0x04, 0x10, 0x04, 0x14, 0x04, 0x18, 0x00, 0x00, 0x00, 0x00, 0x00, 0x00,
  0x00, 0x00, 0x00, 0x00, 0x00, 0x00, 0x00, 0x00, 0x00, 0x00, 0x04, 0x0c,
  0x00, 0x00, 0x00, 0x00, 0x04, 0x0a, 0x04, 0x0e, 0x00, 0x00, 0x04, 0x0e,
  0x04, 0x10, 0x00, 0x00, 0x00, 0x00, 0x00, 0x00, 0x00, 0x00, 0x00, 0x00,
  0x04, 0x08, 0x00, 0x00, 0x04, 0x08, 0x00, 0x00, 0x00, 0x00, 0x00, 0x00,
  0x00, 0x00, 0x04, 0x02, 0x00, 0x00, 0x00, 0x00, 0x00, 0x00, 0x00, 0x00,
  0x01, 0xad, 0x01, 0xb6, 0x01, 0xd8, 0x01, 0xbd, 0x01, 0xee, 0x02, 0x19,
  0x01, 0xdc, 0x01, 0xd9, 0x01, 0xc8, 0x01, 0xc9, 0x01, 0xbc, 0x02, 0x02,
  0x01, 0xb2, 0x01, 0xc2, 0x01, 0xb1, 0x01, 0xbe, 0x01, 0xb3, 0x01, 0xb4,
  0x02, 0x09, 0x02, 0x06, 0x02, 0x08, 0x01, 0xb8, 0x01, 0xdb, 0x00, 0x01,
  0x00, 0x1c, 0x00, 0x1d, 0x00, 0x23, 0x00, 0x29, 0x00, 0x3e, 0x00, 0x3f,
  0x00, 0x45, 0x00, 0x48, 0x00, 0x57, 0x00, 0x59, 0x00, 0x5b, 0x00, 0x63,
  0x00, 0x64, 0x00, 0x6c, 0x00, 0x8b, 0x00, 0x8d, 0x00, 0x8e, 0x00, 0x94,
  0x00, 0x9b, 0x00, 0xa0, 0x00, 0xb5, 0x00, 0xb6, 0x00, 0xbb, 0x00, 0xbc,
  0x00, 0xc5, 0x01, 0xcc, 0x01, 0xbf, 0x01, 0xcd, 0x02, 0x10, 0x01, 0xc7,
  0x02, 0x40, 0x00, 0xc9, 0x00, 0xe4, 0x00, 0xe5, 0x00, 0xeb, 0x00, 0xf0,
  0x01, 0x05, 0x01, 0x06, 0x01, 0x0c, 0x01, 0x0f, 0x01, 0x1f, 0x01, 0x22,
  0x01, 0x25, 0x01, 0x2c, 0x01, 0x2d, 0x01, 0x34, 0x01, 0x53, 0x01, 0x55,
  0x01, 0x56, 0x01, 0x5c, 0x01, 0x63, 0x01, 0x68, 0x01, 0x7d, 0x01, 0x7e,
  0x01, 0x83, 0x01, 0x84, 0x01, 0x8d, 0x01, 0xca, 0x01, 0xe5, 0x01, 0xcb,
  0x02, 0x0e, 0x01, 0xae, 0x01, 0xb7, 0x01, 0xeb, 0x01, 0xfc, 0x01, 0xed,
  0x01, 0xfe, 0x01, 0xe6, 0x01, 0xde, 0x02, 0x3e, 0x01, 0xdf, 0x01, 0x96,
  0x01, 0xd4, 0x02, 0x0f, 0x01, 0xc3, 0x01, 0xe0, 0x02, 0x49, 0x01, 0xe2,
  0x02, 0x0c, 0x01, 0xa9, 0x01, 0xaa, 0x02, 0x41, 0x02, 0x17, 0x01, 0xdd,
  0x01, 0xba, 0x02, 0x4a, 0x01, 0xa8, 0x01, 0x97, 0x01, 0xd5, 0x01, 0xa6,
  0x01, 0xa5, 0x01, 0xa7, 0x01, 0xb9, 0x00, 0x12, 0x00, 0x02, 0x00, 0x09,
  0x00, 0x19, 0x00, 0x10, 0x00, 0x17, 0x00, 0x1a, 0x00, 0x20, 0x00, 0x37,
  0x00, 0x2a, 0x00, 0x2d, 0x00, 0x34, 0x00, 0x51, 0x00, 0x4a, 0x00, 0x4c,
  0x00, 0x4e, 0x00, 0x25, 0x00, 0x6a, 0x00, 0x7a, 0x00, 0x6d, 0x00, 0x6f,
  0x00, 0x88, 0x00, 0x76, 0x02, 0x04, 0x00, 0x86, 0x00, 0xa7, 0x00, 0xa1,
  0x00, 0xa3, 0x00, 0xa5, 0x00, 0xbd, 0x00, 0x8c, 0x01, 0x62, 0x00, 0xda,
  0x00, 0xca, 0x00, 0xd1, 0x00, 0xe1, 0x00, 0xd8, 0x00, 0xdf, 0x00, 0xe2,
  0x00, 0xe8, 0x00, 0xfe, 0x00, 0xf1, 0x00, 0xf4, 0x00, 0xfb, 0x01, 0x18,
  0x01, 0x11, 0x01, 0x13, 0x01, 0x15, 0x00, 0xec, 0x01, 0x32, 0x01, 0x42,
  0x01, 0x35, 0x01, 0x37, 0x01, 0x50, 0x01, 0x3e, 0x02, 0x05, 0x01, 0x4e,
  0x01, 0x6f, 0x01, 0x69, 0x01, 0x6b, 0x01, 0x6d, 0x01, 0x85, 0x01, 0x54,
  0x01, 0x87, 0x00, 0x15, 0x00, 0xdd, 0x00, 0x03, 0x00, 0xcb, 0x00, 0x16,
  0x00, 0xde, 0x00, 0x1e, 0x00, 0xe6, 0x00, 0x21, 0x00, 0xe9, 0x00, 0x22,
  0x00, 0xea, 0x00, 0x1f, 0x00, 0xe7, 0x00, 0x26, 0x00, 0xed, 0x00, 0x27,
  0x00, 0xee, 0x00, 0x3a, 0x01, 0x01, 0x00, 0x2b, 0x00, 0xf2, 0x00, 0x35,
  0x00, 0xfc, 0x00, 0x3b, 0x01, 0x02, 0x00, 0x2c, 0x00, 0xf3, 0x00, 0x42,
  0x01, 0x09, 0x00, 0x40, 0x01, 0x07, 0x00, 0x44, 0x01, 0x0b, 0x00, 0x43,
  0x01, 0x0a, 0x00, 0x47, 0x01, 0x0e, 0x00, 0x46, 0x01, 0x0d, 0x00, 0x56,
  0x01, 0x1e, 0x00, 0x54, 0x01, 0x1c, 0x00, 0x4b, 0x01, 0x12, 0x00, 0x55,
  0x01, 0x1d, 0x00, 0x4f, 0x01, 0x10, 0x00, 0x49, 0x01, 0x1b, 0x00, 0x58,
  0x01, 0x21, 0x00, 0x5a, 0x01, 0x23, 0x01, 0x24, 0x00, 0x5d, 0x01, 0x26,
  0x00, 0x5f, 0x01, 0x28, 0x00, 0x5e, 0x01, 0x27, 0x00, 0x60, 0x01, 0x29,
  0x00, 0x62, 0x01, 0x2b, 0x00, 0x66, 0x01, 0x2e, 0x00, 0x68, 0x01, 0x30,
  0x00, 0x67, 0x01, 0x2f, 0x00, 0x6b, 0x01, 0x33, 0x00, 0x84, 0x01, 0x4c,
  0x00, 0x6e, 0x01, 0x36, 0x00, 0x82, 0x01, 0x4a, 0x00, 0x8a, 0x01, 0x52,
  0x00, 0x8f, 0x01, 0x57, 0x00, 0x91, 0x01, 0x59, 0x00, 0x90, 0x01, 0x58,
  0x00, 0x95, 0x01, 0x5d, 0x00, 0x98, 0x01, 0x60, 0x00, 0x97, 0x01, 0x5f,
  0x00, 0x96, 0x01, 0x5e, 0x00, 0x9e, 0x01, 0x66, 0x00, 0x9d, 0x01, 0x65,
  0x00, 0x9c, 0x01, 0x64, 0x00, 0xb4, 0x01, 0x7c, 0x00, 0xb1, 0x01, 0x79,
  0x00, 0xa2, 0x01, 0x6a, 0x00, 0xb3, 0x01, 0x7b, 0x00, 0xaf, 0x01, 0x77,
  0x00, 0xb2, 0x01, 0x7a, 0x00, 0xb8, 0x01, 0x80, 0x00, 0xbe, 0x01, 0x86,
  0x00, 0xbf, 0x00, 0xc6, 0x01, 0x8e, 0x00, 0xc8, 0x01, 0x90, 0x00, 0xc7,
  0x01, 0x8f, 0x00, 0x7c, 0x01, 0x44, 0x00, 0xa9, 0x01, 0x71, 0x00, 0x24,
  0x00, 0x28, 0x00, 0xef, 0x00, 0x5c, 0x00, 0x61, 0x01, 0x2a, 0x00, 0x65,
  0x00, 0x69, 0x01, 0x31, 0x00, 0x41, 0x01, 0x08, 0x00, 0x85, 0x01, 0x4d,
  0x00, 0x18, 0x00, 0xe0, 0x00, 0x1b, 0x00, 0xe3, 0x00, 0x87, 0x01, 0x4f,
  0x00, 0x0f, 0x00, 0xd7, 0x00, 0x14, 0x00, 0xdc, 0x00, 0x33, 0x00, 0xfa,
  0x00, 0x39, 0x01, 0x00, 0x00, 0x4d, 0x01, 0x14, 0x00, 0x53, 0x01, 0x1a,
  0x00, 0x75, 0x01, 0x3d, 0x00, 0x83, 0x01, 0x4b, 0x00, 0x92, 0x01, 0x5a,
  0x00, 0x93, 0x01, 0x5b, 0x00, 0xa4, 0x01, 0x6c, 0x00, 0xb0, 0x01, 0x78,
  0x00, 0x99, 0x01, 0x61, 0x00, 0x9f, 0x01, 0x67, 0x00, 0x77, 0x01, 0x3f,
  0x00, 0x89, 0x01, 0x51, 0x00, 0x78, 0x01, 0x40, 0x00, 0xc3, 0x01, 0x8b,
  0x02, 0x4e, 0x02, 0x4d, 0x02, 0x43, 0x02, 0x45, 0x02, 0x46, 0x02, 0x3f,
  0x02, 0x47, 0x02, 0x4b, 0x02, 0x48, 0x02, 0x42, 0x02, 0x26, 0x02, 0x27,
  0x02, 0x2a, 0x02, 0x2e, 0x02, 0x2f, 0x02, 0x2c, 0x02, 0x25, 0x02, 0x24,
  0x02, 0x30, 0x02, 0x2d, 0x02, 0x28, 0x02, 0x2b, 0x00, 0xba, 0x01, 0x82,
  0x00, 0xb7, 0x01, 0x7f, 0x00, 0xb9, 0x01, 0x81, 0x00, 0x11, 0x00, 0xd9,
  0x00, 0x13, 0x00, 0xdb, 0x00, 0x0a, 0x00, 0xd2, 0x00, 0x0c, 0x00, 0xd4,
  0x00, 0x0d, 0x00, 0xd5, 0x00, 0x0e, 0x00, 0xd6, 0x00, 0x0b, 0x00, 0xd3,
  0x00, 0x04, 0x00, 0xcc, 0x00, 0x06, 0x00, 0xce, 0x00, 0x07, 0x00, 0xcf,
  0x00, 0x08, 0x00, 0xd0, 0x00, 0x05, 0x00, 0xcd, 0x00, 0x36, 0x00, 0xfd,
  0x00, 0x38, 0x00, 0xff, 0x00, 0x3c, 0x01, 0x03, 0x00, 0x2e, 0x00, 0xf5,
  0x00, 0x30, 0x00, 0xf7, 0x00, 0x31, 0x00, 0xf8, 0x00, 0x32, 0x00, 0xf9,
  0x00, 0x2f, 0x00, 0xf6, 0x00, 0x52, 0x01, 0x19, 0x00, 0x50, 0x01, 0x17,
  0x00, 0x79, 0x01, 0x41, 0x00, 0x7b, 0x01, 0x43, 0x00, 0x70, 0x01, 0x38,
  0x00, 0x72, 0x01, 0x3a, 0x00, 0x73, 0x01, 0x3b, 0x00, 0x74, 0x01, 0x3c,
  0x00, 0x71, 0x01, 0x39, 0x00, 0x7d, 0x01, 0x45, 0x00, 0x7f, 0x01, 0x47,
  0x00, 0x80, 0x01, 0x48, 0x00, 0x81, 0x01, 0x49, 0x00, 0x7e, 0x01, 0x46,
  0x00, 0xa6, 0x01, 0x6e, 0x00, 0xa8, 0x01, 0x70, 0x00, 0xaa, 0x01, 0x72,
  0x00, 0xac, 0x01, 0x74, 0x00, 0xad, 0x01, 0x75, 0x00, 0xae, 0x01, 0x76,
  0x00, 0xab, 0x01, 0x73, 0x00, 0xc1, 0x01, 0x89, 0x00, 0xc0, 0x01, 0x88,
  0x00, 0xc2, 0x01, 0x8a, 0x00, 0xc4, 0x01, 0x8c, 0x01, 0xd2, 0x01, 0xd3,
  0x01, 0xce, 0x01, 0xd0, 0x01, 0xd1, 0x01, 0xcf, 0x01, 0xe7, 0x01, 0xe8,
  0x01, 0xbb, 0x01, 0xf1, 0x01, 0xf4, 0x01, 0xef, 0x01, 0xf0, 0x01, 0xf3,
  0x01, 0xf9, 0x01, 0xf2, 0x01, 0xfb, 0x01, 0xf5, 0x01, 0xf6, 0x01, 0xfa,
  0x02, 0x15, 0x02, 0x03, 0x01, 0xff, 0x02, 0x16, 0x02, 0x0b, 0x02, 0x0a,
  0x04, 0x82, 0x00, 0x96, 0x05, 0x60, 0x00, 0x28, 0x05, 0x60, 0x00, 0x28,
  0x05, 0x60, 0x00, 0x28, 0x05, 0x60, 0x00, 0x28, 0x05, 0x60, 0x00, 0x28,
  0x05, 0x60, 0x00, 0x28, 0x05, 0x60, 0x00, 0x28, 0x05, 0x60, 0x00, 0x28,
  0x05, 0x60, 0x00, 0x28, 0x05, 0x60, 0x00, 0x28, 0x05, 0x60, 0x00, 0x28,
  0x05, 0x60, 0x00, 0x28, 0x05, 0x60, 0x00, 0x28, 0x05, 0x60, 0x00, 0x28,
  0x05, 0x60, 0x00, 0x28, 0x05, 0x60, 0x00, 0x28, 0x05, 0x60, 0x00, 0x28,
  0x05, 0x60, 0x00, 0x28, 0x05, 0x60, 0x00, 0x28, 0x05, 0x60, 0x00, 0x28,
  0x05, 0x60, 0x00, 0x28, 0x05, 0x60, 0x00, 0x28, 0x05, 0x60, 0x00, 0x28,
  0x05, 0x60, 0x00, 0x28, 0x05, 0x60, 0x00, 0x28, 0x08, 0x2a, 0x00, 0x0a,
  0x08, 0x2a, 0x00, 0x0a, 0x05, 0x81, 0x00, 0xdc, 0x05, 0xaa, 0x00, 0x7d,
  0x05, 0xaa, 0x00, 0x7d, 0x05, 0xaa, 0x00, 0x7d, 0x05, 0xaa, 0x00, 0x7d,
  0x05, 0xaa, 0x00, 0x7d, 0x05, 0xaa, 0x00, 0x7d, 0x05, 0xcf, 0x00, 0xdc,
  0x0a, 0xa7, 0x00, 0xdc, 0x05, 0xe3, 0x00, 0x3f, 0x05, 0xcf, 0x00, 0xdc,
  0x05, 0xcf, 0x00, 0x40, 0x09, 0x5b, 0x00, 0xdc, 0x05, 0x0d, 0x00, 0xdc,
  0x05, 0x0d, 0x00, 0xdc, 0x05, 0x0d, 0x00, 0xdc, 0x05, 0x0d, 0x00, 0xdc,
  0x05, 0x0d, 0x00, 0xdc, 0x05, 0x0d, 0x00, 0xdc, 0x05, 0x0d, 0x00, 0xdc,
  0x05, 0x0d, 0x00, 0xdc, 0x05, 0x0d, 0x00, 0xdc, 0x05, 0x0d, 0x00, 0xdc,
  0x05, 0x0d, 0x00, 0xdc, 0x05, 0x0d, 0x00, 0xdc, 0x05, 0x0d, 0x00, 0xdc,
  0x05, 0x0d, 0x00, 0xdc, 0x05, 0x0d, 0x00, 0xdc, 0x05, 0x0d, 0x00, 0xdc,
  0x05, 0x0d, 0x00, 0xdc, 0x05, 0x0d, 0x00, 0xdc, 0x05, 0x0d, 0x00, 0xdc,
  0x05, 0x0d, 0x00, 0xdc, 0x05, 0xef, 0x00, 0x7d, 0x04, 0xe2, 0x00, 0xdc,
  0x06, 0x14, 0x00, 0x7d, 0x06, 0x14, 0x00, 0x7d, 0x06, 0x14, 0x00, 0x7d,
  0x06, 0x14, 0x00, 0x7d, 0x06, 0x14, 0x00, 0x7d, 0x06, 0x14, 0x00, 0x7d,
  0x06, 0x36, 0x00, 0xdc, 0x06, 0x36, 0x00, 0x3e, 0x06, 0x36, 0x00, 0xdc,
  0x03, 0xe2, 0x00, 0xc8, 0x06, 0xcc, 0x00, 0xc8, 0x03, 0xe2, 0x00, 0xc8,
  0x03, 0xe2, 0x00, 0xc8, 0x03, 0xe2, 0x00, 0xc8, 0x03, 0xe2, 0x00, 0x54,
  0x03, 0xe2, 0x00, 0xc8, 0x03, 0xe2, 0x00, 0xc8, 0x03, 0xe2, 0x00, 0xc8,
  0x03, 0xe2, 0x00, 0xc8, 0x03, 0xe2, 0x00, 0xc8, 0x03, 0xe2, 0x00, 0xc8,
  0x03, 0xe2, 0x00, 0xb9, 0x03, 0xe2, 0x00, 0xc8, 0x03, 0xe2, 0x00, 0xc8,
  0x03, 0xb4, 0x00, 0x51, 0x03, 0xb4, 0x00, 0x51, 0x05, 0x7e, 0x00, 0xdc,
  0x05, 0x7e, 0x00, 0xdc, 0x04, 0x5f, 0x00, 0xdc, 0x08, 0x13, 0x00, 0xdc,
  0x04, 0x5f, 0x00, 0xdc, 0x04, 0x5f, 0x00, 0xdc, 0x04, 0x5f, 0x00, 0xdc,
  0x04, 0x5f, 0x00, 0xdc, 0x06, 0x75, 0x00, 0xdc, 0x04, 0x5f, 0x00, 0x00,
  0x07, 0x62, 0x00, 0xdc, 0x06, 0x92, 0x00, 0xdc, 0x0a, 0x46, 0x00, 0xdc,
  0x06, 0x92, 0x00, 0xdc, 0x06, 0x92, 0x00, 0xdc, 0x06, 0x92, 0x00, 0xdc,
  0x08, 0xa8, 0x00, 0xdc, 0x06, 0x92, 0x00, 0xdc, 0x06, 0x92, 0x00, 0xdc,
  0x06, 0x0d, 0x00, 0x7d, 0x06, 0x0d, 0x00, 0x7d, 0x06, 0x0d, 0x00, 0x7d,
  0x06, 0x0d, 0x00, 0x7d, 0x06, 0x0d, 0x00, 0x7d, 0x06, 0x0d, 0x00, 0x7d,
  0x06, 0x0d, 0x00, 0x7d, 0x06, 0x0d, 0x00, 0x7d, 0x06, 0x0d, 0x00, 0x7d,
  0x06, 0x0d, 0x00, 0x7d, 0x06, 0x0d, 0x00, 0x7d, 0x06, 0x0d, 0x00, 0x7d,
  0x06, 0x0d, 0x00, 0x7d, 0x06, 0x0d, 0x00, 0x7d, 0x06, 0x0d, 0x00, 0x7d,
  0x06, 0x0d, 0x00, 0x7d, 0x06, 0x0d, 0x00, 0x7d, 0x06, 0x0d, 0x00, 0x7d,
  0x06, 0x0d, 0x00, 0x7d, 0x06, 0x0d, 0x00, 0x7d, 0x06, 0x0d, 0x00, 0x7d,
  0x06, 0x0d, 0x00, 0x7d, 0x06, 0x0d, 0x00, 0x7d, 0x06, 0x0d, 0x00, 0x7d,
  0x06, 0x0d, 0x00, 0x7d, 0x06, 0x0d, 0x00, 0x7d, 0x06, 0x0d, 0x00, 0x7d,
  0x06, 0x0d, 0x00, 0x7d, 0x06, 0x0d, 0x00, 0x7d, 0x06, 0x0d, 0x00, 0x7d,
  0x08, 0x78, 0x00, 0x7d, 0x05, 0x39, 0x00, 0xdc, 0x05, 0x39, 0x00, 0xdc,
  0x06, 0x12, 0x00, 0x7d, 0x05, 0x93, 0x00, 0xdc, 0x05, 0x93, 0x00, 0xdc,
  0x05, 0x93, 0x00, 0xdc, 0x05, 0x93, 0x00, 0xdc, 0x05, 0x93, 0x00, 0xdc,
  0x05, 0x93, 0x00, 0xdc, 0x05, 0x22, 0x00, 0x96, 0x05, 0x22, 0x00, 0x96,
  0x05, 0x22, 0x00, 0x96, 0x05, 0x22, 0x00, 0x96, 0x05, 0x22, 0x00, 0x96,
  0x05, 0x22, 0x00, 0x96, 0x06, 0xbd, 0x00, 0xd2, 0x04, 0x8e, 0x00, 0x32,
  0x04, 0x85, 0x00, 0x2d, 0x04, 0x8e, 0x00, 0x32, 0x04, 0x8e, 0x00, 0x32,
  0x04, 0x8e, 0x00, 0x32, 0x06, 0x2b, 0x00, 0xd2, 0x06, 0x2b, 0x00, 0xd2,
  0x06, 0x2b, 0x00, 0xd2, 0x06, 0x2b, 0x00, 0xd2, 0x06, 0x2b, 0x00, 0xd2,
  0x06, 0x2b, 0x00, 0xd2, 0x06, 0x2b, 0x00, 0xd2, 0x06, 0x2b, 0x00, 0xd2,
  0x06, 0x2b, 0x00, 0xd2, 0x06, 0x2b, 0x00, 0xd2, 0x06, 0x2b, 0x00, 0xd2,
  0x06, 0x2b, 0x00, 0xd2, 0x06, 0x2b, 0x00, 0xd2, 0x06, 0x2b, 0x00, 0xd2,
  0x06, 0x2b, 0x00, 0xd2, 0x06, 0x2b, 0x00, 0xd2, 0x06, 0x2b, 0x00, 0xd2,
  0x06, 0x2b, 0x00, 0xd2, 0x06, 0x2b, 0x00, 0xd2, 0x06, 0x2b, 0x00, 0xd2,
  0x06, 0x2b, 0x00, 0xd2, 0x05, 0x18, 0x00, 0x2d, 0x07, 0xe1, 0x00, 0x82,
  0x07, 0xe1, 0x00, 0x82, 0x07, 0xe1, 0x00, 0x82, 0x07, 0xe1, 0x00, 0x82,
  0x07, 0xe1, 0x00, 0x82, 0x05, 0x18, 0x00, 0x41, 0x04, 0xa2, 0x00, 0x0f,
  0x04, 0xa2, 0x00, 0x0f, 0x04, 0xa2, 0x00, 0x0f, 0x04, 0xa2, 0x00, 0x0f,
  0x04, 0xa2, 0x00, 0x0f, 0x04, 0xa2, 0x00, 0x0f, 0x04, 0xa2, 0x00, 0x0f,
  0x04, 0xa2, 0x00, 0x0f, 0x04, 0xa2, 0x00, 0x0f, 0x04, 0xdd, 0x00, 0x64,
  0x04, 0xdd, 0x00, 0x64, 0x04, 0xdd, 0x00, 0x64, 0x04, 0xdd, 0x00, 0x64,
  0x04, 0x6b, 0x00, 0x77, 0x04, 0x6b, 0x00, 0x77, 0x04, 0x6b, 0x00, 0x77,
  0x04, 0x6b, 0x00, 0x77, 0x04, 0x6b, 0x00, 0x77, 0x04, 0x6b, 0x00, 0x77,
  0x04, 0x6b, 0x00, 0x77, 0x04, 0x6b, 0x00, 0x77, 0x04, 0x6b, 0x00, 0x77,
  0x04, 0x6b, 0x00, 0x77, 0x04, 0x6b, 0x00, 0x77, 0x04, 0x6b, 0x00, 0x77,
  0x04, 0x6b, 0x00, 0x77, 0x04, 0x6b, 0x00, 0x77, 0x04, 0x6b, 0x00, 0x77,
  0x04, 0x6b, 0x00, 0x77, 0x04, 0x6b, 0x00, 0x77, 0x04, 0x6b, 0x00, 0x77,
  0x04, 0x6b, 0x00, 0x77, 0x04, 0x6b, 0x00, 0x77, 0x04, 0x6b, 0x00, 0x77,
  0x04, 0x6b, 0x00, 0x77, 0x04, 0x6b, 0x00, 0x77, 0x04, 0x6b, 0x00, 0x77,
  0x04, 0x6b, 0x00, 0x77, 0x06, 0xf5, 0x00, 0x77, 0x06, 0xf5, 0x00, 0x77,
  0x04, 0xa7, 0x00, 0xb4, 0x04, 0x3e, 0x00, 0x78, 0x04, 0x3e, 0x00, 0x78,
  0x04, 0x3e, 0x00, 0x78, 0x04, 0x3e, 0x00, 0x78, 0x04, 0x3e, 0x00, 0x78,
  0x04, 0x3e, 0x00, 0x78, 0x04, 0xa7, 0x00, 0x78, 0x04, 0xa0, 0x00, 0x78,
  0x04, 0xa7, 0x00, 0x78, 0x04, 0xa7, 0x00, 0x78, 0x08, 0x33, 0x00, 0x78,
  0x04, 0x53, 0x00, 0x78, 0x04, 0x53, 0x00, 0x78, 0x04, 0x53, 0x00, 0x78,
  0x04, 0x53, 0x00, 0x78, 0x04, 0x53, 0x00, 0x78, 0x04, 0x53, 0x00, 0x78,
  0x04, 0x53, 0x00, 0x78, 0x04, 0x53, 0x00, 0x78, 0x04, 0x53, 0x00, 0x78,
  0x04, 0x53, 0x00, 0x78, 0x04, 0x53, 0x00, 0x78, 0x04, 0x53, 0x00, 0x78,
  0x04, 0x53, 0x00, 0x78, 0x04, 0x53, 0x00, 0x78, 0x04, 0x53, 0x00, 0x78,
  0x04, 0x53, 0x00, 0x78, 0x04, 0x53, 0x00, 0x78, 0x04, 0x53, 0x00, 0x78,
  0x04, 0x53, 0x00, 0x78, 0x04, 0x53, 0x00, 0x78, 0x04, 0x53, 0x00, 0x6e,
  0x02, 0xcc, 0x00, 0x32, 0x04, 0xa6, 0x00, 0x78, 0x04, 0xa6, 0x00, 0x78,
  0x04, 0xa6, 0x00, 0x78, 0x04, 0xa6, 0x00, 0x78, 0x04, 0xa6, 0x00, 0x78,
  0x04, 0xa6, 0x00, 0x78, 0x04, 0xb7, 0x00, 0xb4, 0x04, 0xb7, 0x00, 0x39,
  0x04, 0xb7, 0x00, 0xb4, 0x02, 0x03, 0x00, 0x9b, 0x02, 0x02, 0x00, 0xb4,
  0x02, 0x02, 0x00, 0xb4, 0x02, 0x02, 0xff, 0xfa, 0x02, 0x02, 0xff, 0xfc,
  0x02, 0x02, 0xff, 0x66, 0x02, 0x02, 0xff, 0xe7, 0x02, 0x02, 0x00, 0x8d,
  0x02, 0x03, 0x00, 0x92, 0x02, 0x02, 0xff, 0xf7, 0x02, 0x02, 0x00, 0x4b,
  0x02, 0x02, 0xff, 0xfa, 0x04, 0x19, 0x00, 0x9b, 0x02, 0x02, 0xff, 0xcb,
  0x02, 0x03, 0x00, 0x6a, 0x02, 0x02, 0xff, 0xe4, 0x02, 0x16, 0xff, 0xba,
  0x02, 0x16, 0xff, 0xba, 0x02, 0x16, 0xff, 0xba, 0x04, 0x5b, 0x00, 0xb4,
  0x04, 0x5b, 0x00, 0xb4, 0x04, 0x51, 0x00, 0xb4, 0x02, 0x02, 0x00, 0xb4,
  0x02, 0x02, 0x00, 0xb4, 0x02, 0x02, 0x00, 0xb4, 0x02, 0x02, 0x00, 0x91,
  0x02, 0x52, 0x00, 0xb4, 0x04, 0x4a, 0x00, 0xb4, 0x02, 0x02, 0x00, 0x05,
  0x06, 0xf3, 0x00, 0xb4, 0x04, 0xb8, 0x00, 0xb4, 0x04, 0xb8, 0x00, 0xb4,
  0x04, 0xb8, 0x00, 0xb4, 0x04, 0xb8, 0x00, 0xb4, 0x06, 0xce, 0x00, 0xb4,
  0x04, 0xb8, 0x00, 0xb4, 0x04, 0xb8, 0x00, 0xb4, 0x04, 0x96, 0x00, 0x78,
  0x04, 0x96, 0x00, 0x78, 0x04, 0x96, 0x00, 0x78, 0x04, 0x96, 0x00, 0x78,
  0x04, 0x96, 0x00, 0x78, 0x04, 0x96, 0x00, 0x78, 0x04, 0x96, 0x00, 0x78,
  0x04, 0x96, 0x00, 0x78, 0x04, 0x96, 0x00, 0x78, 0x04, 0x96, 0x00, 0x78,
  0x04, 0x96, 0x00, 0x78, 0x04, 0x96, 0x00, 0x78, 0x04, 0x96, 0x00, 0x78,
  0x04, 0x96, 0x00, 0x78, 0x04, 0x96, 0x00, 0x78, 0x04, 0x96, 0x00, 0x78,
  0x04, 0x96, 0x00, 0x78, 0x04, 0x96, 0x00, 0x78, 0x04, 0x96, 0x00, 0x78,
  0x04, 0x96, 0x00, 0x78, 0x04, 0x96, 0x00, 0x78, 0x04, 0x96, 0x00, 0x78,
  0x04, 0x96, 0x00, 0x78, 0x04, 0x96, 0x00, 0x78, 0x04, 0x96, 0x00, 0x78,
  0x04, 0x96, 0x00, 0x78, 0x04, 0x96, 0x00, 0x78, 0x04, 0x96, 0x00, 0x78,
  0x04, 0x96, 0x00, 0x78, 0x04, 0x96, 0x00, 0x78, 0x07, 0x5e, 0x00, 0x78,
  0x04, 0xa7, 0x00, 0xb4, 0x04, 0xa7, 0x00, 0xb4, 0x04, 0xa7, 0x00, 0x78,
  0x02, 0xdd, 0x00, 0xb4, 0x02, 0xdd, 0x00, 0xb4, 0x02, 0xdd, 0x00, 0x9b,
  0x02, 0xdd, 0x00, 0x91, 0x02, 0xdd, 0x00, 0x05, 0x02, 0xdd, 0x00, 0x99,
  0x03, 0xcb, 0x00, 0x69, 0x03, 0xcb, 0x00, 0x69, 0x03, 0xcb, 0x00, 0x69,
  0x03, 0xcb, 0x00, 0x69, 0x03, 0xcb, 0x00, 0x69, 0x03, 0xcb, 0x00, 0x69,
  0x04, 0xf1, 0x00, 0xb4, 0x02, 0xd6, 0x00, 0x32, 0x02, 0xd6, 0x00, 0x32,
  0x02, 0xd6, 0x00, 0x32, 0x02, 0xd6, 0x00, 0x32, 0x02, 0xd6, 0x00, 0x32,
  0x04, 0xac, 0x00, 0xaf, 0x04, 0xac, 0x00, 0xaf, 0x04, 0xac, 0x00, 0xaf,
  0x04, 0xac, 0x00, 0xaf, 0x04, 0xac, 0x00, 0xaf, 0x04, 0xac, 0x00, 0xaf,
  0x04, 0xac, 0x00, 0xaf, 0x04, 0xac, 0x00, 0xaf, 0x04, 0xac, 0x00, 0xaf,
  0x04, 0xc0, 0x00, 0xaf, 0x04, 0xc0, 0x00, 0xaf, 0x04, 0xc0, 0x00, 0xaf,
  0x04, 0xc0, 0x00, 0xaf, 0x04, 0xc0, 0x00, 0xaf, 0x04, 0xc0, 0x00, 0xaf,
  0x04, 0xac, 0x00, 0xaf, 0x04, 0xac, 0x00, 0xaf, 0x04, 0xac, 0x00, 0xaf,
  0x04, 0xac, 0x00, 0xaf, 0x04, 0xac, 0x00, 0xaf, 0x04, 0xac, 0x00, 0xaf,
  0x04, 0x11, 0x00, 0x32, 0x06, 0x2d, 0x00, 0x46, 0x06, 0x2d, 0x00, 0x46,
  0x06, 0x2d, 0x00, 0x46, 0x06, 0x2d, 0x00, 0x46, 0x06, 0x2d, 0x00, 0x46,
  0x03, 0xf3, 0x00, 0x28, 0x04, 0xb8, 0x00, 0xaf, 0x04, 0xb8, 0x00, 0xaf,
  0x04, 0xb8, 0x00, 0xaf, 0x04, 0xb8, 0x00, 0xaf, 0x04, 0xb8, 0x00, 0xaf,
  0x04, 0xb8, 0x00, 0xaf, 0x04, 0xb8, 0x00, 0xaf, 0x04, 0xb8, 0x00, 0xaf,
  0x04, 0xb8, 0x00, 0xaf, 0x03, 0x8c, 0x00, 0x5a, 0x03, 0x8c, 0x00, 0x5a,
  0x03, 0x8c, 0x00, 0x5a, 0x03, 0x8c, 0x00, 0x5a, 0x04, 0xe0, 0x00, 0x32,
  0x06, 0x5e, 0x00, 0x32, 0x06, 0x5e, 0x00, 0x32, 0x04, 0x48, 0x00, 0x32,
  0x04, 0x48, 0x00, 0x32, 0x03, 0x42, 0x00, 0x46, 0x03, 0x52, 0x00, 0x4b,
  0x05, 0x50, 0x00, 0x8c, 0x05, 0x91, 0x00, 0x50, 0x05, 0x3c, 0x00, 0x8c,
  0x02, 0xbb, 0x00, 0x55, 0x04, 0x4f, 0x00, 0x64, 0x04, 0xa3, 0x00, 0x77,
  0x04, 0x90, 0x00, 0x71, 0x04, 0xd0, 0x00, 0xa9, 0x04, 0xc7, 0x00, 0x8c,
  0x03, 0xf5, 0x00, 0x28, 0x04, 0xc1, 0x00, 0x78, 0x04, 0xc7, 0x00, 0x5a,
  0x02, 0xc1, 0xff, 0xa6, 0x06, 0x61, 0x00, 0x50, 0x05, 0xd7, 0x00, 0x3c,
  0x06, 0xe1, 0x00, 0x5a, 0x02, 0x0b, 0x00, 0x50, 0x02, 0xe4, 0x00, 0x5d,
  0x02, 0xf0, 0x00, 0x5a, 0x02, 0xdb, 0x00, 0x41, 0x02, 0x1d, 0x00, 0x00,
  0x02, 0x1c, 0x00, 0x00, 0x02, 0x1c, 0x00, 0x00, 0x02, 0xa8, 0x00, 0xa2,
  0x02, 0xa8, 0x00, 0x54, 0x02, 0x0e, 0x00, 0x8c, 0x02, 0x0e, 0x00, 0x8c,
  0x02, 0x0e, 0x00, 0x8c, 0x02, 0x0e, 0x00, 0x8c, 0x05, 0xe2, 0x00, 0x8c,
  0x02, 0x0e, 0x00, 0x8c, 0x02, 0x0e, 0x00, 0x8c, 0x03, 0xea, 0x00, 0x37,
  0x03, 0xea, 0x00, 0x22, 0x02, 0x0e, 0x00, 0x8c, 0x03, 0x8d, 0x00, 0x82,
  0x03, 0xd5, 0x00, 0x78, 0x05, 0x23, 0x00, 0x64, 0x03, 0x20, 0x00, 0x14,
  0x03, 0x20, 0x00, 0x14, 0x00, 0x50, 0xff, 0xc5, 0x00, 0x00, 0xfe, 0x8d,
  0x03, 0x47, 0x00, 0x8c, 0x03, 0x47, 0x00, 0x8c, 0x03, 0xf1, 0x00, 0x8c,
  0x04, 0xaa, 0x00, 0x8c, 0x03, 0x47, 0x00, 0x8c, 0x04, 0x5e, 0x00, 0x8c,
  0x02, 0xec, 0x00, 0xdc, 0x02, 0xec, 0x00, 0x73, 0x02, 0xec, 0x00, 0x8c,
  0x02, 0xec, 0x00, 0x73, 0x02, 0xad, 0x00, 0xdc, 0x02, 0xad, 0x00, 0x73,
  0x02, 0x22, 0x00, 0x96, 0x03, 0x61, 0x00, 0x96, 0x03, 0x61, 0x00, 0x96,
  0x03, 0x61, 0x00, 0x96, 0x02, 0x22, 0x00, 0x96, 0x02, 0x22, 0x00, 0x96,
  0x03, 0xf7, 0x00, 0x64, 0x03, 0xf7, 0x00, 0x64, 0x02, 0x5d, 0x00, 0x64,
  0x02, 0x5d, 0x00, 0x64, 0x02, 0xfe, 0x00, 0x8c, 0x01, 0xd2, 0x00, 0x8c,
  0x03, 0x27, 0xff, 0x1e, 0x07, 0x22, 0x00, 0x78, 0x05, 0xc3, 0x00, 0x78,
  0x04, 0xbd, 0x00, 0x50, 0x04, 0x5c, 0x00, 0x78, 0x06, 0xcf, 0x00, 0x69,
  0x06, 0xcf, 0x00, 0x69, 0x05, 0xab, 0x00, 0x64, 0x03, 0x9a, 0x00, 0x50,
  0x01, 0xd2, 0x00, 0x8c, 0x02, 0xfe, 0x00, 0x8c, 0x02, 0x0c, 0x00, 0xb4,
  0x02, 0x0c, 0x00, 0xb4, 0x03, 0xb9, 0x00, 0x64, 0x03, 0xb8, 0x00, 0x64,
  0x09, 0xc4, 0x00, 0xdc, 0x05, 0xaa, 0x00, 0x7d, 0x04, 0x3e, 0x00, 0x78,
  0x05, 0x62, 0x00, 0x7d, 0x04, 0xda, 0x00, 0x78, 0x05, 0x22, 0x00, 0x96,
  0x05, 0x0d, 0x00, 0x55, 0x06, 0x0e, 0x00, 0x19, 0x04, 0xe7, 0x00, 0x19,
  0x06, 0x14, 0x00, 0x7d, 0x05, 0xd8, 0x00, 0x19, 0x04, 0xd1, 0x00, 0x5f,
  0x04, 0x89, 0x00, 0x19, 0x06, 0x2b, 0x00, 0xd2, 0x06, 0x9c, 0x00, 0x19,
  0x05, 0xbb, 0x00, 0x19, 0x05, 0xbb, 0x00, 0x19, 0x05, 0x3e, 0x00, 0x19,
  0x04, 0x63, 0x00, 0x41, 0x04, 0xd1, 0x00, 0x5f, 0x07, 0xaf, 0x00, 0x19,
  0x04, 0x78, 0xff, 0xfa, 0x04, 0xb0, 0x01, 0x2c, 0x04, 0xb0, 0x01, 0x12,
  0x04, 0xb0, 0x01, 0x48, 0x04, 0xb0, 0x00, 0x71, 0x04, 0xb0, 0x00, 0x71,
  0x04, 0xb0, 0x00, 0x8e, 0x04, 0xb0, 0x00, 0x71, 0x04, 0xb0, 0x00, 0x71,
  0x04, 0xb0, 0x00, 0x71, 0x04, 0xb0, 0x00, 0x83, 0x04, 0xb0, 0x00, 0x83,
  0x04, 0xb0, 0x00, 0x71, 0x04, 0xb0, 0x00, 0x71, 0x04, 0xb0, 0x00, 0x71,
  0x05, 0xd6, 0x00, 0x99, 0x05, 0xd6, 0x00, 0x99, 0x05, 0x87, 0x00, 0x99,
  0x04, 0xb0, 0x00, 0x81, 0x07, 0x66, 0x00, 0x96, 0x03, 0x0a, 0x00, 0x30,
  0x05, 0x60, 0x00, 0x28, 0x05, 0xe3, 0x00, 0x32, 0x04, 0x6e, 0x00, 0x5a,
  0x05, 0xe0, 0x00, 0x71, 0x04, 0xb1, 0x00, 0xb4, 0x04, 0xa0, 0x00, 0x78,
  0x06, 0xa4, 0x00, 0x64, 0x09, 0x88, 0x00, 0x64, 0x04, 0xb0, 0x00, 0x81,
  0x00, 0x00, 0x00, 0x89, 0x00, 0x00, 0x00, 0x86, 0x00, 0x00, 0x00, 0x89,
  0x00, 0x00, 0x00, 0x87, 0x00, 0x00, 0x00, 0x8b, 0x00, 0x00, 0x00, 0x8b,
  0x00, 0x00, 0x00, 0x8b, 0x00, 0x00, 0x00, 0x73, 0x00, 0x00, 0x00, 0x76,
  0x00, 0x00, 0x01, 0x1c, 0x00, 0x00, 0x00, 0x86, 0x00, 0x00, 0x01, 0x53,
  0x00, 0x00, 0x00, 0xc3, 0x00, 0x00, 0x01, 0xd1, 0x00, 0x00, 0x00, 0x8b,
  0x00, 0x00, 0x00, 0x8b, 0x00, 0x00, 0x00, 0x89, 0x00, 0x00, 0x00, 0xb9,
  0x00, 0x00, 0x00, 0x73, 0x00, 0x00, 0x00, 0x5a, 0x00, 0x00, 0x00, 0xda,
  0x00, 0x00, 0xff, 0xf5, 0x00, 0x00, 0x00, 0x89, 0x00, 0x00, 0x01, 0x20,
  0x00, 0x00, 0x00, 0x82, 0x00, 0x00, 0x01, 0x20, 0x00, 0x00, 0x00, 0x76,
  0x00, 0x00, 0x01, 0x20, 0x00, 0x00, 0x00, 0xe7, 0x00, 0x00, 0x00, 0xac,
  0x00, 0x00, 0x00, 0x8a, 0x00, 0x00, 0x00, 0x5a, 0x00, 0x00, 0x00, 0xac,
  0x00, 0x00, 0xff, 0xf6, 0x03, 0x20, 0x00, 0x76, 0x03, 0x20, 0x01, 0x1c,
  0x03, 0x20, 0x00, 0x86, 0x03, 0x20, 0x01, 0x53, 0x03, 0x20, 0x00, 0xc3,
  0x03, 0x20, 0x00, 0x8b, 0x03, 0x20, 0x00, 0x5a, 0x03, 0x20, 0x00, 0x8b,
  0x03, 0x20, 0x00, 0x89, 0x03, 0x20, 0x00, 0xb9, 0x03, 0x20, 0x00, 0x73,
  0x03, 0x20, 0x00, 0x5a, 0x03, 0x20, 0x00, 0xe7, 0x03, 0x20, 0x00, 0xac,
  0x02, 0x4d, 0x00, 0x78, 0x02, 0xd9, 0x00, 0x14, 0x02, 0x7f, 0x00, 0x82,
  0xb0, 0x00, 0x2c, 0x20, 0xb0, 0x00, 0x55, 0x58, 0x45, 0x59, 0x20, 0x20,
  0x4b, 0xb8, 0x00, 0x0e, 0x51, 0x4b, 0xb0, 0x06, 0x53, 0x5a, 0x58, 0xb0,
  0x34, 0x1b, 0xb0, 0x28, 0x59, 0x60, 0x66, 0x20, 0x8a, 0x55, 0x58, 0xb0,
  0x02, 0x25, 0x61, 0xb9, 0x08, 0x00, 0x08, 0x00, 0x63, 0x63, 0x23, 0x62,
  0x1b, 0x21, 0x21, 0xb0, 0x00, 0x59, 0xb0, 0x00, 0x43, 0x23, 0x44, 0xb2,
  0x00, 0x01, 0x00, 0x43, 0x60, 0x42, 0x2d, 0xb0, 0x01, 0x2c, 0xb0, 0x20,
  0x60, 0x66, 0x2d, 0xb0, 0x02, 0x2c, 0x23, 0x21, 0x23, 0x21, 0x2d, 0xb0,
  0x03, 0x2c, 0x20, 0x64, 0xb3, 0x03, 0x14, 0x15, 0x00, 0x42, 0x43, 0xb0,
  0x13, 0x43, 0x20, 0x60, 0x60, 0x42, 0xb1, 0x02, 0x14, 0x43, 0x42, 0xb1,
  0x25, 0x03, 0x43, 0xb0, 0x02, 0x43, 0x54, 0x78, 0x20, 0xb0, 0x0c, 0x23,
  0xb0, 0x02, 0x43, 0x43, 0x61, 0x64, 0xb0, 0x04, 0x50, 0x78, 0xb2, 0x02,
  0x02, 0x02, 0x43, 0x60, 0x42, 0xb0, 0x21, 0x65, 0x1c, 0x21, 0xb0, 0x02,
  0x43, 0x43, 0xb2, 0x0e, 0x15, 0x01, 0x42, 0x1c, 0x20, 0xb0, 0x02, 0x43,
  0x23, 0x42, 0xb2, 0x13, 0x01, 0x13, 0x43, 0x60, 0x42, 0x23, 0xb0, 0x00,
  0x50, 0x58, 0x65, 0x59, 0xb2, 0x16, 0x01, 0x02, 0x43, 0x60, 0x42, 0x2d,
  0xb0, 0x04, 0x2c, 0xb0, 0x03, 0x2b, 0xb0, 0x15, 0x43, 0x58, 0x23, 0x21,
  0x23, 0x21, 0xb0, 0x16, 0x43, 0x43, 0x23, 0xb0, 0x00, 0x50, 0x58, 0x65,
  0x59, 0x1b, 0x20, 0x64, 0x20, 0xb0, 0xc0, 0x50, 0xb0, 0x04, 0x26, 0x5a,
  0xb2, 0x28, 0x01, 0x0d, 0x43, 0x45, 0x63, 0x45, 0xb0, 0x06, 0x45, 0x58,
  0x21, 0xb0, 0x03, 0x25, 0x59, 0x52, 0x5b, 0x58, 0x21, 0x23, 0x21, 0x1b,
  0x8a, 0x58, 0x20, 0xb0, 0x50, 0x50, 0x58, 0x21, 0xb0, 0x40, 0x59, 0x1b,
  0x20, 0xb0, 0x38, 0x50, 0x58, 0x21, 0xb0, 0x38, 0x59, 0x59, 0x20, 0xb1,
  0x01, 0x0d, 0x43, 0x45, 0x63, 0x45, 0x61, 0x64, 0xb0, 0x28, 0x50, 0x58,
  0x21, 0xb1, 0x01, 0x0d, 0x43, 0x45, 0x63, 0x45, 0x20, 0xb0, 0x30, 0x50,
  0x58, 0x21, 0xb0, 0x30, 0x59, 0x1b, 0x20, 0xb0, 0xc0, 0x50, 0x58, 0x20,
  0x66, 0x20, 0x8a, 0x8a, 0x61, 0x20, 0xb0, 0x0a, 0x50, 0x58, 0x60, 0x1b,
  0x20, 0xb0, 0x20, 0x50, 0x58, 0x21, 0xb0, 0x0a, 0x60, 0x1b, 0x20, 0xb0,
  0x36, 0x50, 0x58, 0x21, 0xb0, 0x36, 0x60, 0x1b, 0x60, 0x59, 0x59, 0x59,
  0x1b, 0xb0, 0x02, 0x25, 0xb0, 0x0c, 0x43, 0x63, 0xb0, 0x00, 0x52, 0x58,
  0xb0, 0x00, 0x4b, 0xb0, 0x0a, 0x50, 0x58, 0x21, 0xb0, 0x0c, 0x43, 0x1b,
  0x4b, 0xb0, 0x1e, 0x50, 0x58, 0x21, 0xb0, 0x1e, 0x4b, 0x61, 0xb8, 0x10,
  0x00, 0x63, 0xb0, 0x0c, 0x43, 0x63, 0xb8, 0x05, 0x00, 0x62, 0x59, 0x59,
  0x64, 0x61, 0x59, 0xb0, 0x01, 0x2b, 0x59, 0x59, 0x23, 0xb0, 0x00, 0x50,
  0x58, 0x65, 0x59, 0x59, 0x20, 0x64, 0xb0, 0x16, 0x43, 0x23, 0x42, 0x59,
  0x2d, 0xb0, 0x05, 0x2c, 0x20, 0x45, 0x20, 0xb0, 0x04, 0x25, 0x61, 0x64,
  0x20, 0xb0, 0x07, 0x43, 0x50, 0x58, 0xb0, 0x07, 0x23, 0x42, 0xb0, 0x08,
  0x23, 0x42, 0x1b, 0x21, 0x21, 0x59, 0xb0, 0x01, 0x60, 0x2d, 0xb0, 0x06,
  0x2c, 0x23, 0x21, 0x23, 0x21, 0xb0, 0x03, 0x2b, 0x20, 0x64, 0xb1, 0x07,
  0x62, 0x42, 0x20, 0xb0, 0x08, 0x23, 0x42, 0xb0, 0x06, 0x45, 0x58, 0x1b,
  0xb1, 0x01, 0x0d, 0x43, 0x45, 0x63, 0xb1, 0x01, 0x0d, 0x43, 0xb0, 0x03,
  0x60, 0x45, 0x63, 0xb0, 0x05, 0x2a, 0x21, 0x20, 0xb0, 0x08, 0x43, 0x20,
  0x8a, 0x20, 0x8a, 0xb0, 0x01, 0x2b, 0xb1, 0x30, 0x05, 0x25, 0xb0, 0x04,
  0x26, 0x51, 0x58, 0x60, 0x50, 0x1b, 0x61, 0x52, 0x59, 0x58, 0x23, 0x59,
  0x21, 0x59, 0x20, 0xb0, 0x40, 0x53, 0x58, 0xb0, 0x01, 0x2b, 0x1b, 0x21,
  0xb0, 0x40, 0x59, 0x23, 0xb0, 0x00, 0x50, 0x58, 0x65, 0x59, 0x2d, 0xb0,
  0x07, 0x2c, 0xb0, 0x09, 0x43, 0x2b, 0xb2, 0x00, 0x02, 0x00, 0x43, 0x60,
  0x42, 0x2d, 0xb0, 0x08, 0x2c, 0xb0, 0x09, 0x23, 0x42, 0x23, 0x20, 0xb0,
  0x00, 0x23, 0x42, 0x61, 0xb0, 0x02, 0x62, 0x66, 0xb0, 0x01, 0x63, 0xb0,
  0x01, 0x60, 0xb0, 0x07, 0x2a, 0x2d, 0xb0, 0x09, 0x2c, 0x20, 0x20, 0x45,
  0x20, 0xb0, 0x0e, 0x43, 0x63, 0xb8, 0x04, 0x00, 0x62, 0x20, 0xb0, 0x00,
  0x50, 0x58, 0xb0, 0x40, 0x60, 0x59, 0x66, 0xb0, 0x01, 0x63, 0x60, 0x44,
  0xb0, 0x01, 0x60, 0x2d, 0xb0, 0x0a, 0x2c, 0xb2, 0x09, 0x0e, 0x00, 0x43,
  0x45, 0x42, 0x2a, 0x21, 0xb2, 0x00, 0x01, 0x00, 0x43, 0x60, 0x42, 0x2d,
  0xb0, 0x0b, 0x2c, 0xb0, 0x00, 0x43, 0x23, 0x44, 0xb2, 0x00, 0x01, 0x00,
  0x43, 0x60, 0x42, 0x2d, 0xb0, 0x0c, 0x2c, 0x20, 0x20, 0x45, 0x20, 0xb0,
  0x01, 0x2b, 0x23, 0xb0, 0x00, 0x43, 0xb0, 0x04, 0x25, 0x60, 0x20, 0x45,
  0x8a, 0x23, 0x61, 0x20, 0x64, 0x20, 0xb0, 0x20, 0x50, 0x58, 0x21, 0xb0,
  0x00, 0x1b, 0xb0, 0x30, 0x50, 0x58, 0xb0, 0x20, 0x1b, 0xb0, 0x40, 0x59,
  0x59, 0x23, 0xb0, 0x00, 0x50, 0x58, 0x65, 0x59, 0xb0, 0x03, 0x25, 0x23,
  0x61, 0x44, 0x44, 0xb0, 0x01, 0x60, 0x2d, 0xb0, 0x0d, 0x2c, 0x20, 0x20,
  0x45, 0x20, 0xb0, 0x01, 0x2b, 0x23, 0xb0, 0x00, 0x43, 0xb0, 0x04, 0x25,
  0x60, 0x20, 0x45, 0x8a, 0x23, 0x61, 0x20, 0x64, 0xb0, 0x24, 0x50, 0x58,
  0xb0, 0x00, 0x1b, 0xb0, 0x40, 0x59, 0x23, 0xb0, 0x00, 0x50, 0x58, 0x65,
  0x59, 0xb0, 0x03, 0x25, 0x23, 0x61, 0x44, 0x44, 0xb0, 0x01, 0x60, 0x2d,
  0xb0, 0x0e, 0x2c, 0x20, 0xb0, 0x00, 0x23, 0x42, 0xb3, 0x0d, 0x0c, 0x00,
  0x03, 0x45, 0x50, 0x58, 0x21, 0x1b, 0x23, 0x21, 0x59, 0x2a, 0x21, 0x2d,
  0xb0, 0x0f, 0x2c, 0xb1, 0x02, 0x02, 0x45, 0xb0, 0x64, 0x61, 0x44, 0x2d,
  0xb0, 0x10, 0x2c, 0xb0, 0x01, 0x60, 0x20, 0x20, 0xb0, 0x0f, 0x43, 0x4a,
  0xb0, 0x00, 0x50, 0x58, 0x20, 0xb0, 0x0f, 0x23, 0x42, 0x59, 0xb0, 0x10,
  0x43, 0x4a, 0xb0, 0x00, 0x52, 0x58, 0x20, 0xb0, 0x10, 0x23, 0x42, 0x59,
  0x2d, 0xb0, 0x11, 0x2c, 0x20, 0xb0, 0x10, 0x62, 0x66, 0xb0, 0x01, 0x63,
  0x20, 0xb8, 0x04, 0x00, 0x63, 0x8a, 0x23, 0x61, 0xb0, 0x11, 0x43, 0x60,
  0x20, 0x8a, 0x60, 0x20, 0xb0, 0x11, 0x23, 0x42, 0x23, 0x2d, 0xb0, 0x12,
  0x2c, 0x4b, 0x54, 0x58, 0xb1, 0x04, 0x64, 0x44, 0x59, 0x24, 0xb0, 0x0d,
  0x65, 0x23, 0x78, 0x2d, 0xb0, 0x13, 0x2c, 0x4b, 0x51, 0x58, 0x4b, 0x53,
  0x58, 0xb1, 0x04, 0x64, 0x44, 0x59, 0x1b, 0x21, 0x59, 0x24, 0xb0, 0x13,
  0x65, 0x23, 0x78, 0x2d, 0xb0, 0x14, 0x2c, 0xb1, 0x00, 0x12, 0x43, 0x55,
  0x58, 0xb1, 0x12, 0x12, 0x43, 0xb0, 0x01, 0x61, 0x42, 0xb0, 0x11, 0x2b,
  0x59, 0xb0, 0x00, 0x43, 0xb0, 0x02, 0x25, 0x42, 0xb1, 0x0f, 0x02, 0x25,
  0x42, 0xb1, 0x10, 0x02, 0x25, 0x42, 0xb0, 0x01, 0x16, 0x23, 0x20, 0xb0,
  0x03, 0x25, 0x50, 0x58, 0xb1, 0x01, 0x00, 0x43, 0x60, 0xb0, 0x04, 0x25,
  0x42, 0x8a, 0x8a, 0x20, 0x8a, 0x23, 0x61, 0xb0, 0x10, 0x2a, 0x21, 0x23,
  0xb0, 0x01, 0x61, 0x20, 0x8a, 0x23, 0x61, 0xb0, 0x10, 0x2a, 0x21, 0x1b,
  0xb1, 0x01, 0x00, 0x43, 0x60, 0xb0, 0x02, 0x25, 0x42, 0xb0, 0x02, 0x25,
  0x61, 0xb0, 0x10, 0x2a, 0x21, 0x59, 0xb0, 0x0f, 0x43, 0x47, 0xb0, 0x10,
  0x43, 0x47, 0x60, 0xb0, 0x02, 0x62, 0x20, 0xb0, 0x00, 0x50, 0x58, 0xb0,
  0x40, 0x60, 0x59, 0x66, 0xb0, 0x01, 0x63, 0x20, 0xb0, 0x0e, 0x43, 0x63,
  0xb8, 0x04, 0x00, 0x62, 0x20, 0xb0, 0x00, 0x50, 0x58, 0xb0, 0x40, 0x60,
  0x59, 0x66, 0xb0, 0x01, 0x63, 0x60, 0xb1, 0x00, 0x00, 0x13, 0x23, 0x44,
  0xb0, 0x01, 0x43, 0xb0, 0x00, 0x3e, 0xb2, 0x01, 0x01, 0x01, 0x43, 0x60,
  0x42, 0x2d, 0xb0, 0x15, 0x2c, 0x00, 0xb1, 0x00, 0x02, 0x45, 0x54, 0x58,
  0xb0, 0x12, 0x23, 0x42, 0x20, 0x45, 0xb0, 0x0e, 0x23, 0x42, 0xb0, 0x0d,
  0x23, 0xb0, 0x03, 0x60, 0x42, 0x20, 0x60, 0xb7, 0x18, 0x18, 0x01, 0x00,
  0x11, 0x00, 0x13, 0x00, 0x42, 0x42, 0x42, 0x8a, 0x60, 0x20, 0xb0, 0x14,
  0x23, 0x42, 0xb0, 0x01, 0x61, 0xb1, 0x14, 0x08, 0x2b, 0xb0, 0x8b, 0x2b,
  0x1b, 0x22, 0x59, 0x2d, 0xb0, 0x16, 0x2c, 0xb1, 0x00, 0x15, 0x2b, 0x2d,
  0xb0, 0x17, 0x2c, 0xb1, 0x01, 0x15, 0x2b, 0x2d, 0xb0, 0x18, 0x2c, 0xb1,
  0x02, 0x15, 0x2b, 0x2d, 0xb0, 0x19, 0x2c, 0xb1, 0x03, 0x15, 0x2b, 0x2d,
  0xb0, 0x1a, 0x2c, 0xb1, 0x04, 0x15, 0x2b, 0x2d, 0xb0, 0x1b, 0x2c, 0xb1,
  0x05, 0x15, 0x2b, 0x2d, 0xb0, 0x1c, 0x2c, 0xb1, 0x06, 0x15, 0x2b, 0x2d,
  0xb0, 0x1d, 0x2c, 0xb1, 0x07, 0x15, 0x2b, 0x2d, 0xb0, 0x1e, 0x2c, 0xb1,
  0x08, 0x15, 0x2b, 0x2d, 0xb0, 0x1f, 0x2c, 0xb1, 0x09, 0x15, 0x2b, 0x2d,
  0xb0, 0x2b, 0x2c, 0x23, 0x20, 0xb0, 0x10, 0x62, 0x66, 0xb0, 0x01, 0x63,
  0xb0, 0x06, 0x60, 0x4b, 0x54, 0x58, 0x23, 0x20, 0x2e, 0xb0, 0x01, 0x5d,
  0x1b, 0x21, 0x21, 0x59, 0x2d, 0xb0, 0x2c, 0x2c, 0x23, 0x20, 0xb0, 0x10,
  0x62, 0x66, 0xb0, 0x01, 0x63, 0xb0, 0x16, 0x60, 0x4b, 0x54, 0x58, 0x23,
  0x20, 0x2e, 0xb0, 0x01, 0x71, 0x1b, 0x21, 0x21, 0x59, 0x2d, 0xb0, 0x2d,
  0x2c, 0x23, 0x20, 0xb0, 0x10, 0x62, 0x66, 0xb0, 0x01, 0x63, 0xb0, 0x26,
  0x60, 0x4b, 0x54, 0x58, 0x23, 0x20, 0x2e, 0xb0, 0x01, 0x72, 0x1b, 0x21,
  0x21, 0x59, 0x2d, 0xb0, 0x20, 0x2c, 0x00, 0xb0, 0x0f, 0x2b, 0xb1, 0x00,
  0x02, 0x45, 0x54, 0x58, 0xb0, 0x12, 0x23, 0x42, 0x20, 0x45, 0xb0, 0x0e,
  0x23, 0x42, 0xb0, 0x0d, 0x23, 0xb0, 0x03, 0x60, 0x42, 0x20, 0x60, 0xb0,
  0x01, 0x61, 0xb5, 0x18, 0x18, 0x01, 0x00, 0x11, 0x00, 0x42, 0x42, 0x8a,
  0x60, 0xb1, 0x14, 0x08, 0x2b, 0xb0, 0x8b, 0x2b, 0x1b, 0x22, 0x59, 0x2d,
  0xb0, 0x21, 0x2c, 0xb1, 0x00, 0x20, 0x2b, 0x2d, 0xb0, 0x22, 0x2c, 0xb1,
  0x01, 0x20, 0x2b, 0x2d, 0xb0, 0x23, 0x2c, 0xb1, 0x02, 0x20, 0x2b, 0x2d,
  0xb0, 0x24, 0x2c, 0xb1, 0x03, 0x20, 0x2b, 0x2d, 0xb0, 0x25, 0x2c, 0xb1,
  0x04, 0x20, 0x2b, 0x2d, 0xb0, 0x26, 0x2c, 0xb1, 0x05, 0x20, 0x2b, 0x2d,
  0xb0, 0x27, 0x2c, 0xb1, 0x06, 0x20, 0x2b, 0x2d, 0xb0, 0x28, 0x2c, 0xb1,
  0x07, 0x20, 0x2b, 0x2d, 0xb0, 0x29, 0x2c, 0xb1, 0x08, 0x20, 0x2b, 0x2d,
  0xb0, 0x2a, 0x2c, 0xb1, 0x09, 0x20, 0x2b, 0x2d, 0xb0, 0x2e, 0x2c, 0x20,
  0x3c, 0xb0, 0x01, 0x60, 0x2d, 0xb0, 0x2f, 0x2c, 0x20, 0x60, 0xb0, 0x18,
  0x60, 0x20, 0x43, 0x23, 0xb0, 0x01, 0x60, 0x43, 0xb0, 0x02, 0x25, 0x61,
  0xb0, 0x01, 0x60, 0xb0, 0x2e, 0x2a, 0x21, 0x2d, 0xb0, 0x30, 0x2c, 0xb0,
  0x2f, 0x2b, 0xb0, 0x2f, 0x2a, 0x2d, 0xb0, 0x31, 0x2c, 0x20, 0x20, 0x47,
  0x20, 0x20, 0xb0, 0x0e, 0x43, 0x63, 0xb8, 0x04, 0x00, 0x62, 0x20, 0xb0,
  0x00, 0x50, 0x58, 0xb0, 0x40, 0x60, 0x59, 0x66, 0xb0, 0x01, 0x63, 0x60,
  0x23, 0x61, 0x38, 0x23, 0x20, 0x8a, 0x55, 0x58, 0x20, 0x47, 0x20, 0x20,
  0xb0, 0x0e, 0x43, 0x63, 0xb8, 0x04, 0x00, 0x62, 0x20, 0xb0, 0x00, 0x50,
  0x58, 0xb0, 0x40, 0x60, 0x59, 0x66, 0xb0, 0x01, 0x63, 0x60, 0x23, 0x61,
  0x38, 0x1b, 0x21, 0x59, 0x2d, 0xb0, 0x32, 0x2c, 0x00, 0xb1, 0x00, 0x02,
  0x45, 0x54, 0x58, 0xb1, 0x0e, 0x06, 0x45, 0x42, 0xb0, 0x01, 0x16, 0xb0,
  0x31, 0x2a, 0xb1, 0x05, 0x01, 0x15, 0x45, 0x58, 0x30, 0x59, 0x1b, 0x22,
  0x59, 0x2d, 0xb0, 0x33, 0x2c, 0x00, 0xb0, 0x0f, 0x2b, 0xb1, 0x00, 0x02,
  0x45, 0x54, 0x58, 0xb1, 0x0e, 0x06, 0x45, 0x42, 0xb0, 0x01, 0x16, 0xb0,
  0x31, 0x2a, 0xb1, 0x05, 0x01, 0x15, 0x45, 0x58, 0x30, 0x59, 0x1b, 0x22,
  0x59, 0x2d, 0xb0, 0x34, 0x2c, 0x20, 0x35, 0xb0, 0x01, 0x60, 0x2d, 0xb0,
  0x35, 0x2c, 0x00, 0xb1, 0x0e, 0x06, 0x45, 0x42, 0xb0, 0x01, 0x45, 0x63,
  0xb8, 0x04, 0x00, 0x62, 0x20, 0xb0, 0x00, 0x50, 0x58, 0xb0, 0x40, 0x60,
  0x59, 0x66, 0xb0, 0x01, 0x63, 0xb0, 0x01, 0x2b, 0xb0, 0x0e, 0x43, 0x63,
  0xb8, 0x04, 0x00, 0x62, 0x20, 0xb0, 0x00, 0x50, 0x58, 0xb0, 0x40, 0x60,
  0x59, 0x66, 0xb0, 0x01, 0x63, 0xb0, 0x01, 0x2b, 0xb0, 0x00, 0x16, 0xb4,
  0x00, 0x00, 0x00, 0x00, 0x00, 0x44, 0x3e, 0x23, 0x38, 0xb1, 0x34, 0x01,
  0x15, 0x2a, 0x21, 0x2d, 0xb0, 0x36, 0x2c, 0x20, 0x3c, 0x20, 0x47, 0x20,
  0xb0, 0x0e, 0x43, 0x63, 0xb8, 0x04, 0x00, 0x62, 0x20, 0xb0, 0x00, 0x50,
  0x58, 0xb0, 0x40, 0x60, 0x59, 0x66, 0xb0, 0x01, 0x63, 0x60, 0xb0, 0x00,
  0x43, 0x61, 0x38, 0x2d, 0xb0, 0x37, 0x2c, 0x2e, 0x17, 0x3c, 0x2d, 0xb0,
  0x38, 0x2c, 0x20, 0x3c, 0x20, 0x47, 0x20, 0xb0, 0x0e, 0x43, 0x63, 0xb8,
  0x04, 0x00, 0x62, 0x20, 0xb0, 0x00, 0x50, 0x58, 0xb0, 0x40, 0x60, 0x59,
  0x66, 0xb0, 0x01, 0x63, 0x60, 0xb0, 0x00, 0x43, 0x61, 0xb0, 0x01, 0x43,
  0x63, 0x38, 0x2d, 0xb0, 0x39, 0x2c, 0xb1, 0x02, 0x00, 0x16, 0x25, 0x20,
  0x2e, 0x20, 0x47, 0xb0, 0x00, 0x23, 0x42, 0xb0, 0x02, 0x25, 0x49, 0x8a,
  0x8a, 0x47, 0x23, 0x47, 0x23, 0x61, 0x20, 0x58, 0x62, 0x1b, 0x21, 0x59,
  0xb0, 0x01, 0x23, 0x42, 0xb2, 0x38, 0x01, 0x01, 0x15, 0x14, 0x2a, 0x2d,
  0xb0, 0x3a, 0x2c, 0xb0, 0x00, 0x16, 0xb0, 0x17, 0x23, 0x42, 0xb0, 0x04,
  0x25, 0xb0, 0x04, 0x25, 0x47, 0x23, 0x47, 0x23, 0x61, 0xb1, 0x0c, 0x00,
  0x42, 0xb0, 0x0b, 0x43, 0x2b, 0x65, 0x8a, 0x2e, 0x23, 0x20, 0x20, 0x3c,
  0x8a, 0x38, 0x2d, 0xb0, 0x3b, 0x2c, 0xb0, 0x00, 0x16, 0xb0, 0x17, 0x23,
  0x42, 0xb0, 0x04, 0x25, 0xb0, 0x04, 0x25, 0x20, 0x2e, 0x47, 0x23, 0x47,
  0x23, 0x61, 0x20, 0xb0, 0x06, 0x23, 0x42, 0xb1, 0x0c, 0x00, 0x42, 0xb0,
  0x0b, 0x43, 0x2b, 0x20, 0xb0, 0x60, 0x50, 0x58, 0x20, 0xb0, 0x40, 0x51,
  0x58, 0xb3, 0x04, 0x20, 0x05, 0x20, 0x1b, 0xb3, 0x04, 0x26, 0x05, 0x1a,
  0x59, 0x42, 0x42, 0x23, 0x20, 0xb0, 0x0a, 0x43, 0x20, 0x8a, 0x23, 0x47,
  0x23, 0x47, 0x23, 0x61, 0x23, 0x46, 0x60, 0xb0, 0x06, 0x43, 0xb0, 0x02,
  0x62, 0x20, 0xb0, 0x00, 0x50, 0x58, 0xb0, 0x40, 0x60, 0x59, 0x66, 0xb0,
  0x01, 0x63, 0x60, 0x20, 0xb0, 0x01, 0x2b, 0x20, 0x8a, 0x8a, 0x61, 0x20,
  0xb0, 0x04, 0x43, 0x60, 0x64, 0x23, 0xb0, 0x05, 0x43, 0x61, 0x64, 0x50,
  0x58, 0xb0, 0x04, 0x43, 0x61, 0x1b, 0xb0, 0x05, 0x43, 0x60, 0x59, 0xb0,
  0x03, 0x25, 0xb0, 0x02, 0x62, 0x20, 0xb0, 0x00, 0x50, 0x58, 0xb0, 0x40,
  0x60, 0x59, 0x66, 0xb0, 0x01, 0x63, 0x61, 0x23, 0x20, 0x20, 0xb0, 0x04,
  0x26, 0x23, 0x46, 0x61, 0x38, 0x1b, 0x23, 0xb0, 0x0a, 0x43, 0x46, 0xb0,
  0x02, 0x25, 0xb0, 0x0a, 0x43, 0x47, 0x23, 0x47, 0x23, 0x61, 0x60, 0x20,
  0xb0, 0x06, 0x43, 0xb0, 0x02, 0x62, 0x20, 0xb0, 0x00, 0x50, 0x58, 0xb0,
  0x40, 0x60, 0x59, 0x66, 0xb0, 0x01, 0x63, 0x60, 0x23, 0x20, 0xb0, 0x01,
  0x2b, 0x23, 0xb0, 0x06, 0x43, 0x60, 0xb0, 0x01, 0x2b, 0xb0, 0x05, 0x25,
  0x61, 0xb0, 0x05, 0x25, 0xb0, 0x02, 0x62, 0x20, 0xb0, 0x00, 0x50, 0x58,
  0xb0, 0x40, 0x60, 0x59, 0x66, 0xb0, 0x01, 0x63, 0xb0, 0x04, 0x26, 0x61,
  0x20, 0xb0, 0x04, 0x25, 0x60, 0x64, 0x23, 0xb0, 0x03, 0x25, 0x60, 0x64,
  0x50, 0x58, 0x21, 0x1b, 0x23, 0x21, 0x59, 0x23, 0x20, 0x20, 0xb0, 0x04,
  0x26, 0x23, 0x46, 0x61, 0x38, 0x59, 0x2d, 0xb0, 0x3c, 0x2c, 0xb0, 0x00,
  0x16, 0xb0, 0x17, 0x23, 0x42, 0x20, 0x20, 0x20, 0xb0, 0x05, 0x26, 0x20,
  0x2e, 0x47, 0x23, 0x47, 0x23, 0x61, 0x23, 0x3c, 0x38, 0x2d, 0xb0, 0x3d,
  0x2c, 0xb0, 0x00, 0x16, 0xb0, 0x17, 0x23, 0x42, 0x20, 0xb0, 0x0a, 0x23,
  0x42, 0x20, 0x20, 0x20, 0x46, 0x23, 0x47, 0xb0, 0x01, 0x2b, 0x23, 0x61,
  0x38, 0x2d, 0xb0, 0x3e, 0x2c, 0xb0, 0x00, 0x16, 0xb0, 0x17, 0x23, 0x42,
  0xb0, 0x03, 0x25, 0xb0, 0x02, 0x25, 0x47, 0x23, 0x47, 0x23, 0x61, 0xb0,
  0x00, 0x54, 0x58, 0x2e, 0x20, 0x3c, 0x23, 0x21, 0x1b, 0xb0, 0x02, 0x25,
  0xb0, 0x02, 0x25, 0x47, 0x23, 0x47, 0x23, 0x61, 0x20, 0xb0, 0x05, 0x25,
  0xb0, 0x04, 0x25, 0x47, 0x23, 0x47, 0x23, 0x61, 0xb0, 0x06, 0x25, 0xb0,
  0x05, 0x25, 0x49, 0xb0, 0x02, 0x25, 0x61, 0xb9, 0x08, 0x00, 0x08, 0x00,
  0x63, 0x63, 0x23, 0x20, 0x58, 0x62, 0x1b, 0x21, 0x59, 0x63, 0xb8, 0x04,
  0x00, 0x62, 0x20, 0xb0, 0x00, 0x50, 0x58, 0xb0, 0x40, 0x60, 0x59, 0x66,
  0xb0, 0x01, 0x63, 0x60, 0x23, 0x2e, 0x23, 0x20, 0x20, 0x3c, 0x8a, 0x38,
  0x23, 0x21, 0x59, 0x2d, 0xb0, 0x3f, 0x2c, 0xb0, 0x00, 0x16, 0xb0, 0x17,
  0x23, 0x42, 0x20, 0xb0, 0x0a, 0x43, 0x20, 0x2e, 0x47, 0x23, 0x47, 0x23,
  0x61, 0x20, 0x60, 0xb0, 0x20, 0x60, 0x66, 0xb0, 0x02, 0x62, 0x20, 0xb0,
  0x00, 0x50, 0x58, 0xb0, 0x40, 0x60, 0x59, 0x66, 0xb0, 0x01, 0x63, 0x23,
  0x20, 0x20, 0x3c, 0x8a, 0x38, 0x2d, 0xb0, 0x40, 0x2c, 0x23, 0x20, 0x2e,
  0x46, 0xb0, 0x02, 0x25, 0x46, 0xb0, 0x17, 0x43, 0x58, 0x50, 0x1b, 0x52,
  0x59, 0x58, 0x20, 0x3c, 0x59, 0x2e, 0xb1, 0x30, 0x01, 0x14, 0x2b, 0x2d,
  0xb0, 0x41, 0x2c, 0x23, 0x20, 0x2e, 0x46, 0xb0, 0x02, 0x25, 0x46, 0xb0,
  0x17, 0x43, 0x58, 0x52, 0x1b, 0x50, 0x59, 0x58, 0x20, 0x3c, 0x59, 0x2e,
  0xb1, 0x30, 0x01, 0x14, 0x2b, 0x2d, 0xb0, 0x42, 0x2c, 0x23, 0x20, 0x2e,
  0x46, 0xb0, 0x02, 0x25, 0x46, 0xb0, 0x17, 0x43, 0x58, 0x50, 0x1b, 0x52,
  0x59, 0x58, 0x20, 0x3c, 0x59, 0x23, 0x20, 0x2e, 0x46, 0xb0, 0x02, 0x25,
  0x46, 0xb0, 0x17, 0x43, 0x58, 0x52, 0x1b, 0x50, 0x59, 0x58, 0x20, 0x3c,
  0x59, 0x2e, 0xb1, 0x30, 0x01, 0x14, 0x2b, 0x2d, 0xb0, 0x43, 0x2c, 0xb0,
  0x3a, 0x2b, 0x23, 0x20, 0x2e, 0x46, 0xb0, 0x02, 0x25, 0x46, 0xb0, 0x17,
  0x43, 0x58, 0x50, 0x1b, 0x52, 0x59, 0x58, 0x20, 0x3c, 0x59, 0x2e, 0xb1,
  0x30, 0x01, 0x14, 0x2b, 0x2d, 0xb0, 0x44, 0x2c, 0xb0, 0x3b, 0x2b, 0x8a,
  0x20, 0x20, 0x3c, 0xb0, 0x06, 0x23, 0x42, 0x8a, 0x38, 0x23, 0x20, 0x2e,
  0x46, 0xb0, 0x02, 0x25, 0x46, 0xb0, 0x17, 0x43, 0x58, 0x50, 0x1b, 0x52,
  0x59, 0x58, 0x20, 0x3c, 0x59, 0x2e, 0xb1, 0x30, 0x01, 0x14, 0x2b, 0xb0,
  0x06, 0x43, 0x2e, 0xb0, 0x30, 0x2b, 0x2d, 0xb0, 0x45, 0x2c, 0xb0, 0x00,
  0x16, 0xb0, 0x04, 0x25, 0xb0, 0x04, 0x26, 0x20, 0x20, 0x20, 0x46, 0x23,
  0x47, 0x61, 0xb0, 0x0c, 0x23, 0x42, 0x2e, 0x47, 0x23, 0x47, 0x23, 0x61,
  0xb0, 0x0b, 0x43, 0x2b, 0x23, 0x20, 0x3c, 0x20, 0x2e, 0x23, 0x38, 0xb1,
  0x30, 0x01, 0x14, 0x2b, 0x2d, 0xb0, 0x46, 0x2c, 0xb1, 0x0a, 0x04, 0x25,
  0x42, 0xb0, 0x00, 0x16, 0xb0, 0x04, 0x25, 0xb0, 0x04, 0x25, 0x20, 0x2e,
  0x47, 0x23, 0x47, 0x23, 0x61, 0x20, 0xb0, 0x06, 0x23, 0x42, 0xb1, 0x0c,
  0x00, 0x42, 0xb0, 0x0b, 0x43, 0x2b, 0x20, 0xb0, 0x60, 0x50, 0x58, 0x20,
  0xb0, 0x40, 0x51, 0x58, 0xb3, 0x04, 0x20, 0x05, 0x20, 0x1b, 0xb3, 0x04,
  0x26, 0x05, 0x1a, 0x59, 0x42, 0x42, 0x23, 0x20, 0x47, 0xb0, 0x06, 0x43,
  0xb0, 0x02, 0x62, 0x20, 0xb0, 0x00, 0x50, 0x58, 0xb0, 0x40, 0x60, 0x59,
  0x66, 0xb0, 0x01, 0x63, 0x60, 0x20, 0xb0, 0x01, 0x2b, 0x20, 0x8a, 0x8a,
  0x61, 0x20, 0xb0, 0x04, 0x43, 0x60, 0x64, 0x23, 0xb0, 0x05, 0x43, 0x61,
  0x64, 0x50, 0x58, 0xb0, 0x04, 0x43, 0x61, 0x1b, 0xb0, 0x05, 0x43, 0x60,
  0x59, 0xb0, 0x03, 0x25, 0xb0, 0x02, 0x62, 0x20, 0xb0, 0x00, 0x50, 0x58,
  0xb0, 0x40, 0x60, 0x59, 0x66, 0xb0, 0x01, 0x63, 0x61, 0xb0, 0x02, 0x25,
  0x46, 0x61, 0x38, 0x23, 0x20, 0x3c, 0x23, 0x38, 0x1b, 0x21, 0x20, 0x20,
  0x46, 0x23, 0x47, 0xb0, 0x01, 0x2b, 0x23, 0x61, 0x38, 0x21, 0x59, 0xb1,
  0x30, 0x01, 0x14, 0x2b, 0x2d, 0xb0, 0x47, 0x2c, 0xb1, 0x00, 0x3a, 0x2b,
  0x2e, 0xb1, 0x30, 0x01, 0x14, 0x2b, 0x2d, 0xb0, 0x48, 0x2c, 0xb1, 0x00,
  0x3b, 0x2b, 0x21, 0x23, 0x20, 0x20, 0x3c, 0xb0, 0x06, 0x23, 0x42, 0x23,
  0x38, 0xb1, 0x30, 0x01, 0x14, 0x2b, 0xb0, 0x06, 0x43, 0x2e, 0xb0, 0x30,
  0x2b, 0x2d, 0xb0, 0x49, 0x2c, 0xb0, 0x00, 0x15, 0x20, 0x47, 0xb0, 0x00,
  0x23, 0x42, 0xb2, 0x00, 0x01, 0x01, 0x15, 0x14, 0x13, 0x2e, 0xb0, 0x36,
  0x2a, 0x2d, 0xb0, 0x4a, 0x2c, 0xb0, 0x00, 0x15, 0x20, 0x47, 0xb0, 0x00,
  0x23, 0x42, 0xb2, 0x00, 0x01, 0x01, 0x15, 0x14, 0x13, 0x2e, 0xb0, 0x36,
  0x2a, 0x2d, 0xb0, 0x4b, 0x2c, 0xb1, 0x00, 0x01, 0x14, 0x13, 0xb0, 0x37,
  0x2a, 0x2d, 0xb0, 0x4c, 0x2c, 0xb0, 0x39, 0x2a, 0x2d, 0xb0, 0x4d, 0x2c,
  0xb0, 0x00, 0x16, 0x45, 0x23, 0x20, 0x2e, 0x20, 0x46, 0x8a, 0x23, 0x61,
  0x38, 0xb1, 0x30, 0x01, 0x14, 0x2b, 0x2d, 0xb0, 0x4e, 0x2c, 0xb0, 0x0a,
  0x23, 0x42, 0xb0, 0x4d, 0x2b, 0x2d, 0xb0, 0x4f, 0x2c, 0xb2, 0x00, 0x00,
  0x46, 0x2b, 0x2d, 0xb0, 0x50, 0x2c, 0xb2, 0x00, 0x01, 0x46, 0x2b, 0x2d,
  0xb0, 0x51, 0x2c, 0xb2, 0x01, 0x00, 0x46, 0x2b, 0x2d, 0xb0, 0x52, 0x2c,
  0xb2, 0x01, 0x01, 0x46, 0x2b, 0x2d, 0xb0, 0x53, 0x2c, 0xb2, 0x00, 0x00,
  0x47, 0x2b, 0x2d, 0xb0, 0x54, 0x2c, 0xb2, 0x00, 0x01, 0x47, 0x2b, 0x2d,
  0xb0, 0x55, 0x2c, 0xb2, 0x01, 0x00, 0x47, 0x2b, 0x2d, 0xb0, 0x56, 0x2c,
  0xb2, 0x01, 0x01, 0x47, 0x2b, 0x2d, 0xb0, 0x57, 0x2c, 0xb3, 0x00, 0x00,
  0x00, 0x43, 0x2b, 0x2d, 0xb0, 0x58, 0x2c, 0xb3, 0x00, 0x01, 0x00, 0x43,
  0x2b, 0x2d, 0xb0, 0x59, 0x2c, 0xb3, 0x01, 0x00, 0x00, 0x43, 0x2b, 0x2d,
  0xb0, 0x5a, 0x2c, 0xb3, 0x01, 0x01, 0x00, 0x43, 0x2b, 0x2d, 0xb0, 0x5b,
  0x2c, 0xb3, 0x00, 0x00, 0x01, 0x43, 0x2b, 0x2d, 0xb0, 0x5c, 0x2c, 0xb3,
  0x00, 0x01, 0x01, 0x43, 0x2b, 0x2d, 0xb0, 0x5d, 0x2c, 0xb3, 0x01, 0x00,
  0x01, 0x43, 0x2b, 0x2d, 0xb0, 0x5e, 0x2c, 0xb3, 0x01, 0x01, 0x01, 0x43,
  0x2b, 0x2d, 0xb0, 0x5f, 0x2c, 0xb2, 0x00, 0x00, 0x45, 0x2b, 0x2d, 0xb0,
  0x60, 0x2c, 0xb2, 0x00, 0x01, 0x45, 0x2b, 0x2d, 0xb0, 0x61, 0x2c, 0xb2,
  0x01, 0x00, 0x45, 0x2b, 0x2d, 0xb0, 0x62, 0x2c, 0xb2, 0x01, 0x01, 0x45,
  0x2b, 0x2d, 0xb0, 0x63, 0x2c, 0xb2, 0x00, 0x00, 0x48, 0x2b, 0x2d, 0xb0,
  0x64, 0x2c, 0xb2, 0x00, 0x01, 0x48, 0x2b, 0x2d, 0xb0, 0x65, 0x2c, 0xb2,
  0x01, 0x00, 0x48, 0x2b, 0x2d, 0xb0, 0x66, 0x2c, 0xb2, 0x01, 0x01, 0x48,
  0x2b, 0x2d, 0xb0, 0x67, 0x2c, 0xb3, 0x00, 0x00, 0x00, 0x44, 0x2b, 0x2d,
  0xb0, 0x68, 0x2c, 0xb3, 0x00, 0x01, 0x00, 0x44, 0x2b, 0x2d, 0xb0, 0x69,
  0x2c, 0xb3, 0x01, 0x00, 0x00, 0x44, 0x2b, 0x2d, 0xb0, 0x6a, 0x2c, 0xb3,
  0x01, 0x01, 0x00, 0x44, 0x2b, 0x2d, 0xb0, 0x6b, 0x2c, 0xb3, 0x00, 0x00,
  0x01, 0x44, 0x2b, 0x2d, 0xb0, 0x6c, 0x2c, 0xb3, 0x00, 0x01, 0x01, 0x44,
  0x2b, 0x2d, 0xb0, 0x6d, 0x2c, 0xb3, 0x01, 0x00, 0x01, 0x44, 0x2b, 0x2d,
  0xb0, 0x6e, 0x2c, 0xb3, 0x01, 0x01, 0x01, 0x44, 0x2b, 0x2d, 0xb0, 0x6f,
  0x2c, 0xb1, 0x00, 0x3c, 0x2b, 0x2e, 0xb1, 0x30, 0x01, 0x14, 0x2b, 0x2d,
  0xb0, 0x70, 0x2c, 0xb1, 0x00, 0x3c, 0x2b, 0xb0, 0x40, 0x2b, 0x2d, 0xb0,
  0x71, 0x2c, 0xb1, 0x00, 0x3c, 0x2b, 0xb0, 0x41, 0x2b, 0x2d, 0xb0, 0x72,
  0x2c, 0xb0, 0x00, 0x16, 0xb1, 0x00, 0x3c, 0x2b, 0xb0, 0x42, 0x2b, 0x2d,
  0xb0, 0x73, 0x2c, 0xb1, 0x01, 0x3c, 0x2b, 0xb0, 0x40, 0x2b, 0x2d, 0xb0,
  0x74, 0x2c, 0xb1, 0x01, 0x3c, 0x2b, 0xb0, 0x41, 0x2b, 0x2d, 0xb0, 0x75,
  0x2c, 0xb0, 0x00, 0x16, 0xb1, 0x01, 0x3c, 0x2b, 0xb0, 0x42, 0x2b, 0x2d,
  0xb0, 0x76, 0x2c, 0xb1, 0x00, 0x3d, 0x2b, 0x2e, 0xb1, 0x30, 0x01, 0x14,
  0x2b, 0x2d, 0xb0, 0x77, 0x2c, 0xb1, 0x00, 0x3d, 0x2b, 0xb0, 0x40, 0x2b,
  0x2d, 0xb0, 0x78, 0x2c, 0xb1, 0x00, 0x3d, 0x2b, 0xb0, 0x41, 0x2b, 0x2d,
  0xb0, 0x79, 0x2c, 0xb1, 0x00, 0x3d, 0x2b, 0xb0, 0x42, 0x2b, 0x2d, 0xb0,
  0x7a, 0x2c, 0xb1, 0x01, 0x3d, 0x2b, 0xb0, 0x40, 0x2b, 0x2d, 0xb0, 0x7b,
  0x2c, 0xb1, 0x01, 0x3d, 0x2b, 0xb0, 0x41, 0x2b, 0x2d, 0xb0, 0x7c, 0x2c,
  0xb1, 0x01, 0x3d, 0x2b, 0xb0, 0x42, 0x2b, 0x2d, 0xb0, 0x7d, 0x2c, 0xb1,
  0x00, 0x3e, 0x2b, 0x2e, 0xb1, 0x30, 0x01, 0x14, 0x2b, 0x2d, 0xb0, 0x7e,
  0x2c, 0xb1, 0x00, 0x3e, 0x2b, 0xb0, 0x40, 0x2b, 0x2d, 0xb0, 0x7f, 0x2c,
  0xb1, 0x00, 0x3e, 0x2b, 0xb0, 0x41, 0x2b, 0x2d, 0xb0, 0x80, 0x2c, 0xb1,
  0x00, 0x3e, 0x2b, 0xb0, 0x42, 0x2b, 0x2d, 0xb0, 0x81, 0x2c, 0xb1, 0x01,
  0x3e, 0x2b, 0xb0, 0x40, 0x2b, 0x2d, 0xb0, 0x82, 0x2c, 0xb1, 0x01, 0x3e,
  0x2b, 0xb0, 0x41, 0x2b, 0x2d, 0xb0, 0x83, 0x2c, 0xb1, 0x01, 0x3e, 0x2b,
  0xb0, 0x42, 0x2b, 0x2d, 0xb0, 0x84, 0x2c, 0xb1, 0x00, 0x3f, 0x2b, 0x2e,
  0xb1, 0x30, 0x01, 0x14, 0x2b, 0x2d, 0xb0, 0x85, 0x2c, 0xb1, 0x00, 0x3f,
  0x2b, 0xb0, 0x40, 0x2b, 0x2d, 0xb0, 0x86, 0x2c, 0xb1, 0x00, 0x3f, 0x2b,
  0xb0, 0x41, 0x2b, 0x2d, 0xb0, 0x87, 0x2c, 0xb1, 0x00, 0x3f, 0x2b, 0xb0,
  0x42, 0x2b, 0x2d, 0xb0, 0x88, 0x2c, 0xb1, 0x01, 0x3f, 0x2b, 0xb0, 0x40,
  0x2b, 0x2d, 0xb0, 0x89, 0x2c, 0xb1, 0x01, 0x3f, 0x2b, 0xb0, 0x41, 0x2b,
  0x2d, 0xb0, 0x8a, 0x2c, 0xb1, 0x01, 0x3f, 0x2b, 0xb0, 0x42, 0x2b, 0x2d,
  0xb0, 0x8b, 0x2c, 0xb2, 0x0b, 0x00, 0x03, 0x45, 0x50, 0x58, 0xb0, 0x06,
  0x1b, 0xb2, 0x04, 0x02, 0x03, 0x45, 0x58, 0x23, 0x21, 0x1b, 0x21, 0x59,
  0x59, 0x42, 0x2b, 0xb0, 0x08, 0x65, 0xb0, 0x03, 0x24, 0x50, 0x78, 0xb1,
  0x05, 0x01, 0x15, 0x45, 0x58, 0x30, 0x59, 0x2d, 0x00, 0x02, 0x00, 0x00,
  0x00, 0x00, 0x00, 0x00, 0xff, 0x9c, 0x00, 0x32, 0x00, 0x00, 0x00, 0x00,
  0x00, 0x00, 0x00, 0x00, 0x00, 0x00, 0x00, 0x00, 0x00, 0x00, 0x00, 0x00,
  0x00, 0x00, 0x00, 0x00, 0x02, 0x4f, 0x00, 0x00, 0x00, 0x24, 0x00, 0xc9,
  0x01, 0x02, 0x01, 0x03, 0x01, 0x04, 0x01, 0x05, 0x01, 0x06, 0x01, 0x07,
  0x00, 0xc7, 0x01, 0x08, 0x01, 0x09, 0x01, 0x0a, 0x01, 0x0b, 0x01, 0x0c,
  0x01, 0x0d, 0x00, 0x62, 0x01, 0x0e, 0x00, 0xad, 0x01, 0x0f, 0x01, 0x10,
  0x01, 0x11, 0x01, 0x12, 0x00, 0x63, 0x01, 0x13, 0x00, 0xae, 0x00, 0x90,
  0x01, 0x14, 0x00, 0x25, 0x00, 0x26, 0x00, 0xfd, 0x00, 0xff, 0x00, 0x64,
  0x01, 0x15, 0x01, 0x16, 0x00, 0x27, 0x01, 0x17, 0x00, 0xe9, 0x01, 0x18,
  0x01, 0x19, 0x01, 0x1a, 0x00, 0x28, 0x00, 0x65, 0x01, 0x1b, 0x01, 0x1c,
  0x00, 0xc8, 0x01, 0x1d, 0x01, 0x1e, 0x01, 0x1f, 0x01, 0x20, 0x01, 0x21,
  0x01, 0x22, 0x00, 0xca, 0x01, 0x23, 0x01, 0x24, 0x00, 0xcb, 0x01, 0x25,
  0x01, 0x26, 0x01, 0x27, 0x01, 0x28, 0x01, 0x29, 0x01, 0x2a, 0x00, 0x29,
  0x00, 0x2a, 0x00, 0xf8, 0x01, 0x2b, 0x01, 0x2c, 0x01, 0x2d, 0x01, 0x2e,
  0x00, 0x2b, 0x01, 0x2f, 0x01, 0x30, 0x00, 0x2c, 0x01, 0x31, 0x00, 0xcc,
  0x01, 0x32, 0x00, 0xcd, 0x01, 0x33, 0x00, 0xce, 0x00, 0xfa, 0x01, 0x34,
  0x00, 0xcf, 0x01, 0x35, 0x01, 0x36, 0x01, 0x37, 0x01, 0x38, 0x01, 0x39,
  0x00, 0x2d, 0x01, 0x3a, 0x00, 0x2e, 0x01, 0x3b, 0x00, 0x2f, 0x01, 0x3c,
  0x01, 0x3d, 0x01, 0x3e, 0x01, 0x3f, 0x01, 0x40, 0x01, 0x41, 0x00, 0xe2,
  0x00, 0x30, 0x00, 0x31, 0x01, 0x42, 0x01, 0x43, 0x01, 0x44, 0x01, 0x45,
  0x01, 0x46, 0x00, 0x66, 0x01, 0x47, 0x00, 0x32, 0x00, 0xd0, 0x01, 0x48,
  0x00, 0xd1, 0x01, 0x49, 0x01, 0x4a, 0x01, 0x4b, 0x01, 0x4c, 0x01, 0x4d,
  0x01, 0x4e, 0x00, 0x67, 0x01, 0x4f, 0x01, 0x50, 0x01, 0x51, 0x00, 0xd3,
  0x01, 0x52, 0x01, 0x53, 0x01, 0x54, 0x01, 0x55, 0x01, 0x56, 0x01, 0x57,
  0x01, 0x58, 0x01, 0x59, 0x01, 0x5a, 0x01, 0x5b, 0x01, 0x5c, 0x00, 0x91,
  0x01, 0x5d, 0x00, 0xaf, 0x01, 0x5e, 0x00, 0xb0, 0x00, 0x33, 0x00, 0xed,
  0x00, 0x34, 0x00, 0x35, 0x01, 0x5f, 0x01, 0x60, 0x01, 0x61, 0x01, 0x62,
  0x01, 0x63, 0x00, 0x36, 0x01, 0x64, 0x00, 0xe4, 0x00, 0xfb, 0x01, 0x65,
  0x01, 0x66, 0x01, 0x67, 0x00, 0x37, 0x01, 0x68, 0x01, 0x69, 0x01, 0x6a,
  0x01, 0x6b, 0x00, 0x38, 0x00, 0xd4, 0x01, 0x6c, 0x00, 0xd5, 0x01, 0x6d,
  0x00, 0x68, 0x01, 0x6e, 0x00, 0xd6, 0x01, 0x6f, 0x01, 0x70, 0x01, 0x71,
  0x01, 0x72, 0x01, 0x73, 0x01, 0x74, 0x01, 0x75, 0x01, 0x76, 0x01, 0x77,
  0x01, 0x78, 0x01, 0x79, 0x01, 0x7a, 0x01, 0x7b, 0x00, 0x39, 0x00, 0x3a,
  0x01, 0x7c, 0x01, 0x7d, 0x01, 0x7e, 0x01, 0x7f, 0x00, 0x3b, 0x00, 0x3c,
  0x00, 0xeb, 0x01, 0x80, 0x00, 0xbb, 0x01, 0x81, 0x01, 0x82, 0x01, 0x83,
  0x01, 0x84, 0x01, 0x85, 0x00, 0x3d, 0x01, 0x86, 0x00, 0xe6, 0x01, 0x87,
  0x00, 0x44, 0x00, 0x69, 0x01, 0x88, 0x01, 0x89, 0x01, 0x8a, 0x01, 0x8b,
  0x01, 0x8c, 0x01, 0x8d, 0x00, 0x6b, 0x01, 0x8e, 0x01, 0x8f, 0x01, 0x90,
  0x01, 0x91, 0x01, 0x92, 0x01, 0x93, 0x00, 0x6c, 0x01, 0x94, 0x00, 0x6a,
  0x01, 0x95, 0x01, 0x96, 0x01, 0x97, 0x01, 0x98, 0x00, 0x6e, 0x01, 0x99,
  0x00, 0x6d, 0x00, 0xa0, 0x01, 0x9a, 0x00, 0x45, 0x00, 0x46, 0x00, 0xfe,
  0x01, 0x00, 0x00, 0x6f, 0x01, 0x9b, 0x01, 0x9c, 0x00, 0x47, 0x00, 0xea,
  0x01, 0x9d, 0x01, 0x01, 0x01, 0x9e, 0x00, 0x48, 0x00, 0x70, 0x01, 0x9f,
  0x01, 0xa0, 0x00, 0x72, 0x01, 0xa1, 0x01, 0xa2, 0x01, 0xa3, 0x01, 0xa4,
  0x01, 0xa5, 0x01, 0xa6, 0x00, 0x73, 0x01, 0xa7, 0x01, 0xa8, 0x00, 0x71,
  0x01, 0xa9, 0x01, 0xaa, 0x01, 0xab, 0x01, 0xac, 0x01, 0xad, 0x01, 0xae,
  0x00, 0x49, 0x00, 0x4a, 0x00, 0xf9, 0x01, 0xaf, 0x01, 0xb0, 0x01, 0xb1,
  0x01, 0xb2, 0x00, 0x4b, 0x01, 0xb3, 0x01, 0xb4, 0x00, 0x4c, 0x00, 0xd7,
  0x00, 0x74, 0x01, 0xb5, 0x00, 0x76, 0x01, 0xb6, 0x00, 0x77, 0x01, 0xb7,
  0x01, 0xb8, 0x00, 0x75, 0x01, 0xb9, 0x01, 0xba, 0x01, 0xbb, 0x01, 0xbc,
  0x01, 0xbd, 0x01, 0xbe, 0x00, 0x4d, 0x01, 0xbf, 0x01, 0xc0, 0x00, 0x4e,
  0x01, 0xc1, 0x01, 0xc2, 0x00, 0x4f, 0x01, 0xc3, 0x01, 0xc4, 0x01, 0xc5,
  0x01, 0xc6, 0x01, 0xc7, 0x00, 0xe3, 0x00, 0x50, 0x00, 0x51, 0x01, 0xc8,
  0x01, 0xc9, 0x01, 0xca, 0x01, 0xcb, 0x00, 0x78, 0x01, 0xcc, 0x00, 0x52,
  0x00, 0x79, 0x01, 0xcd, 0x00, 0x7b, 0x01, 0xce, 0x01, 0xcf, 0x01, 0xd0,
  0x01, 0xd1, 0x01, 0xd2, 0x01, 0xd3, 0x00, 0x7c, 0x01, 0xd4, 0x01, 0xd5,
  0x01, 0xd6, 0x00, 0x7a, 0x01, 0xd7, 0x01, 0xd8, 0x01, 0xd9, 0x01, 0xda,
  0x01, 0xdb, 0x01, 0xdc, 0x01, 0xdd, 0x01, 0xde, 0x01, 0xdf, 0x01, 0xe0,
  0x01, 0xe1, 0x00, 0xa1, 0x01, 0xe2, 0x00, 0x7d, 0x01, 0xe3, 0x00, 0xb1,
  0x00, 0x53, 0x00, 0xee, 0x00, 0x54, 0x00, 0x55, 0x01, 0xe4, 0x01, 0xe5,
  0x01, 0xe6, 0x01, 0xe7, 0x01, 0xe8, 0x00, 0x56, 0x01, 0xe9, 0x00, 0xe5,
  0x00, 0xfc, 0x01, 0xea, 0x01, 0xeb, 0x00, 0x89, 0x00, 0x57, 0x01, 0xec,
  0x01, 0xed, 0x01, 0xee, 0x01, 0xef, 0x00, 0x58, 0x00, 0x7e, 0x01, 0xf0,
  0x00, 0x80, 0x01, 0xf1, 0x00, 0x81, 0x01, 0xf2, 0x00, 0x7f, 0x01, 0xf3,
  0x01, 0xf4, 0x01, 0xf5, 0x01, 0xf6, 0x01, 0xf7, 0x01, 0xf8, 0x01, 0xf9,
  0x01, 0xfa, 0x01, 0xfb, 0x01, 0xfc, 0x01, 0xfd, 0x01, 0xfe, 0x01, 0xff,
  0x00, 0x59, 0x00, 0x5a, 0x02, 0x00, 0x02, 0x01, 0x02, 0x02, 0x02, 0x03,
  0x00, 0x5b, 0x00, 0x5c, 0x00, 0xec, 0x02, 0x04, 0x00, 0xba, 0x02, 0x05,
  0x02, 0x06, 0x02, 0x07, 0x02, 0x08, 0x02, 0x09, 0x00, 0x5d, 0x02, 0x0a,
  0x00, 0xe7, 0x02, 0x0b, 0x02, 0x0c, 0x02, 0x0d, 0x02, 0x0e, 0x00, 0xc0,
  0x00, 0xc1, 0x00, 0x9d, 0x00, 0x9e, 0x02, 0x0f, 0x00, 0x9b, 0x00, 0x13,
  0x00, 0x14, 0x00, 0x15, 0x00, 0x16, 0x00, 0x17, 0x00, 0x18, 0x00, 0x19,
  0x00, 0x1a, 0x00, 0x1b, 0x00, 0x1c, 0x00, 0xbc, 0x00, 0xf4, 0x00, 0xf5,
  0x00, 0xf6, 0x02, 0x10, 0x02, 0x11, 0x02, 0x12, 0x02, 0x13, 0x02, 0x14,
  0x00, 0x03, 0x02, 0x15, 0x02, 0x16, 0x02, 0x17, 0x00, 0x11, 0x00, 0x0f,
  0x00, 0x1d, 0x00, 0x1e, 0x00, 0xab, 0x00, 0x04, 0x00, 0xa3, 0x00, 0x22,
  0x00, 0xa2, 0x00, 0xc3, 0x00, 0x87, 0x00, 0x0d, 0x00, 0x06, 0x00, 0x12,
  0x00, 0x3f, 0x02, 0x18, 0x02, 0x19, 0x00, 0x10, 0x02, 0x1a, 0x00, 0xb2,
  0x00, 0xb3, 0x02, 0x1b, 0x00, 0x42, 0x00, 0x0b, 0x00, 0x0c, 0x00, 0x5e,
  0x00, 0x60, 0x00, 0x3e, 0x00, 0x40, 0x00, 0xc4, 0x00, 0xc5, 0x00, 0xb4,
  0x00, 0xb5, 0x00, 0xb6, 0x00, 0xb7, 0x00, 0xa9, 0x00, 0xaa, 0x00, 0xbe,
  0x00, 0xbf, 0x00, 0x05, 0x00, 0x0a, 0x00, 0xa6, 0x00, 0x23, 0x00, 0x09,
  0x00, 0x88, 0x00, 0x86, 0x00, 0x8b, 0x00, 0x8a, 0x00, 0x8c, 0x00, 0x83,
  0x02, 0x1c, 0x02, 0x1d, 0x00, 0x5f, 0x00, 0xe8, 0x00, 0x82, 0x00, 0xc2,
  0x02, 0x1e, 0x02, 0x1f, 0x00, 0x84, 0x02, 0x20, 0x00, 0xbd, 0x00, 0x07,
  0x02, 0x21, 0x02, 0x22, 0x00, 0xf7, 0x02, 0x23, 0x02, 0x24, 0x02, 0x25,
  0x02, 0x26, 0x02, 0x27, 0x02, 0x28, 0x02, 0x29, 0x02, 0x2a, 0x02, 0x2b,
  0x02, 0x2c, 0x00, 0x85, 0x02, 0x2d, 0x00, 0x96, 0x02, 0x2e, 0x02, 0x2f,
  0x02, 0x30, 0x00, 0x0e, 0x00, 0xef, 0x00, 0xf0, 0x00, 0xb8, 0x00, 0x20,
  0x00, 0x8f, 0x00, 0x21, 0x00, 0x1f, 0x00, 0x95, 0x00, 0x94, 0x00, 0x93,
  0x00, 0xa7, 0x00, 0x61, 0x00, 0xa4, 0x00, 0x41, 0x00, 0x92, 0x00, 0x9c,
  0x02, 0x31, 0x00, 0x9a, 0x00, 0x99, 0x00, 0xa5, 0x02, 0x32, 0x00, 0x98,
  0x00, 0x08, 0x00, 0xc6, 0x00, 0xb9, 0x02, 0x33, 0x02, 0x34, 0x02, 0x35,
  0x02, 0x36, 0x02, 0x37, 0x02, 0x38, 0x02, 0x39, 0x02, 0x3a, 0x02, 0x3b,
  0x02, 0x3c, 0x02, 0x3d, 0x02, 0x3e, 0x02, 0x3f, 0x02, 0x40, 0x02, 0x41,
  0x02, 0x42, 0x02, 0x43, 0x02, 0x44, 0x02, 0x45, 0x02, 0x46, 0x02, 0x47,
  0x02, 0x48, 0x02, 0x49, 0x02, 0x4a, 0x02, 0x4b, 0x02, 0x4c, 0x02, 0x4d,
  0x02, 0x4e, 0x02, 0x4f, 0x02, 0x50, 0x02, 0x51, 0x02, 0x52, 0x02, 0x53,
  0x02, 0x54, 0x00, 0x8e, 0x00, 0xdc, 0x00, 0x43, 0x00, 0x8d, 0x00, 0xdf,
  0x00, 0xd8, 0x02, 0x55, 0x00, 0xe1, 0x00, 0xdb, 0x00, 0xdd, 0x00, 0xd9,
  0x00, 0xda, 0x00, 0xde, 0x00, 0xe0, 0x02, 0x56, 0x02, 0x57, 0x02, 0x58,
  0x06, 0x41, 0x62, 0x72, 0x65, 0x76, 0x65, 0x07, 0x75, 0x6e, 0x69, 0x31,
  0x45, 0x41, 0x45, 0x07, 0x75, 0x6e, 0x69, 0x31, 0x45, 0x42, 0x36, 0x07,
  0x75, 0x6e, 0x69, 0x31, 0x45, 0x42, 0x30, 0x07, 0x75, 0x6e, 0x69, 0x31,
  0x45, 0x42, 0x32, 0x07, 0x75, 0x6e, 0x69, 0x31, 0x45, 0x42, 0x34, 0x07,
  0x75, 0x6e, 0x69, 0x31, 0x45, 0x41, 0x34, 0x07, 0x75, 0x6e, 0x69, 0x31,
  0x45, 0x41, 0x43, 0x07, 0x75, 0x6e, 0x69, 0x31, 0x45, 0x41, 0x36, 0x07,
  0x75, 0x6e, 0x69, 0x31, 0x45, 0x41, 0x38, 0x07, 0x75, 0x6e, 0x69, 0x31,
  0x45, 0x41, 0x41, 0x07, 0x75, 0x6e, 0x69, 0x30, 0x32, 0x30, 0x30, 0x07,
  0x75, 0x6e, 0x69, 0x31, 0x45, 0x41, 0x30, 0x07, 0x75, 0x6e, 0x69, 0x31,
  0x45, 0x41, 0x32, 0x07, 0x75, 0x6e, 0x69, 0x30, 0x32, 0x30, 0x32, 0x07,
  0x41, 0x6d, 0x61, 0x63, 0x72, 0x6f, 0x6e, 0x07, 0x41, 0x6f, 0x67, 0x6f,
  0x6e, 0x65, 0x6b, 0x0a, 0x41, 0x72, 0x69, 0x6e, 0x67, 0x61, 0x63, 0x75,
  0x74, 0x65, 0x07, 0x41, 0x45, 0x61, 0x63, 0x75, 0x74, 0x65, 0x0b, 0x43,
  0x63, 0x69, 0x72, 0x63, 0x75, 0x6d, 0x66, 0x6c, 0x65, 0x78, 0x0a, 0x43,
  0x64, 0x6f, 0x74, 0x61, 0x63, 0x63, 0x65, 0x6e, 0x74, 0x07, 0x75, 0x6e,
  0x69, 0x30, 0x31, 0x43, 0x34, 0x06, 0x44, 0x63, 0x61, 0x72, 0x6f, 0x6e,
  0x06, 0x44, 0x63, 0x72, 0x6f, 0x61, 0x74, 0x07, 0x75, 0x6e, 0x69, 0x30,
  0x31, 0x43, 0x35, 0x06, 0x45, 0x62, 0x72, 0x65, 0x76, 0x65, 0x06, 0x45,
  0x63, 0x61, 0x72, 0x6f, 0x6e, 0x07, 0x75, 0x6e, 0x69, 0x31, 0x45, 0x42,
  0x45, 0x07, 0x75, 0x6e, 0x69, 0x31, 0x45, 0x43, 0x36, 0x07, 0x75, 0x6e,
  0x69, 0x31, 0x45, 0x43, 0x30, 0x07, 0x75, 0x6e, 0x69, 0x31, 0x45, 0x43,
  0x32, 0x07, 0x75, 0x6e, 0x69, 0x31, 0x45, 0x43, 0x34, 0x07, 0x75, 0x6e,
  0x69, 0x30, 0x32, 0x30, 0x34, 0x0a, 0x45, 0x64, 0x6f, 0x74, 0x61, 0x63,
  0x63, 0x65, 0x6e, 0x74, 0x07, 0x75, 0x6e, 0x69, 0x31, 0x45, 0x42, 0x38,
  0x07, 0x75, 0x6e, 0x69, 0x31, 0x45, 0x42, 0x41, 0x07, 0x75, 0x6e, 0x69,
  0x30, 0x32, 0x30, 0x36, 0x07, 0x45, 0x6d, 0x61, 0x63, 0x72, 0x6f, 0x6e,
  0x07, 0x45, 0x6f, 0x67, 0x6f, 0x6e, 0x65, 0x6b, 0x07, 0x75, 0x6e, 0x69,
  0x31, 0x45, 0x42, 0x43, 0x07, 0x75, 0x6e, 0x69, 0x30, 0x31, 0x38, 0x46,
  0x06, 0x47, 0x63, 0x61, 0x72, 0x6f, 0x6e, 0x0b, 0x47, 0x63, 0x69, 0x72,
  0x63, 0x75, 0x6d, 0x66, 0x6c, 0x65, 0x78, 0x07, 0x75, 0x6e, 0x69, 0x30,
  0x31, 0x32, 0x32, 0x0a, 0x47, 0x64, 0x6f, 0x74, 0x61, 0x63, 0x63, 0x65,
  0x6e, 0x74, 0x04, 0x48, 0x62, 0x61, 0x72, 0x0b, 0x48, 0x63, 0x69, 0x72,
  0x63, 0x75, 0x6d, 0x66, 0x6c, 0x65, 0x78, 0x02, 0x49, 0x4a, 0x06, 0x49,
  0x62, 0x72, 0x65, 0x76, 0x65, 0x07, 0x75, 0x6e, 0x69, 0x30, 0x32, 0x30,
  0x38, 0x07, 0x75, 0x6e, 0x69, 0x31, 0x45, 0x43, 0x41, 0x07, 0x75, 0x6e,
  0x69, 0x31, 0x45, 0x43, 0x38, 0x07, 0x75, 0x6e, 0x69, 0x30, 0x32, 0x30,
  0x41, 0x07, 0x49, 0x6d, 0x61, 0x63, 0x72, 0x6f, 0x6e, 0x07, 0x49, 0x6f,
  0x67, 0x6f, 0x6e, 0x65, 0x6b, 0x06, 0x49, 0x74, 0x69, 0x6c, 0x64, 0x65,
  0x0b, 0x4a, 0x63, 0x69, 0x72, 0x63, 0x75, 0x6d, 0x66, 0x6c, 0x65, 0x78,
  0x07, 0x75, 0x6e, 0x69, 0x30, 0x31, 0x33, 0x36, 0x07, 0x75, 0x6e, 0x69,
  0x30, 0x31, 0x43, 0x37, 0x06, 0x4c, 0x61, 0x63, 0x75, 0x74, 0x65, 0x06,
  0x4c, 0x63, 0x61, 0x72, 0x6f, 0x6e, 0x07, 0x75, 0x6e, 0x69, 0x30, 0x31,
  0x33, 0x42, 0x04, 0x4c, 0x64, 0x6f, 0x74, 0x07, 0x75, 0x6e, 0x69, 0x30,
  0x31, 0x43, 0x38, 0x07, 0x75, 0x6e, 0x69, 0x30, 0x31, 0x43, 0x41, 0x06,
  0x4e, 0x61, 0x63, 0x75, 0x74, 0x65, 0x06, 0x4e, 0x63, 0x61, 0x72, 0x6f,
  0x6e, 0x07, 0x75, 0x6e, 0x69, 0x30, 0x31, 0x34, 0x35, 0x07, 0x75, 0x6e,
  0x69, 0x30, 0x31, 0x43, 0x42, 0x03, 0x45, 0x6e, 0x67, 0x06, 0x4f, 0x62,
  0x72, 0x65, 0x76, 0x65, 0x07, 0x75, 0x6e, 0x69, 0x31, 0x45, 0x44, 0x30,
  0x07, 0x75, 0x6e, 0x69, 0x31, 0x45, 0x44, 0x38, 0x07, 0x75, 0x6e, 0x69,
  0x31, 0x45, 0x44, 0x32, 0x07, 0x75, 0x6e, 0x69, 0x31, 0x45, 0x44, 0x34,
  0x07, 0x75, 0x6e, 0x69, 0x31, 0x45, 0x44, 0x36, 0x07, 0x75, 0x6e, 0x69,
  0x30, 0x32, 0x30, 0x43, 0x07, 0x75, 0x6e, 0x69, 0x30, 0x32, 0x32, 0x41,
  0x07, 0x75, 0x6e, 0x69, 0x30, 0x32, 0x33, 0x30, 0x07, 0x75, 0x6e, 0x69,
  0x31, 0x45, 0x43, 0x43, 0x07, 0x75, 0x6e, 0x69, 0x31, 0x45, 0x43, 0x45,
  0x05, 0x4f, 0x68, 0x6f, 0x72, 0x6e, 0x07, 0x75, 0x6e, 0x69, 0x31, 0x45,
  0x44, 0x41, 0x07, 0x75, 0x6e, 0x69, 0x31, 0x45, 0x45, 0x32, 0x07, 0x75,
  0x6e, 0x69, 0x31, 0x45, 0x44, 0x43, 0x07, 0x75, 0x6e, 0x69, 0x31, 0x45,
  0x44, 0x45, 0x07, 0x75, 0x6e, 0x69, 0x31, 0x45, 0x45, 0x30, 0x0d, 0x4f,
  0x68, 0x75, 0x6e, 0x67, 0x61, 0x72, 0x75, 0x6d, 0x6c, 0x61, 0x75, 0x74,
  0x07, 0x75, 0x6e, 0x69, 0x30, 0x32, 0x30, 0x45, 0x07, 0x4f, 0x6d, 0x61,
  0x63, 0x72, 0x6f, 0x6e, 0x07, 0x75, 0x6e, 0x69, 0x30, 0x31, 0x45, 0x41,
  0x0b, 0x4f, 0x73, 0x6c, 0x61, 0x73, 0x68, 0x61, 0x63, 0x75, 0x74, 0x65,
  0x07, 0x75, 0x6e, 0x69, 0x30, 0x32, 0x32, 0x43, 0x06, 0x52, 0x61, 0x63,
  0x75, 0x74, 0x65, 0x06, 0x52, 0x63, 0x61, 0x72, 0x6f, 0x6e, 0x07, 0x75,
  0x6e, 0x69, 0x30, 0x31, 0x35, 0x36, 0x07, 0x75, 0x6e, 0x69, 0x30, 0x32,
  0x31, 0x30, 0x07, 0x75, 0x6e, 0x69, 0x30, 0x32, 0x31, 0x32, 0x06, 0x53,
  0x61, 0x63, 0x75, 0x74, 0x65, 0x0b, 0x53, 0x63, 0x69, 0x72, 0x63, 0x75,
  0x6d, 0x66, 0x6c, 0x65, 0x78, 0x07, 0x75, 0x6e, 0x69, 0x30, 0x32, 0x31,
  0x38, 0x07, 0x75, 0x6e, 0x69, 0x31, 0x45, 0x39, 0x45, 0x04, 0x54, 0x62,
  0x61, 0x72, 0x06, 0x54, 0x63, 0x61, 0x72, 0x6f, 0x6e, 0x07, 0x75, 0x6e,
  0x69, 0x30, 0x31, 0x36, 0x32, 0x07, 0x75, 0x6e, 0x69, 0x30, 0x32, 0x31,
  0x41, 0x06, 0x55, 0x62, 0x72, 0x65, 0x76, 0x65, 0x07, 0x75, 0x6e, 0x69,
  0x30, 0x32, 0x31, 0x34, 0x07, 0x75, 0x6e, 0x69, 0x31, 0x45, 0x45, 0x34,
  0x07, 0x75, 0x6e, 0x69, 0x31, 0x45, 0x45, 0x36, 0x05, 0x55, 0x68, 0x6f,
  0x72, 0x6e, 0x07, 0x75, 0x6e, 0x69, 0x31, 0x45, 0x45, 0x38, 0x07, 0x75,
  0x6e, 0x69, 0x31, 0x45, 0x46, 0x30, 0x07, 0x75, 0x6e, 0x69, 0x31, 0x45,
  0x45, 0x41, 0x07, 0x75, 0x6e, 0x69, 0x31, 0x45, 0x45, 0x43, 0x07, 0x75,
  0x6e, 0x69, 0x31, 0x45, 0x45, 0x45, 0x0d, 0x55, 0x68, 0x75, 0x6e, 0x67,
  0x61, 0x72, 0x75, 0x6d, 0x6c, 0x61, 0x75, 0x74, 0x07, 0x75, 0x6e, 0x69,
  0x30, 0x32, 0x31, 0x36, 0x07, 0x55, 0x6d, 0x61, 0x63, 0x72, 0x6f, 0x6e,
  0x07, 0x55, 0x6f, 0x67, 0x6f, 0x6e, 0x65, 0x6b, 0x05, 0x55, 0x72, 0x69,
  0x6e, 0x67, 0x06, 0x55, 0x74, 0x69, 0x6c, 0x64, 0x65, 0x06, 0x57, 0x61,
  0x63, 0x75, 0x74, 0x65, 0x0b, 0x57, 0x63, 0x69, 0x72, 0x63, 0x75, 0x6d,
  0x66, 0x6c, 0x65, 0x78, 0x09, 0x57, 0x64, 0x69, 0x65, 0x72, 0x65, 0x73,
  0x69, 0x73, 0x06, 0x57, 0x67, 0x72, 0x61, 0x76, 0x65, 0x0b, 0x59, 0x63,
  0x69, 0x72, 0x63, 0x75, 0x6d, 0x66, 0x6c, 0x65, 0x78, 0x07, 0x75, 0x6e,
  0x69, 0x31, 0x45, 0x46, 0x34, 0x06, 0x59, 0x67, 0x72, 0x61, 0x76, 0x65,
  0x07, 0x75, 0x6e, 0x69, 0x31, 0x45, 0x46, 0x36, 0x07, 0x75, 0x6e, 0x69,
  0x30, 0x32, 0x33, 0x32, 0x07, 0x75, 0x6e, 0x69, 0x31, 0x45, 0x46, 0x38,
  0x06, 0x5a, 0x61, 0x63, 0x75, 0x74, 0x65, 0x0a, 0x5a, 0x64, 0x6f, 0x74,
  0x61, 0x63, 0x63, 0x65, 0x6e, 0x74, 0x06, 0x61, 0x62, 0x72, 0x65, 0x76,
  0x65, 0x07, 0x75, 0x6e, 0x69, 0x31, 0x45, 0x41, 0x46, 0x07, 0x75, 0x6e,
  0x69, 0x31, 0x45, 0x42, 0x37, 0x07, 0x75, 0x6e, 0x69, 0x31, 0x45, 0x42,
  0x31, 0x07, 0x75, 0x6e, 0x69, 0x31, 0x45, 0x42, 0x33, 0x07, 0x75, 0x6e,
  0x69, 0x31, 0x45, 0x42, 0x35, 0x07, 0x75, 0x6e, 0x69, 0x31, 0x45, 0x41,
  0x35, 0x07, 0x75, 0x6e, 0x69, 0x31, 0x45, 0x41, 0x44, 0x07, 0x75, 0x6e,
  0x69, 0x31, 0x45, 0x41, 0x37, 0x07, 0x75, 0x6e, 0x69, 0x31, 0x45, 0x41,
  0x39, 0x07, 0x75, 0x6e, 0x69, 0x31, 0x45, 0x41, 0x42, 0x07, 0x75, 0x6e,
  0x69, 0x30, 0x32, 0x30, 0x31, 0x07, 0x75, 0x6e, 0x69, 0x31, 0x45, 0x41,
  0x31, 0x07, 0x75, 0x6e, 0x69, 0x31, 0x45, 0x41, 0x33, 0x07, 0x75, 0x6e,
  0x69, 0x30, 0x32, 0x30, 0x33, 0x07, 0x61, 0x6d, 0x61, 0x63, 0x72, 0x6f,
  0x6e, 0x07, 0x61, 0x6f, 0x67, 0x6f, 0x6e, 0x65, 0x6b, 0x0a, 0x61, 0x72,
  0x69, 0x6e, 0x67, 0x61, 0x63, 0x75, 0x74, 0x65, 0x07, 0x61, 0x65, 0x61,
  0x63, 0x75, 0x74, 0x65, 0x0b, 0x63, 0x63, 0x69, 0x72, 0x63, 0x75, 0x6d,
  0x66, 0x6c, 0x65, 0x78, 0x0a, 0x63, 0x64, 0x6f, 0x74, 0x61, 0x63, 0x63,
  0x65, 0x6e, 0x74, 0x06, 0x64, 0x63, 0x61, 0x72, 0x6f, 0x6e, 0x07, 0x75,
  0x6e, 0x69, 0x30, 0x31, 0x43, 0x36, 0x06, 0x65, 0x62, 0x72, 0x65, 0x76,
  0x65, 0x06, 0x65, 0x63, 0x61, 0x72, 0x6f, 0x6e, 0x07, 0x75, 0x6e, 0x69,
  0x31, 0x45, 0x42, 0x46, 0x07, 0x75, 0x6e, 0x69, 0x31, 0x45, 0x43, 0x37,
  0x07, 0x75, 0x6e, 0x69, 0x31, 0x45, 0x43, 0x31, 0x07, 0x75, 0x6e, 0x69,
  0x31, 0x45, 0x43, 0x33, 0x07, 0x75, 0x6e, 0x69, 0x31, 0x45, 0x43, 0x35,
  0x07, 0x75, 0x6e, 0x69, 0x30, 0x32, 0x30, 0x35, 0x0a, 0x65, 0x64, 0x6f,
  0x74, 0x61, 0x63, 0x63, 0x65, 0x6e, 0x74, 0x07, 0x75, 0x6e, 0x69, 0x31,
  0x45, 0x42, 0x39, 0x07, 0x75, 0x6e, 0x69, 0x31, 0x45, 0x42, 0x42, 0x07,
  0x75, 0x6e, 0x69, 0x30, 0x32, 0x30, 0x37, 0x07, 0x65, 0x6d, 0x61, 0x63,
  0x72, 0x6f, 0x6e, 0x07, 0x65, 0x6f, 0x67, 0x6f, 0x6e, 0x65, 0x6b, 0x07,
  0x75, 0x6e, 0x69, 0x31, 0x45, 0x42, 0x44, 0x07, 0x75, 0x6e, 0x69, 0x30,
  0x32, 0x35, 0x39, 0x06, 0x67, 0x63, 0x61, 0x72, 0x6f, 0x6e, 0x0b, 0x67,
  0x63, 0x69, 0x72, 0x63, 0x75, 0x6d, 0x66, 0x6c, 0x65, 0x78, 0x07, 0x75,
  0x6e, 0x69, 0x30, 0x31, 0x32, 0x33, 0x0a, 0x67, 0x64, 0x6f, 0x74, 0x61,
  0x63, 0x63, 0x65, 0x6e, 0x74, 0x04, 0x68, 0x62, 0x61, 0x72, 0x0b, 0x68,
  0x63, 0x69, 0x72, 0x63, 0x75, 0x6d, 0x66, 0x6c, 0x65, 0x78, 0x06, 0x69,
  0x62, 0x72, 0x65, 0x76, 0x65, 0x07, 0x75, 0x6e, 0x69, 0x30, 0x32, 0x30,
  0x39, 0x09, 0x69, 0x2e, 0x6c, 0x6f, 0x63, 0x6c, 0x54, 0x52, 0x4b, 0x07,
  0x75, 0x6e, 0x69, 0x31, 0x45, 0x43, 0x42, 0x07, 0x75, 0x6e, 0x69, 0x31,
  0x45, 0x43, 0x39, 0x07, 0x75, 0x6e, 0x69, 0x30, 0x32, 0x30, 0x42, 0x02,
  0x69, 0x6a, 0x07, 0x69, 0x6d, 0x61, 0x63, 0x72, 0x6f, 0x6e, 0x07, 0x69,
  0x6f, 0x67, 0x6f, 0x6e, 0x65, 0x6b, 0x06, 0x69, 0x74, 0x69, 0x6c, 0x64,
  0x65, 0x07, 0x75, 0x6e, 0x69, 0x30, 0x32, 0x33, 0x37, 0x0b, 0x6a, 0x63,
  0x69, 0x72, 0x63, 0x75, 0x6d, 0x66, 0x6c, 0x65, 0x78, 0x07, 0x75, 0x6e,
  0x69, 0x30, 0x31, 0x33, 0x37, 0x0c, 0x6b, 0x67, 0x72, 0x65, 0x65, 0x6e,
  0x6c, 0x61, 0x6e, 0x64, 0x69, 0x63, 0x06, 0x6c, 0x61, 0x63, 0x75, 0x74,
  0x65, 0x06, 0x6c, 0x63, 0x61, 0x72, 0x6f, 0x6e, 0x07, 0x75, 0x6e, 0x69,
  0x30, 0x31, 0x33, 0x43, 0x04, 0x6c, 0x64, 0x6f, 0x74, 0x07, 0x75, 0x6e,
  0x69, 0x30, 0x31, 0x43, 0x39, 0x06, 0x6e, 0x61, 0x63, 0x75, 0x74, 0x65,
  0x06, 0x6e, 0x63, 0x61, 0x72, 0x6f, 0x6e, 0x07, 0x75, 0x6e, 0x69, 0x30,
  0x31, 0x34, 0x36, 0x07, 0x75, 0x6e, 0x69, 0x30, 0x31, 0x43, 0x43, 0x03,
  0x65, 0x6e, 0x67, 0x06, 0x6f, 0x62, 0x72, 0x65, 0x76, 0x65, 0x07, 0x75,
  0x6e, 0x69, 0x31, 0x45, 0x44, 0x31, 0x07, 0x75, 0x6e, 0x69, 0x31, 0x45,
  0x44, 0x39, 0x07, 0x75, 0x6e, 0x69, 0x31, 0x45, 0x44, 0x33, 0x07, 0x75,
  0x6e, 0x69, 0x31, 0x45, 0x44, 0x35, 0x07, 0x75, 0x6e, 0x69, 0x31, 0x45,
  0x44, 0x37, 0x07, 0x75, 0x6e, 0x69, 0x30, 0x32, 0x30, 0x44, 0x07, 0x75,
  0x6e, 0x69, 0x30, 0x32, 0x32, 0x42, 0x07, 0x75, 0x6e, 0x69, 0x30, 0x32,
  0x33, 0x31, 0x07, 0x75, 0x6e, 0x69, 0x31, 0x45, 0x43, 0x44, 0x07, 0x75,
  0x6e, 0x69, 0x31, 0x45, 0x43, 0x46, 0x05, 0x6f, 0x68, 0x6f, 0x72, 0x6e,
  0x07, 0x75, 0x6e, 0x69, 0x31, 0x45, 0x44, 0x42, 0x07, 0x75, 0x6e, 0x69,
  0x31, 0x45, 0x45, 0x33, 0x07, 0x75, 0x6e, 0x69, 0x31, 0x45, 0x44, 0x44,
  0x07, 0x75, 0x6e, 0x69, 0x31, 0x45, 0x44, 0x46, 0x07, 0x75, 0x6e, 0x69,
  0x31, 0x45, 0x45, 0x31, 0x0d, 0x6f, 0x68, 0x75, 0x6e, 0x67, 0x61, 0x72,
  0x75, 0x6d, 0x6c, 0x61, 0x75, 0x74, 0x07, 0x75, 0x6e, 0x69, 0x30, 0x32,
  0x30, 0x46, 0x07, 0x6f, 0x6d, 0x61, 0x63, 0x72, 0x6f, 0x6e, 0x07, 0x75,
  0x6e, 0x69, 0x30, 0x31, 0x45, 0x42, 0x0b, 0x6f, 0x73, 0x6c, 0x61, 0x73,
  0x68, 0x61, 0x63, 0x75, 0x74, 0x65, 0x07, 0x75, 0x6e, 0x69, 0x30, 0x32,
  0x32, 0x44, 0x06, 0x72, 0x61, 0x63, 0x75, 0x74, 0x65, 0x06, 0x72, 0x63,
  0x61, 0x72, 0x6f, 0x6e, 0x07, 0x75, 0x6e, 0x69, 0x30, 0x31, 0x35, 0x37,
  0x07, 0x75, 0x6e, 0x69, 0x30, 0x32, 0x31, 0x31, 0x07, 0x75, 0x6e, 0x69,
  0x30, 0x32, 0x31, 0x33, 0x06, 0x73, 0x61, 0x63, 0x75, 0x74, 0x65, 0x0b,
  0x73, 0x63, 0x69, 0x72, 0x63, 0x75, 0x6d, 0x66, 0x6c, 0x65, 0x78, 0x07,
  0x75, 0x6e, 0x69, 0x30, 0x32, 0x31, 0x39, 0x04, 0x74, 0x62, 0x61, 0x72,
  0x06, 0x74, 0x63, 0x61, 0x72, 0x6f, 0x6e, 0x07, 0x75, 0x6e, 0x69, 0x30,
  0x31, 0x36, 0x33, 0x07, 0x75, 0x6e, 0x69, 0x30, 0x32, 0x31, 0x42, 0x06,
  0x75, 0x62, 0x72, 0x65, 0x76, 0x65, 0x07, 0x75, 0x6e, 0x69, 0x30, 0x32,
  0x31, 0x35, 0x07, 0x75, 0x6e, 0x69, 0x31, 0x45, 0x45, 0x35, 0x07, 0x75,
  0x6e, 0x69, 0x31, 0x45, 0x45, 0x37, 0x05, 0x75, 0x68, 0x6f, 0x72, 0x6e,
  0x07, 0x75, 0x6e, 0x69, 0x31, 0x45, 0x45, 0x39, 0x07, 0x75, 0x6e, 0x69,
  0x31, 0x45, 0x46, 0x31, 0x07, 0x75, 0x6e, 0x69, 0x31, 0x45, 0x45, 0x42,
  0x07, 0x75, 0x6e, 0x69, 0x31, 0x45, 0x45, 0x44, 0x07, 0x75, 0x6e, 0x69,
  0x31, 0x45, 0x45, 0x46, 0x0d, 0x75, 0x68, 0x75, 0x6e, 0x67, 0x61, 0x72,
  0x75, 0x6d, 0x6c, 0x61, 0x75, 0x74, 0x07, 0x75, 0x6e, 0x69, 0x30, 0x32,
  0x31, 0x37, 0x07, 0x75, 0x6d, 0x61, 0x63, 0x72, 0x6f, 0x6e, 0x07, 0x75,
  0x6f, 0x67, 0x6f, 0x6e, 0x65, 0x6b, 0x05, 0x75, 0x72, 0x69, 0x6e, 0x67,
  0x06, 0x75, 0x74, 0x69, 0x6c, 0x64, 0x65, 0x06, 0x77, 0x61, 0x63, 0x75,
  0x74, 0x65, 0x0b, 0x77, 0x63, 0x69, 0x72, 0x63, 0x75, 0x6d, 0x66, 0x6c,
  0x65, 0x78, 0x09, 0x77, 0x64, 0x69, 0x65, 0x72, 0x65, 0x73, 0x69, 0x73,
  0x06, 0x77, 0x67, 0x72, 0x61, 0x76, 0x65, 0x0b, 0x79, 0x63, 0x69, 0x72,
  0x63, 0x75, 0x6d, 0x66, 0x6c, 0x65, 0x78, 0x07, 0x75, 0x6e, 0x69, 0x31,
  0x45, 0x46, 0x35, 0x06, 0x79, 0x67, 0x72, 0x61, 0x76, 0x65, 0x07, 0x75,
  0x6e, 0x69, 0x31, 0x45, 0x46, 0x37, 0x07, 0x75, 0x6e, 0x69, 0x30, 0x32,
  0x33, 0x33, 0x07, 0x75, 0x6e, 0x69, 0x31, 0x45, 0x46, 0x39, 0x06, 0x7a,
  0x61, 0x63, 0x75, 0x74, 0x65, 0x0a, 0x7a, 0x64, 0x6f, 0x74, 0x61, 0x63,
  0x63, 0x65, 0x6e, 0x74, 0x03, 0x66, 0x5f, 0x66, 0x05, 0x66, 0x5f, 0x66,
  0x5f, 0x69, 0x05, 0x66, 0x5f, 0x66, 0x5f, 0x6c, 0x07, 0x75, 0x6e, 0x69,
  0x30, 0x33, 0x41, 0x39, 0x07, 0x75, 0x6e, 0x69, 0x30, 0x30, 0x42, 0x39,
  0x07, 0x75, 0x6e, 0x69, 0x30, 0x30, 0x42, 0x32, 0x07, 0x75, 0x6e, 0x69,
  0x30, 0x30, 0x42, 0x33, 0x07, 0x75, 0x6e, 0x69, 0x32, 0x30, 0x37, 0x34,
  0x02, 0x43, 0x52, 0x07, 0x75, 0x6e, 0x69, 0x30, 0x30, 0x41, 0x30, 0x07,
  0x75, 0x6e, 0x69, 0x32, 0x37, 0x45, 0x38, 0x07, 0x75, 0x6e, 0x69, 0x32,
  0x37, 0x45, 0x39, 0x16, 0x70, 0x65, 0x72, 0x69, 0x6f, 0x64, 0x63, 0x65,
  0x6e, 0x74, 0x65, 0x72, 0x65, 0x64, 0x2e, 0x6c, 0x6f, 0x63, 0x6c, 0x43,
  0x41, 0x54, 0x1b, 0x70, 0x65, 0x72, 0x69, 0x6f, 0x64, 0x63, 0x65, 0x6e,
  0x74, 0x65, 0x72, 0x65, 0x64, 0x2e, 0x6c, 0x6f, 0x63, 0x6c, 0x43, 0x41,
  0x54, 0x2e, 0x63, 0x61, 0x73, 0x65, 0x07, 0x75, 0x6e, 0x69, 0x30, 0x30,
  0x41, 0x44, 0x07, 0x75, 0x6e, 0x69, 0x32, 0x30, 0x31, 0x30, 0x06, 0x6d,
  0x69, 0x6e, 0x75, 0x74, 0x65, 0x06, 0x73, 0x65, 0x63, 0x6f, 0x6e, 0x64,
  0x07, 0x75, 0x6e, 0x69, 0x32, 0x31, 0x31, 0x36, 0x07, 0x75, 0x6e, 0x69,
  0x32, 0x30, 0x42, 0x35, 0x0d, 0x63, 0x6f, 0x6c, 0x6f, 0x6e, 0x6d, 0x6f,
  0x6e, 0x65, 0x74, 0x61, 0x72, 0x79, 0x04, 0x64, 0x6f, 0x6e, 0x67, 0x04,
  0x45, 0x75, 0x72, 0x6f, 0x07, 0x75, 0x6e, 0x69, 0x32, 0x30, 0x42, 0x32,
  0x07, 0x75, 0x6e, 0x69, 0x32, 0x30, 0x41, 0x44, 0x04, 0x6c, 0x69, 0x72,
  0x61, 0x07, 0x75, 0x6e, 0x69, 0x32, 0x30, 0x42, 0x41, 0x07, 0x75, 0x6e,
  0x69, 0x32, 0x30, 0x42, 0x43, 0x07, 0x75, 0x6e, 0x69, 0x32, 0x30, 0x41,
  0x36, 0x06, 0x70, 0x65, 0x73, 0x65, 0x74, 0x61, 0x07, 0x75, 0x6e, 0x69,
  0x32, 0x30, 0x42, 0x31, 0x07, 0x75, 0x6e, 0x69, 0x32, 0x30, 0x42, 0x44,
  0x07, 0x75, 0x6e, 0x69, 0x32, 0x30, 0x42, 0x39, 0x07, 0x75, 0x6e, 0x69,
  0x32, 0x30, 0x41, 0x39, 0x07, 0x75, 0x6e, 0x69, 0x32, 0x32, 0x31, 0x39,
  0x07, 0x75, 0x6e, 0x69, 0x32, 0x30, 0x35, 0x32, 0x07, 0x75, 0x6e, 0x69,
  0x32, 0x32, 0x31, 0x35, 0x07, 0x75, 0x6e, 0x69, 0x32, 0x32, 0x30, 0x36,
  0x07, 0x75, 0x6e, 0x69, 0x30, 0x30, 0x42, 0x35, 0x0b, 0x75, 0x6e, 0x69,
  0x30, 0x33, 0x30, 0x36, 0x30, 0x33, 0x30, 0x31, 0x0b, 0x75, 0x6e, 0x69,
  0x30, 0x33, 0x30, 0x36, 0x30, 0x33, 0x30, 0x30, 0x0b, 0x75, 0x6e, 0x69,
  0x30, 0x33, 0x30, 0x36, 0x30, 0x33, 0x30, 0x39, 0x0b, 0x75, 0x6e, 0x69,
  0x30, 0x33, 0x30, 0x36, 0x30, 0x33, 0x30, 0x33, 0x0b, 0x75, 0x6e, 0x69,
  0x30, 0x33, 0x30, 0x32, 0x30, 0x33, 0x30, 0x31, 0x0b, 0x75, 0x6e, 0x69,
  0x30, 0x33, 0x30, 0x32, 0x30, 0x33, 0x30, 0x30, 0x0b, 0x75, 0x6e, 0x69,
  0x30, 0x33, 0x30, 0x32, 0x30, 0x33, 0x30, 0x39, 0x0b, 0x75, 0x6e, 0x69,
  0x30, 0x33, 0x30, 0x32, 0x30, 0x33, 0x30, 0x33, 0x07, 0x75, 0x6e, 0x69,
  0x30, 0x33, 0x30, 0x38, 0x07, 0x75, 0x6e, 0x69, 0x30, 0x33, 0x30, 0x37,
  0x09, 0x67, 0x72, 0x61, 0x76, 0x65, 0x63, 0x6f, 0x6d, 0x62, 0x09, 0x61,
  0x63, 0x75, 0x74, 0x65, 0x63, 0x6f, 0x6d, 0x62, 0x07, 0x75, 0x6e, 0x69,
  0x30, 0x33, 0x30, 0x42, 0x0b, 0x75, 0x6e, 0x69, 0x30, 0x33, 0x30, 0x43,
  0x2e, 0x61, 0x6c, 0x74, 0x07, 0x75, 0x6e, 0x69, 0x30, 0x33, 0x30, 0x32,
  0x07, 0x75, 0x6e, 0x69, 0x30, 0x33, 0x30, 0x43, 0x07, 0x75, 0x6e, 0x69,
  0x30, 0x33, 0x30, 0x36, 0x07, 0x75, 0x6e, 0x69, 0x30, 0x33, 0x30, 0x41,
  0x09, 0x74, 0x69, 0x6c, 0x64, 0x65, 0x63, 0x6f, 0x6d, 0x62, 0x07, 0x75,
  0x6e, 0x69, 0x30, 0x33, 0x30, 0x34, 0x0d, 0x68, 0x6f, 0x6f, 0x6b, 0x61,
  0x62, 0x6f, 0x76, 0x65, 0x63, 0x6f, 0x6d, 0x62, 0x07, 0x75, 0x6e, 0x69,
  0x30, 0x33, 0x30, 0x46, 0x07, 0x75, 0x6e, 0x69, 0x30, 0x33, 0x31, 0x31,
  0x07, 0x75, 0x6e, 0x69, 0x30, 0x33, 0x31, 0x32, 0x07, 0x75, 0x6e, 0x69,
  0x30, 0x33, 0x31, 0x42, 0x0c, 0x64, 0x6f, 0x74, 0x62, 0x65, 0x6c, 0x6f,
  0x77, 0x63, 0x6f, 0x6d, 0x62, 0x07, 0x75, 0x6e, 0x69, 0x30, 0x33, 0x32,
  0x34, 0x07, 0x75, 0x6e, 0x69, 0x30, 0x33, 0x32, 0x36, 0x07, 0x75, 0x6e,
  0x69, 0x30, 0x33, 0x32, 0x37, 0x07, 0x75, 0x6e, 0x69, 0x30, 0x33, 0x32,
  0x38, 0x07, 0x75, 0x6e, 0x69, 0x30, 0x33, 0x32, 0x45, 0x07, 0x75, 0x6e,
  0x69, 0x30, 0x33, 0x33, 0x31, 0x07, 0x75, 0x6e, 0x69, 0x30, 0x33, 0x33,
  0x35, 0x07, 0x75, 0x6e, 0x69, 0x30, 0x33, 0x33, 0x38, 0x07, 0x75, 0x6e,
  0x69, 0x30, 0x32, 0x43, 0x39, 0x07, 0x75, 0x6e, 0x69, 0x30, 0x32, 0x42,
  0x43, 0x07, 0x75, 0x6e, 0x69, 0x30, 0x32, 0x42, 0x41, 0x07, 0x75, 0x6e,
  0x69, 0x30, 0x32, 0x42, 0x39, 0x00, 0x00, 0x00, 0x00, 0x01, 0x00, 0x00,
  0x00, 0x0a, 0x00, 0x28, 0x00, 0x52, 0x00, 0x02, 0x44, 0x46, 0x4c, 0x54,
  0x00, 0x0e, 0x6c, 0x61, 0x74, 0x6e, 0x00, 0x0e, 0x00, 0x04, 0x00, 0x00,
  0x00, 0x00, 0xff, 0xff, 0x00, 0x03, 0x00, 0x00, 0x00, 0x01, 0x00, 0x02,
  0x00, 0x03, 0x6b, 0x65, 0x72, 0x6e, 0x00, 0x24, 0x6d, 0x61, 0x72, 0x6b,
  0x00, 0x1e, 0x6d, 0x6b, 0x6d, 0x6b, 0x00, 0x14, 0x00, 0x00, 0x00, 0x03,
  0x00, 0x02, 0x00, 0x03, 0x00, 0x04, 0x00, 0x00, 0x00, 0x01, 0x00, 0x01,
  0x00, 0x00, 0x00, 0x01, 0x00, 0x00, 0x00, 0x05, 0x19, 0x92, 0x01, 0xa6,
  0x01, 0x34, 0x00, 0x32, 0x00, 0x0c, 0x00, 0x06, 0x00, 0x10, 0x00, 0x01,
  0x00, 0x0a, 0x00, 0x02, 0x00, 0x01, 0x00, 0x16, 0x00, 0x16, 0x00, 0x01,
  0x00, 0x10, 0x00, 0x0c, 0x00, 0x01, 0x19, 0x54, 0x00, 0x01, 0x00, 0x00,
  0x19, 0x50, 0x00, 0x01, 0x00, 0x01, 0x02, 0x34, 0x00, 0x06, 0x00, 0x10,
  0x00, 0x01, 0x00, 0x0a, 0x00, 0x01, 0x00, 0x01, 0x00, 0xe8, 0x00, 0xe8,
  0x00, 0x01, 0x00, 0x8a, 0x00, 0x0c, 0x00, 0x17, 0x00, 0x78, 0x00, 0x78,
  0x00, 0x78, 0x00, 0x78, 0x00, 0x78, 0x00, 0x78, 0x00, 0x78, 0x00, 0x78,
  0x00, 0x72, 0x00, 0x72, 0x00, 0x6c, 0x00, 0x6c, 0x00, 0x66, 0x00, 0x60,
  0x00, 0x5a, 0x00, 0x54, 0x00, 0x4e, 0x00, 0x54, 0x00, 0x48, 0x00, 0x42,
  0x00, 0x3c, 0x00, 0x36, 0x00, 0x30, 0x00, 0x01, 0x01, 0x90, 0x06, 0x08,
  0x00, 0x01, 0x01, 0x86, 0x05, 0x96, 0x00, 0x01, 0x01, 0x90, 0x05, 0xfe,
  0x00, 0x01, 0x01, 0xd6, 0x05, 0xc7, 0x00, 0x01, 0x01, 0x90, 0x04, 0xcf,
  0x00, 0x01, 0x01, 0x93, 0x06, 0x23, 0x00, 0x01, 0x01, 0x90, 0x05, 0xa1,
  0x00, 0x01, 0x01, 0x90, 0x06, 0x42, 0x00, 0x01, 0x01, 0x90, 0x06, 0x74,
  0x00, 0x01, 0x01, 0x90, 0x05, 0xa2, 0x00, 0x01, 0x01, 0x90, 0x05, 0xa8,
  0x00, 0x01, 0x01, 0x90, 0x05, 0x6e, 0x00, 0x01, 0x01, 0x90, 0x07, 0x16,
  0x00, 0x17, 0x00, 0x00, 0x18, 0xb6, 0x00, 0x00, 0x18, 0xb6, 0x00, 0x00,
  0x18, 0xb6, 0x00, 0x00, 0x18, 0xb6, 0x00, 0x00, 0x18, 0xb6, 0x00, 0x00,
  0x18, 0xb6, 0x00, 0x00, 0x18, 0xb6, 0x00, 0x00, 0x18, 0xb6, 0x00, 0x00,
  0x18, 0xb6, 0x00, 0x00, 0x18, 0xb6, 0x00, 0x00, 0x18, 0xb6, 0x00, 0x00,
  0x18, 0xb6, 0x00, 0x00, 0x18, 0xb6, 0x00, 0x00, 0x18, 0xb6, 0x00, 0x00,
  0x18, 0xb6, 0x00, 0x00, 0x18, 0xb6, 0x00, 0x00, 0x18, 0xb6, 0x00, 0x00,
  0x18, 0xb6, 0x00, 0x00, 0x18, 0xb6, 0x00, 0x00, 0x18, 0xb6, 0x00, 0x00,
  0x18, 0xb6, 0x00, 0x00, 0x18, 0xb6, 0x00, 0x00, 0x18, 0xb6, 0x00, 0x02,
  0x00, 0x02, 0x02, 0x1c, 0x02, 0x28, 0x00, 0x00, 0x02, 0x2a, 0x02, 0x33,
  0x00, 0x0d, 0x00, 0x06, 0x00, 0x10, 0x00, 0x01, 0x00, 0x0a, 0x00, 0x00,
  0x00, 0x01, 0x00, 0x58, 0x00, 0x30, 0x00, 0x01, 0x00, 0x3e, 0x00, 0x0c,
  0x00, 0x05, 0x00, 0x1e, 0x00, 0x18, 0x00, 0x1e, 0x00, 0x12, 0x00, 0x0c,
  0x00, 0x01, 0x01, 0x90, 0xff, 0x04, 0x00, 0x01, 0x01, 0x90, 0xfe, 0x7b,
  0x00, 0x01, 0x01, 0x42, 0xfe, 0xb2, 0x00, 0x01, 0x01, 0x90, 0xfe, 0x77,
  0x00, 0x01, 0x00, 0x05, 0x02, 0x35, 0x02, 0x36, 0x02, 0x38, 0x02, 0x3a,
  0x02, 0x3b, 0x00, 0x06, 0x00, 0x00, 0x17, 0xf4, 0x00, 0x00, 0x17, 0xf4,
  0x00, 0x00, 0x17, 0xf4, 0x00, 0x00, 0x17, 0xf4, 0x00, 0x00, 0x17, 0xf4,
  0x00, 0x00, 0x17, 0xf4, 0x00, 0x01, 0x00, 0x06, 0x02, 0x35, 0x02, 0x36,
  0x02, 0x37, 0x02, 0x38, 0x02, 0x3a, 0x02, 0x3b, 0x00, 0x04, 0x00, 0x00,
  0x00, 0x01, 0x00, 0x08, 0x00, 0x01, 0x17, 0xd4, 0x16, 0xb4, 0x00, 0x05,
  0x17, 0x2a, 0x00, 0x0c, 0x01, 0x7f, 0x16, 0xa2, 0x00, 0x00, 0x16, 0x9c,
  0x16, 0x96, 0x00, 0x00, 0x16, 0x90, 0x00, 0x00, 0x16, 0x9c, 0x16, 0x96,
  0x00, 0x00, 0x16, 0x8a, 0x00, 0x00, 0x16, 0x9c, 0x16, 0x96, 0x00, 0x00,
  0x16, 0x84, 0x00, 0x00, 0x16, 0x9c, 0x16, 0x96, 0x00, 0x00, 0x16, 0x8a,
  0x00, 0x00, 0x16, 0x7e, 0x16, 0x96, 0x00, 0x00, 0x16, 0x84, 0x00, 0x00,
  0x16, 0x9c, 0x16, 0x96, 0x00, 0x00, 0x16, 0x84, 0x00, 0x00, 0x16, 0x9c,
  0x16, 0x96, 0x00, 0x00, 0x16, 0x84, 0x00, 0x00, 0x16, 0x9c, 0x16, 0x96,
  0x00, 0x00, 0x16, 0x78, 0x00, 0x00, 0x16, 0x9c, 0x16, 0x96, 0x00, 0x00,
  0x16, 0x84, 0x00, 0x00, 0x16, 0x9c, 0x16, 0x96, 0x00, 0x00, 0x16, 0x78,
  0x00, 0x00, 0x16, 0x7e, 0x16, 0x96, 0x00, 0x00, 0x16, 0x84, 0x00, 0x00,
  0x16, 0x9c, 0x16, 0x96, 0x00, 0x00, 0x16, 0x84, 0x00, 0x00, 0x16, 0x9c,
  0x16, 0x96, 0x00, 0x00, 0x16, 0x84, 0x00, 0x00, 0x16, 0x9c, 0x16, 0x96,
  0x00, 0x00, 0x16, 0x72, 0x00, 0x00, 0x16, 0x9c, 0x16, 0x96, 0x00, 0x00,
  0x16, 0x6c, 0x00, 0x00, 0x16, 0x9c, 0x16, 0x96, 0x00, 0x00, 0x16, 0xa2,
  0x00, 0x00, 0x16, 0x7e, 0x16, 0x96, 0x00, 0x00, 0x16, 0x90, 0x00, 0x00,
  0x16, 0x9c, 0x16, 0x96, 0x00, 0x00, 0x16, 0x66, 0x00, 0x00, 0x16, 0x9c,
  0x16, 0x96, 0x00, 0x00, 0x16, 0x60, 0x00, 0x00, 0x16, 0x9c, 0x16, 0x96,
  0x00, 0x00, 0x16, 0x5a, 0x00, 0x00, 0x16, 0x9c, 0x16, 0x96, 0x00, 0x00,
  0x16, 0xa2, 0x00, 0x00, 0x16, 0x9c, 0x16, 0x96, 0x00, 0x00, 0x16, 0x54,
  0x00, 0x00, 0x16, 0x9c, 0x16, 0x96, 0x00, 0x00, 0x16, 0x4e, 0x00, 0x00,
  0x16, 0x9c, 0x16, 0x96, 0x00, 0x00, 0x16, 0x8a, 0x00, 0x00, 0x16, 0x9c,
  0x16, 0x96, 0x00, 0x00, 0x16, 0x48, 0x00, 0x00, 0x16, 0x42, 0x16, 0x3c,
  0x00, 0x00, 0x16, 0x36, 0x00, 0x00, 0x16, 0x42, 0x16, 0x3c, 0x00, 0x00,
  0x16, 0x30, 0x00, 0x00, 0x16, 0x2a, 0x00, 0x00, 0x00, 0x00, 0x16, 0x24,
  0x00, 0x00, 0x16, 0x1e, 0x00, 0x00, 0x00, 0x00, 0x16, 0x18, 0x00, 0x00,
  0x16, 0x1e, 0x00, 0x00, 0x00, 0x00, 0x16, 0x12, 0x00, 0x00, 0x16, 0x1e,
  0x00, 0x00, 0x00, 0x00, 0x16, 0x24, 0x00, 0x00, 0x16, 0x0c, 0x00, 0x00,
  0x00, 0x00, 0x16, 0x06, 0x00, 0x00, 0x16, 0x1e, 0x00, 0x00, 0x00, 0x00,
  0x16, 0x00, 0x00, 0x00, 0x16, 0x1e, 0x00, 0x00, 0x00, 0x00, 0x15, 0xfa,
  0x00, 0x00, 0x15, 0xf4, 0x00, 0x00, 0x15, 0xee, 0x00, 0x00, 0x00, 0x00,
  0x00, 0x00, 0x00, 0x00, 0x15, 0xee, 0x15, 0xe8, 0x00, 0x00, 0x15, 0xf4,
  0x00, 0x00, 0x15, 0xee, 0x00, 0x00, 0x00, 0x00, 0x00, 0x00, 0x00, 0x00,
  0x15, 0xee, 0x15, 0xe2, 0x00, 0x00, 0x15, 0xdc, 0x15, 0xd6, 0x00, 0x00,
  0x15, 0xd0, 0x00, 0x00, 0x15, 0xdc, 0x15, 0xd6, 0x00, 0x00, 0x15, 0xca,
  0x00, 0x00, 0x15, 0xdc, 0x15, 0xd6, 0x00, 0x00, 0x15, 0xc4, 0x00, 0x00,
  0x15, 0xdc, 0x15, 0xd6, 0x00, 0x00, 0x15, 0xbe, 0x00, 0x00, 0x15, 0xdc,
  0x15, 0xd6, 0x00, 0x00, 0x15, 0xb8, 0x00, 0x00, 0x15, 0xdc, 0x15, 0xd6,
  0x00, 0x00, 0x15, 0xbe, 0x00, 0x00, 0x15, 0xb2, 0x15, 0xd6, 0x00, 0x00,
  0x15, 0xb8, 0x00, 0x00, 0x15, 0xdc, 0x15, 0xd6, 0x00, 0x00, 0x15, 0xb8,
  0x00, 0x00, 0x15, 0xdc, 0x15, 0xd6, 0x00, 0x00, 0x15, 0xb8, 0x00, 0x00,
  0x15, 0xdc, 0x15, 0xd6, 0x00, 0x00, 0x15, 0xac, 0x00, 0x00, 0x15, 0xdc,
  0x15, 0xd6, 0x00, 0x00, 0x15, 0xa6, 0x00, 0x00, 0x15, 0xdc, 0x15, 0xd6,
  0x00, 0x00, 0x15, 0xa6, 0x00, 0x00, 0x15, 0xdc, 0x15, 0xd6, 0x00, 0x00,
  0x15, 0xe2, 0x00, 0x00, 0x15, 0xb2, 0x15, 0xd6, 0x00, 0x00, 0x15, 0xd0,
  0x00, 0x00, 0x15, 0xdc, 0x15, 0xd6, 0x00, 0x00, 0x15, 0xa0, 0x00, 0x00,
  0x15, 0xdc, 0x15, 0xd6, 0x00, 0x00, 0x15, 0x9a, 0x00, 0x00, 0x15, 0xdc,
  0x15, 0xd6, 0x00, 0x00, 0x15, 0x94, 0x00, 0x00, 0x15, 0xdc, 0x15, 0xd6,
  0x00, 0x00, 0x15, 0xe2, 0x00, 0x00, 0x15, 0xdc, 0x15, 0xd6, 0x00, 0x00,
  0x15, 0xca, 0x00, 0x00, 0x15, 0xdc, 0x15, 0xd6, 0x00, 0x00, 0x15, 0x8e,
  0x00, 0x00, 0x15, 0x88, 0x00, 0x00, 0x00, 0x00, 0x15, 0x82, 0x00, 0x00,
  0x15, 0x7c, 0x00, 0x00, 0x00, 0x00, 0x15, 0x76, 0x00, 0x00, 0x15, 0x70,
  0x00, 0x00, 0x00, 0x00, 0x15, 0x6a, 0x00, 0x00, 0x15, 0x70, 0x00, 0x00,
  0x00, 0x00, 0x15, 0x64, 0x00, 0x00, 0x15, 0x70, 0x00, 0x00, 0x00, 0x00,
  0x15, 0x5e, 0x00, 0x00, 0x15, 0x70, 0x00, 0x00, 0x00, 0x00, 0x15, 0x76,
  0x00, 0x00, 0x15, 0x70, 0x00, 0x00, 0x00, 0x00, 0x15, 0x58, 0x00, 0x00,
  0x15, 0x70, 0x00, 0x00, 0x00, 0x00, 0x15, 0x52, 0x00, 0x00, 0x15, 0x4c,
  0x00, 0x00, 0x15, 0x46, 0x15, 0x40, 0x00, 0x00, 0x15, 0x4c, 0x00, 0x00,
  0x15, 0x46, 0x15, 0x3a, 0x00, 0x00, 0x15, 0x34, 0x15, 0x2e, 0x00, 0x00,
  0x00, 0x00, 0x00, 0x00, 0x00, 0x00, 0x15, 0x2e, 0x00, 0x00, 0x15, 0x28,
  0x00, 0x00, 0x15, 0x34, 0x15, 0x2e, 0x00, 0x00, 0x15, 0x22, 0x00, 0x00,
  0x15, 0x34, 0x15, 0x2e, 0x00, 0x00, 0x15, 0x1c, 0x00, 0x00, 0x15, 0x34,
  0x15, 0x2e, 0x00, 0x00, 0x15, 0x16, 0x00, 0x00, 0x15, 0x34, 0x15, 0x2e,
  0x00, 0x00, 0x15, 0x10, 0x00, 0x00, 0x15, 0x34, 0x15, 0x2e, 0x00, 0x00,
  0x15, 0x10, 0x00, 0x00, 0x15, 0x34, 0x15, 0x2e, 0x00, 0x00, 0x15, 0x3a,
  0x00, 0x00, 0x15, 0x0a, 0x15, 0x2e, 0x00, 0x00, 0x15, 0x28, 0x00, 0x00,
  0x15, 0x34, 0x15, 0x2e, 0x00, 0x00, 0x15, 0x04, 0x00, 0x00, 0x15, 0x34,
  0x15, 0x2e, 0x00, 0x00, 0x14, 0xfe, 0x00, 0x00, 0x15, 0x34, 0x15, 0x2e,
  0x00, 0x00, 0x14, 0xf8, 0x00, 0x00, 0x15, 0x34, 0x15, 0x2e, 0x00, 0x00,
  0x15, 0x3a, 0x00, 0x00, 0x15, 0x34, 0x15, 0x2e, 0x00, 0x00, 0x15, 0x22,
  0x00, 0x00, 0x15, 0x34, 0x15, 0x2e, 0x00, 0x00, 0x14, 0xf2, 0x00, 0x00,
  0x14, 0xec, 0x00, 0x00, 0x00, 0x00, 0x14, 0xe6, 0x00, 0x00, 0x14, 0xec,
  0x00, 0x00, 0x00, 0x00, 0x14, 0xe0, 0x00, 0x00, 0x14, 0xda, 0x00, 0x00,
  0x00, 0x00, 0x14, 0xe0, 0x00, 0x00, 0x14, 0xda, 0x00, 0x00, 0x00, 0x00,
  0x14, 0xd4, 0x14, 0xce, 0x14, 0xc8, 0x00, 0x00, 0x14, 0xc2, 0x00, 0x00,
  0x14, 0xce, 0x00, 0x00, 0x00, 0x00, 0x14, 0xc2, 0x14, 0xbc, 0x14, 0xce,
  0x14, 0xc8, 0x00, 0x00, 0x14, 0xc2, 0x14, 0xd4, 0x14, 0xce, 0x14, 0xc8,
  0x00, 0x00, 0x14, 0xc2, 0x14, 0xd4, 0x14, 0xce, 0x14, 0xc8, 0x00, 0x00,
  0x14, 0xc2, 0x14, 0xd4, 0x14, 0xce, 0x14, 0xc8, 0x00, 0x00, 0x14, 0xc2,
  0x14, 0xd4, 0x14, 0xce, 0x14, 0xc8, 0x00, 0x00, 0x14, 0xc2, 0x14, 0xb6,
  0x00, 0x00, 0x14, 0xb0, 0x00, 0x00, 0x00, 0x00, 0x14, 0xaa, 0x00, 0x00,
  0x14, 0xa4, 0x00, 0x00, 0x00, 0x00, 0x14, 0x9e, 0x00, 0x00, 0x14, 0xa4,
  0x00, 0x00, 0x00, 0x00, 0x14, 0x98, 0x00, 0x00, 0x14, 0xa4, 0x00, 0x00,
  0x00, 0x00, 0x14, 0xaa, 0x00, 0x00, 0x14, 0xa4, 0x00, 0x00, 0x00, 0x00,
  0x14, 0xaa, 0x00, 0x00, 0x14, 0xa4, 0x00, 0x00, 0x00, 0x00, 0x14, 0x92,
  0x00, 0x00, 0x14, 0xa4, 0x00, 0x00, 0x00, 0x00, 0x14, 0x8c, 0x00, 0x00,
  0x14, 0x86, 0x00, 0x00, 0x00, 0x00, 0x14, 0x80, 0x14, 0x7a, 0x14, 0x74,
  0x14, 0x6e, 0x14, 0x68, 0x14, 0x62, 0x14, 0x7a, 0x14, 0x74, 0x14, 0x6e,
  0x14, 0x68, 0x14, 0x5c, 0x14, 0x7a, 0x14, 0x74, 0x14, 0x6e, 0x14, 0x68,
  0x14, 0x56, 0x14, 0x7a, 0x14, 0x74, 0x14, 0x6e, 0x14, 0x68, 0x14, 0x50,
  0x14, 0x7a, 0x14, 0x74, 0x14, 0x6e, 0x14, 0x68, 0x14, 0x56, 0x14, 0x7a,
  0x14, 0x4a, 0x14, 0x6e, 0x14, 0x68, 0x14, 0x50, 0x14, 0x7a, 0x14, 0x74,
  0x14, 0x6e, 0x14, 0x68, 0x14, 0x50, 0x14, 0x7a, 0x14, 0x74, 0x14, 0x6e,
  0x14, 0x68, 0x14, 0x50, 0x14, 0x7a, 0x14, 0x74, 0x14, 0x6e, 0x14, 0x68,
  0x14, 0x44, 0x14, 0x7a, 0x14, 0x74, 0x14, 0x6e, 0x14, 0x68, 0x14, 0x3e,
  0x14, 0x7a, 0x14, 0x74, 0x14, 0x6e, 0x14, 0x68, 0x14, 0x38, 0x14, 0x7a,
  0x14, 0x74, 0x14, 0x6e, 0x14, 0x68, 0x14, 0x38, 0x14, 0x7a, 0x14, 0x74,
  0x14, 0x6e, 0x14, 0x68, 0x14, 0x80, 0x14, 0x7a, 0x14, 0x4a, 0x14, 0x6e,
  0x14, 0x68, 0x14, 0x62, 0x14, 0x7a, 0x14, 0x74, 0x14, 0x6e, 0x14, 0x68,
  0x14, 0x32, 0x14, 0x7a, 0x14, 0x74, 0x14, 0x6e, 0x14, 0x68, 0x14, 0x80,
  0x14, 0x7a, 0x14, 0x74, 0x14, 0x6e, 0x14, 0x68, 0x14, 0x62, 0x14, 0x7a,
  0x14, 0x74, 0x14, 0x6e, 0x14, 0x68, 0x14, 0x80, 0x14, 0x7a, 0x14, 0x4a,
  0x14, 0x6e, 0x14, 0x68, 0x14, 0x62, 0x14, 0x7a, 0x14, 0x74, 0x14, 0x6e,
  0x14, 0x68, 0x14, 0x32, 0x14, 0x7a, 0x14, 0x74, 0x14, 0x6e, 0x14, 0x68,
  0x14, 0x5c, 0x14, 0x7a, 0x14, 0x74, 0x14, 0x6e, 0x14, 0x68, 0x14, 0x2c,
  0x14, 0x7a, 0x14, 0x74, 0x14, 0x6e, 0x14, 0x68, 0x14, 0x26, 0x14, 0x7a,
  0x14, 0x74, 0x14, 0x6e, 0x14, 0x68, 0x14, 0x20, 0x14, 0x7a, 0x14, 0x74,
  0x14, 0x6e, 0x14, 0x68, 0x14, 0x80, 0x14, 0x7a, 0x14, 0x74, 0x14, 0x6e,
  0x14, 0x68, 0x14, 0x80, 0x14, 0x7a, 0x14, 0x74, 0x14, 0x6e, 0x14, 0x68,
  0x14, 0x62, 0x14, 0x7a, 0x14, 0x74, 0x14, 0x6e, 0x14, 0x68, 0x14, 0x5c,
  0x14, 0x7a, 0x14, 0x74, 0x14, 0x6e, 0x14, 0x68, 0x14, 0x38, 0x14, 0x7a,
  0x14, 0x74, 0x14, 0x6e, 0x14, 0x68, 0x14, 0x1a, 0x00, 0x00, 0x14, 0x14,
  0x00, 0x00, 0x00, 0x00, 0x14, 0x0e, 0x00, 0x00, 0x14, 0x08, 0x00, 0x00,
  0x00, 0x00, 0x14, 0x02, 0x14, 0x7a, 0x13, 0xfc, 0x14, 0x6e, 0x14, 0x68,
  0x13, 0xf6, 0x00, 0x00, 0x13, 0xf0, 0x00, 0x00, 0x00, 0x00, 0x13, 0xea,
  0x00, 0x00, 0x13, 0xf0, 0x00, 0x00, 0x00, 0x00, 0x13, 0xe4, 0x00, 0x00,
  0x13, 0xf0, 0x00, 0x00, 0x00, 0x00, 0x13, 0xf6, 0x00, 0x00, 0x13, 0xf0,
  0x00, 0x00, 0x00, 0x00, 0x13, 0xde, 0x00, 0x00, 0x13, 0xf0, 0x00, 0x00,
  0x00, 0x00, 0x13, 0xd8, 0x00, 0x00, 0x13, 0xf0, 0x00, 0x00, 0x00, 0x00,
  0x13, 0xd2, 0x00, 0x00, 0x13, 0xcc, 0x00, 0x00, 0x00, 0x00, 0x13, 0xc6,
  0x00, 0x00, 0x13, 0xcc, 0x00, 0x00, 0x00, 0x00, 0x13, 0xc0, 0x00, 0x00,
  0x13, 0xcc, 0x00, 0x00, 0x00, 0x00, 0x13, 0xd2, 0x00, 0x00, 0x13, 0xba,
  0x00, 0x00, 0x00, 0x00, 0x13, 0xb4, 0x00, 0x00, 0x13, 0xcc, 0x00, 0x00,
  0x00, 0x00, 0x13, 0xd2, 0x00, 0x00, 0x13, 0xcc, 0x00, 0x00, 0x00, 0x00,
  0x13, 0xae, 0x00, 0x00, 0x13, 0xa8, 0x00, 0x00, 0x13, 0xa2, 0x13, 0x9c,
  0x00, 0x00, 0x13, 0xa8, 0x00, 0x00, 0x13, 0xa2, 0x13, 0xae, 0x00, 0x00,
  0x13, 0x96, 0x00, 0x00, 0x13, 0xa2, 0x13, 0xae, 0x00, 0x00, 0x13, 0xa8,
  0x00, 0x00, 0x13, 0xa2, 0x13, 0x90, 0x13, 0x8a, 0x13, 0x84, 0x13, 0x7e,
  0x00, 0x00, 0x13, 0x78, 0x13, 0x8a, 0x13, 0x84, 0x13, 0x7e, 0x00, 0x00,
  0x13, 0x72, 0x13, 0x8a, 0x13, 0x84, 0x13, 0x7e, 0x00, 0x00, 0x13, 0x6c,
  0x13, 0x8a, 0x13, 0x84, 0x13, 0x7e, 0x00, 0x00, 0x13, 0x66, 0x13, 0x8a,
  0x13, 0x84, 0x13, 0x7e, 0x00, 0x00, 0x13, 0x60, 0x13, 0x8a, 0x13, 0x84,
  0x13, 0x7e, 0x00, 0x00, 0x13, 0x90, 0x13, 0x8a, 0x13, 0x5a, 0x13, 0x7e,
  0x00, 0x00, 0x13, 0x78, 0x13, 0x8a, 0x13, 0x84, 0x13, 0x7e, 0x00, 0x00,
  0x13, 0x54, 0x13, 0x8a, 0x13, 0x84, 0x13, 0x7e, 0x00, 0x00, 0x13, 0x90,
  0x13, 0x8a, 0x13, 0x84, 0x13, 0x7e, 0x00, 0x00, 0x13, 0x78, 0x13, 0x8a,
  0x13, 0x84, 0x13, 0x7e, 0x00, 0x00, 0x13, 0x90, 0x13, 0x8a, 0x13, 0x5a,
  0x13, 0x7e, 0x00, 0x00, 0x13, 0x78, 0x13, 0x8a, 0x13, 0x84, 0x13, 0x7e,
  0x00, 0x00, 0x13, 0x54, 0x13, 0x8a, 0x13, 0x84, 0x13, 0x7e, 0x00, 0x00,
  0x13, 0x72, 0x13, 0x8a, 0x13, 0x84, 0x13, 0x7e, 0x00, 0x00, 0x13, 0x4e,
  0x13, 0x8a, 0x13, 0x84, 0x13, 0x7e, 0x00, 0x00, 0x13, 0x48, 0x13, 0x8a,
  0x13, 0x84, 0x13, 0x7e, 0x00, 0x00, 0x13, 0x42, 0x13, 0x8a, 0x13, 0x84,
  0x13, 0x7e, 0x00, 0x00, 0x13, 0x90, 0x13, 0x8a, 0x13, 0x84, 0x13, 0x7e,
  0x00, 0x00, 0x13, 0x3c, 0x13, 0x8a, 0x13, 0x84, 0x13, 0x7e, 0x00, 0x00,
  0x13, 0x72, 0x13, 0x8a, 0x13, 0x84, 0x13, 0x7e, 0x00, 0x00, 0x13, 0xd2,
  0x00, 0x00, 0x13, 0xcc, 0x00, 0x00, 0x00, 0x00, 0x13, 0x36, 0x00, 0x00,
  0x13, 0x30, 0x00, 0x00, 0x00, 0x00, 0x13, 0x2a, 0x00, 0x00, 0x13, 0x30,
  0x00, 0x00, 0x00, 0x00, 0x13, 0x24, 0x00, 0x00, 0x13, 0x30, 0x00, 0x00,
  0x00, 0x00, 0x13, 0x1e, 0x00, 0x00, 0x13, 0x30, 0x00, 0x00, 0x00, 0x00,
  0x13, 0x2a, 0x00, 0x00, 0x13, 0x30, 0x00, 0x00, 0x00, 0x00, 0x13, 0x18,
  0x00, 0x00, 0x13, 0x12, 0x00, 0x00, 0x00, 0x00, 0x13, 0x0c, 0x00, 0x00,
  0x13, 0x06, 0x00, 0x00, 0x00, 0x00, 0x13, 0x00, 0x00, 0x00, 0x13, 0x06,
  0x00, 0x00, 0x00, 0x00, 0x12, 0xfa, 0x00, 0x00, 0x13, 0x06, 0x00, 0x00,
  0x00, 0x00, 0x12, 0xf4, 0x00, 0x00, 0x13, 0x06, 0x00, 0x00, 0x00, 0x00,
  0x13, 0x0c, 0x00, 0x00, 0x12, 0xee, 0x00, 0x00, 0x00, 0x00, 0x13, 0x00,
  0x00, 0x00, 0x13, 0x06, 0x00, 0x00, 0x00, 0x00, 0x12, 0xe8, 0x00, 0x00,
  0x13, 0x06, 0x00, 0x00, 0x00, 0x00, 0x12, 0xe2, 0x00, 0x00, 0x13, 0x06,
  0x00, 0x00, 0x00, 0x00, 0x12, 0xdc, 0x00, 0x00, 0x13, 0x06, 0x00, 0x00,
  0x00, 0x00, 0x12, 0xd6, 0x00, 0x00, 0x12, 0xd0, 0x00, 0x00, 0x00, 0x00,
  0x12, 0xca, 0x00, 0x00, 0x12, 0xd0, 0x00, 0x00, 0x00, 0x00, 0x12, 0xc4,
  0x00, 0x00, 0x12, 0xd0, 0x00, 0x00, 0x00, 0x00, 0x12, 0xbe, 0x00, 0x00,
  0x12, 0xd0, 0x00, 0x00, 0x00, 0x00, 0x12, 0xb8, 0x00, 0x00, 0x12, 0xb2,
  0x12, 0xac, 0x00, 0x00, 0x12, 0xa6, 0x00, 0x00, 0x12, 0xb2, 0x12, 0xac,
  0x00, 0x00, 0x12, 0xa0, 0x00, 0x00, 0x12, 0xb2, 0x12, 0xac, 0x00, 0x00,
  0x12, 0x9a, 0x00, 0x00, 0x12, 0xb2, 0x12, 0xac, 0x00, 0x00, 0x12, 0xa0,
  0x00, 0x00, 0x12, 0x94, 0x12, 0xac, 0x00, 0x00, 0x12, 0x9a, 0x00, 0x00,
  0x12, 0xb2, 0x12, 0xac, 0x00, 0x00, 0x12, 0x9a, 0x00, 0x00, 0x12, 0xb2,
  0x12, 0xac, 0x00, 0x00, 0x12, 0x9a, 0x00, 0x00, 0x12, 0xb2, 0x12, 0xac,
  0x00, 0x00, 0x12, 0x8e, 0x00, 0x00, 0x12, 0xb2, 0x12, 0xac, 0x00, 0x00,
  0x12, 0x9a, 0x00, 0x00, 0x12, 0xb2, 0x12, 0xac, 0x00, 0x00, 0x12, 0x8e,
  0x00, 0x00, 0x12, 0x94, 0x12, 0xac, 0x00, 0x00, 0x12, 0x9a, 0x00, 0x00,
  0x12, 0xb2, 0x12, 0xac, 0x00, 0x00, 0x12, 0x9a, 0x00, 0x00, 0x12, 0xb2,
  0x12, 0xac, 0x00, 0x00, 0x12, 0x9a, 0x00, 0x00, 0x12, 0xb2, 0x12, 0xac,
  0x00, 0x00, 0x12, 0x88, 0x00, 0x00, 0x12, 0xb2, 0x12, 0xac, 0x00, 0x00,
  0x12, 0x82, 0x00, 0x00, 0x12, 0xb2, 0x12, 0xac, 0x00, 0x00, 0x12, 0xb8,
  0x00, 0x00, 0x12, 0x94, 0x12, 0xac, 0x00, 0x00, 0x12, 0xa6, 0x00, 0x00,
  0x12, 0xb2, 0x12, 0xac, 0x00, 0x00, 0x12, 0x7c, 0x00, 0x00, 0x12, 0xb2,
  0x12, 0xac, 0x00, 0x00, 0x12, 0x76, 0x00, 0x00, 0x12, 0xb2, 0x12, 0xac,
  0x00, 0x00, 0x12, 0x70, 0x00, 0x00, 0x12, 0xb2, 0x12, 0xac, 0x00, 0x00,
  0x12, 0xb8, 0x00, 0x00, 0x12, 0xb2, 0x12, 0xac, 0x00, 0x00, 0x12, 0x6a,
  0x00, 0x00, 0x12, 0xb2, 0x12, 0xac, 0x00, 0x00, 0x12, 0x64, 0x00, 0x00,
  0x12, 0xb2, 0x12, 0xac, 0x00, 0x00, 0x12, 0xa0, 0x00, 0x00, 0x12, 0xb2,
  0x12, 0xac, 0x00, 0x00, 0x12, 0x5e, 0x00, 0x00, 0x12, 0x58, 0x00, 0x00,
  0x00, 0x00, 0x12, 0x52, 0x00, 0x00, 0x12, 0x58, 0x00, 0x00, 0x00, 0x00,
  0x12, 0x4c, 0x00, 0x00, 0x12, 0x46, 0x00, 0x00, 0x00, 0x00, 0x12, 0x40,
  0x00, 0x00, 0x12, 0x3a, 0x00, 0x00, 0x00, 0x00, 0x12, 0x34, 0x00, 0x00,
  0x12, 0x3a, 0x00, 0x00, 0x00, 0x00, 0x12, 0x2e, 0x00, 0x00, 0x12, 0x3a,
  0x00, 0x00, 0x00, 0x00, 0x12, 0x40, 0x00, 0x00, 0x12, 0x28, 0x00, 0x00,
  0x00, 0x00, 0x12, 0x22, 0x00, 0x00, 0x12, 0x3a, 0x00, 0x00, 0x00, 0x00,
  0x12, 0x1c, 0x00, 0x00, 0x12, 0x3a, 0x00, 0x00, 0x00, 0x00, 0x12, 0x16,
  0x12, 0x10, 0x12, 0x0a, 0x00, 0x00, 0x12, 0x04, 0x12, 0x16, 0x12, 0x10,
  0x12, 0x0a, 0x00, 0x00, 0x12, 0x04, 0x00, 0x00, 0x12, 0x10, 0x00, 0x00,
  0x00, 0x00, 0x12, 0x04, 0x11, 0xfe, 0x00, 0x00, 0x11, 0xf8, 0x11, 0xf2,
  0x00, 0x00, 0x11, 0xec, 0x00, 0x00, 0x11, 0xf8, 0x11, 0xf2, 0x00, 0x00,
  0x11, 0xe6, 0x00, 0x00, 0x11, 0xf8, 0x11, 0xf2, 0x00, 0x00, 0x11, 0xe0,
  0x00, 0x00, 0x11, 0xf8, 0x11, 0xf2, 0x00, 0x00, 0x11, 0xda, 0x00, 0x00,
  0x11, 0xf8, 0x11, 0xf2, 0x00, 0x00, 0x11, 0xd4, 0x00, 0x00, 0x11, 0xf8,
  0x11, 0xf2, 0x00, 0x00, 0x11, 0xda, 0x00, 0x00, 0x11, 0xce, 0x11, 0xf2,
  0x00, 0x00, 0x11, 0xd4, 0x00, 0x00, 0x11, 0xf8, 0x11, 0xf2, 0x00, 0x00,
  0x11, 0xd4, 0x00, 0x00, 0x11, 0xf8, 0x11, 0xf2, 0x00, 0x00, 0x11, 0xd4,
  0x00, 0x00, 0x11, 0xf8, 0x11, 0xf2, 0x00, 0x00, 0x11, 0xc8, 0x00, 0x00,
  0x11, 0xf8, 0x11, 0xf2, 0x00, 0x00, 0x11, 0xc2, 0x00, 0x00, 0x11, 0xf8,
  0x11, 0xf2, 0x00, 0x00, 0x11, 0xc2, 0x00, 0x00, 0x11, 0xf8, 0x11, 0xf2,
  0x00, 0x00, 0x11, 0xfe, 0x00, 0x00, 0x11, 0xce, 0x11, 0xf2, 0x00, 0x00,
  0x11, 0xec, 0x00, 0x00, 0x11, 0xf8, 0x11, 0xf2, 0x00, 0x00, 0x11, 0xbc,
  0x00, 0x00, 0x11, 0xf8, 0x11, 0xf2, 0x00, 0x00, 0x11, 0xb6, 0x00, 0x00,
  0x11, 0xf8, 0x11, 0xf2, 0x00, 0x00, 0x11, 0xb0, 0x00, 0x00, 0x11, 0xf8,
  0x11, 0xf2, 0x00, 0x00, 0x11, 0xfe, 0x00, 0x00, 0x11, 0xf8, 0x11, 0xf2,
  0x00, 0x00, 0x11, 0xe6, 0x00, 0x00, 0x11, 0xf8, 0x11, 0xf2, 0x00, 0x00,
  0x11, 0xaa, 0x00, 0x00, 0x11, 0xa4, 0x00, 0x00, 0x00, 0x00, 0x11, 0x9e,
  0x00, 0x00, 0x11, 0x98, 0x00, 0x00, 0x00, 0x00, 0x11, 0x92, 0x00, 0x00,
  0x11, 0x98, 0x00, 0x00, 0x00, 0x00, 0x11, 0x8c, 0x00, 0x00, 0x11, 0x98,
  0x00, 0x00, 0x00, 0x00, 0x11, 0x86, 0x00, 0x00, 0x11, 0x98, 0x00, 0x00,
  0x00, 0x00, 0x11, 0x80, 0x00, 0x00, 0x11, 0x98, 0x00, 0x00, 0x00, 0x00,
  0x11, 0x7a, 0x00, 0x00, 0x11, 0x98, 0x00, 0x00, 0x00, 0x00, 0x11, 0x74,
  0x00, 0x00, 0x13, 0x06, 0x00, 0x00, 0x11, 0x6e, 0x11, 0x68, 0x00, 0x00,
  0x13, 0x06, 0x00, 0x00, 0x11, 0x6e, 0x00, 0x00, 0x00, 0x00, 0x11, 0x62,
  0x11, 0x5c, 0x00, 0x00, 0x11, 0x56, 0x00, 0x00, 0x11, 0x50, 0x11, 0x5c,
  0x00, 0x00, 0x11, 0x4a, 0x00, 0x00, 0x11, 0x50, 0x11, 0x5c, 0x00, 0x00,
  0x11, 0x44, 0x00, 0x00, 0x11, 0x50, 0x11, 0x5c, 0x00, 0x00, 0x11, 0x3e,
  0x00, 0x00, 0x11, 0x50, 0x11, 0x5c, 0x00, 0x00, 0x11, 0x38, 0x00, 0x00,
  0x11, 0x50, 0x11, 0x5c, 0x00, 0x00, 0x11, 0x32, 0x00, 0x00, 0x11, 0x50,
  0x11, 0x5c, 0x00, 0x00, 0x11, 0x32, 0x00, 0x00, 0x11, 0x50, 0x11, 0x5c,
  0x00, 0x00, 0x00, 0x00, 0x00, 0x00, 0x11, 0x2c, 0x11, 0x5c, 0x00, 0x00,
  0x11, 0x4a, 0x00, 0x00, 0x11, 0x50, 0x11, 0x5c, 0x00, 0x00, 0x11, 0x26,
  0x00, 0x00, 0x11, 0x50, 0x11, 0x5c, 0x00, 0x00, 0x11, 0x20, 0x00, 0x00,
  0x11, 0x50, 0x11, 0x5c, 0x00, 0x00, 0x00, 0x00, 0x00, 0x00, 0x11, 0x62,
  0x11, 0x5c, 0x00, 0x00, 0x11, 0x1a, 0x00, 0x00, 0x11, 0x50, 0x11, 0x5c,
  0x00, 0x00, 0x00, 0x00, 0x00, 0x00, 0x11, 0x62, 0x11, 0x5c, 0x00, 0x00,
  0x11, 0x44, 0x00, 0x00, 0x11, 0x50, 0x11, 0x5c, 0x00, 0x00, 0x11, 0x14,
  0x00, 0x00, 0x11, 0x0e, 0x00, 0x00, 0x00, 0x00, 0x11, 0x08, 0x00, 0x00,
  0x11, 0x0e, 0x00, 0x00, 0x00, 0x00, 0x11, 0x02, 0x00, 0x00, 0x10, 0xfc,
  0x00, 0x00, 0x00, 0x00, 0x11, 0x02, 0x00, 0x00, 0x10, 0xfc, 0x00, 0x00,
  0x00, 0x00, 0x10, 0xf6, 0x00, 0x00, 0x10, 0xf0, 0x00, 0x00, 0x00, 0x00,
  0x11, 0x44, 0x10, 0xea, 0x10, 0xe4, 0x00, 0x00, 0x10, 0xde, 0x10, 0xd8,
  0x10, 0xea, 0x10, 0xe4, 0x00, 0x00, 0x10, 0xde, 0x11, 0x44, 0x10, 0xea,
  0x10, 0xe4, 0x00, 0x00, 0x10, 0xde, 0x11, 0x44, 0x10, 0xea, 0x10, 0xe4,
  0x00, 0x00, 0x10, 0xde, 0x11, 0x44, 0x10, 0xea, 0x10, 0xe4, 0x00, 0x00,
  0x10, 0xde, 0x11, 0x44, 0x10, 0xea, 0x10, 0xe4, 0x00, 0x00, 0x10, 0xde,
  0x10, 0xd2, 0x00, 0x00, 0x10, 0xcc, 0x00, 0x00, 0x00, 0x00, 0x10, 0xc6,
  0x00, 0x00, 0x10, 0xc0, 0x00, 0x00, 0x00, 0x00, 0x10, 0xba, 0x00, 0x00,
  0x10, 0xc0, 0x00, 0x00, 0x00, 0x00, 0x10, 0xb4, 0x00, 0x00, 0x10, 0xc0,
  0x00, 0x00, 0x00, 0x00, 0x10, 0xc6, 0x00, 0x00, 0x10, 0xc0, 0x00, 0x00,
  0x00, 0x00, 0x10, 0xc6, 0x00, 0x00, 0x10, 0xc0, 0x00, 0x00, 0x00, 0x00,
  0x10, 0xae, 0x00, 0x00, 0x10, 0xc0, 0x00, 0x00, 0x00, 0x00, 0x10, 0xc6,
  0x00, 0x00, 0x10, 0xc0, 0x00, 0x00, 0x00, 0x00, 0x10, 0xa8, 0x10, 0xa2,
  0x12, 0x0a, 0x10, 0x9c, 0x10, 0x96, 0x10, 0x90, 0x10, 0xa2, 0x12, 0x0a,
  0x10, 0x9c, 0x10, 0x96, 0x10, 0x8a, 0x10, 0xa2, 0x12, 0x0a, 0x10, 0x9c,
  0x10, 0x96, 0x10, 0x84, 0x10, 0xa2, 0x12, 0x0a, 0x10, 0x9c, 0x10, 0x96,
  0x10, 0x7e, 0x10, 0xa2, 0x12, 0x0a, 0x10, 0x9c, 0x10, 0x96, 0x10, 0x84,
  0x10, 0xa2, 0x10, 0x78, 0x10, 0x9c, 0x10, 0x96, 0x10, 0x7e, 0x10, 0xa2,
  0x12, 0x0a, 0x10, 0x9c, 0x10, 0x96, 0x10, 0x7e, 0x10, 0xa2, 0x12, 0x0a,
  0x10, 0x9c, 0x10, 0x96, 0x10, 0x7e, 0x10, 0xa2, 0x12, 0x0a, 0x10, 0x9c,
  0x10, 0x96, 0x10, 0x72, 0x10, 0xa2, 0x12, 0x0a, 0x10, 0x9c, 0x10, 0x96,
  0x10, 0x6c, 0x10, 0xa2, 0x12, 0x0a, 0x10, 0x9c, 0x10, 0x96, 0x10, 0x66,
  0x10, 0xa2, 0x12, 0x0a, 0x10, 0x9c, 0x10, 0x96, 0x10, 0x66, 0x10, 0xa2,
  0x12, 0x0a, 0x10, 0x9c, 0x10, 0x96, 0x10, 0xa8, 0x10, 0xa2, 0x10, 0x78,
  0x10, 0x9c, 0x10, 0x96, 0x10, 0x90, 0x10, 0xa2, 0x12, 0x0a, 0x10, 0x9c,
  0x10, 0x96, 0x10, 0x60, 0x10, 0xa2, 0x12, 0x0a, 0x10, 0x9c, 0x10, 0x96,
  0x10, 0xa8, 0x10, 0xa2, 0x12, 0x0a, 0x10, 0x9c, 0x10, 0x96, 0x10, 0x90,
  0x10, 0xa2, 0x12, 0x0a, 0x10, 0x9c, 0x10, 0x96, 0x10, 0xa8, 0x10, 0xa2,
  0x10, 0x78, 0x10, 0x9c, 0x10, 0x96, 0x10, 0x90, 0x10, 0xa2, 0x12, 0x0a,
  0x10, 0x9c, 0x10, 0x96, 0x10, 0x60, 0x10, 0xa2, 0x12, 0x0a, 0x10, 0x9c,
  0x10, 0x96, 0x10, 0x8a, 0x10, 0xa2, 0x12, 0x0a, 0x10, 0x9c, 0x10, 0x96,
  0x10, 0x5a, 0x10, 0xa2, 0x12, 0x0a, 0x10, 0x9c, 0x10, 0x96, 0x10, 0x54,
  0x10, 0xa2, 0x12, 0x0a, 0x10, 0x9c, 0x10, 0x96, 0x10, 0x4e, 0x10, 0xa2,
  0x12, 0x0a, 0x10, 0x9c, 0x10, 0x96, 0x10, 0xa8, 0x10, 0xa2, 0x12, 0x0a,
  0x10, 0x9c, 0x10, 0x96, 0x10, 0x48, 0x00, 0x00, 0x12, 0x0a, 0x00, 0x00,
  0x00, 0x00, 0x10, 0x42, 0x00, 0x00, 0x12, 0x0a, 0x00, 0x00, 0x00, 0x00,
  0x10, 0x8a, 0x10, 0xa2, 0x12, 0x0a, 0x10, 0x9c, 0x10, 0x96, 0x10, 0x66,
  0x10, 0xa2, 0x12, 0x0a, 0x10, 0x9c, 0x10, 0x96, 0x10, 0x3c, 0x00, 0x00,
  0x10, 0x36, 0x00, 0x00, 0x00, 0x00, 0x10, 0x30, 0x00, 0x00, 0x10, 0x2a,
  0x00, 0x00, 0x00, 0x00, 0x10, 0x24, 0x00, 0x00, 0x10, 0xe4, 0x00, 0x00,
  0x00, 0x00, 0x10, 0x1e, 0x00, 0x00, 0x10, 0xe4, 0x00, 0x00, 0x00, 0x00,
  0x10, 0x18, 0x00, 0x00, 0x10, 0xe4, 0x00, 0x00, 0x00, 0x00, 0x10, 0x24,
  0x00, 0x00, 0x10, 0xe4, 0x00, 0x00, 0x00, 0x00, 0x10, 0x12, 0x00, 0x00,
  0x10, 0xe4, 0x00, 0x00, 0x00, 0x00, 0x10, 0x0c, 0x00, 0x00, 0x10, 0xe4,
  0x00, 0x00, 0x00, 0x00, 0x10, 0x06, 0x00, 0x00, 0x10, 0x00, 0x00, 0x00,
  0x00, 0x00, 0x0f, 0xfa, 0x00, 0x00, 0x10, 0x00, 0x00, 0x00, 0x00, 0x00,
  0x0f, 0xf4, 0x00, 0x00, 0x10, 0x00, 0x00, 0x00, 0x00, 0x00, 0x10, 0x06,
  0x00, 0x00, 0x0f, 0xee, 0x00, 0x00, 0x00, 0x00, 0x0f, 0xe8, 0x00, 0x00,
  0x10, 0x00, 0x00, 0x00, 0x00, 0x00, 0x10, 0x06, 0x00, 0x00, 0x10, 0x00,
  0x00, 0x00, 0x00, 0x00, 0x0f, 0xe2, 0x0f, 0xdc, 0x0f, 0xd6, 0x00, 0x00,
  0x0f, 0xd0, 0x0f, 0xe2, 0x0f, 0xdc, 0x0f, 0xd6, 0x00, 0x00, 0x0f, 0xd0,
  0x0f, 0xe2, 0x0f, 0xdc, 0x0f, 0xca, 0x00, 0x00, 0x0f, 0xd0, 0x0f, 0xe2,
  0x0f, 0xdc, 0x0f, 0xd6, 0x00, 0x00, 0x0f, 0xd0, 0x0f, 0xc4, 0x0f, 0xbe,
  0x0f, 0xb8, 0x0f, 0xb2, 0x00, 0x00, 0x0f, 0xac, 0x0f, 0xbe, 0x0f, 0xb8,
  0x0f, 0xb2, 0x00, 0x00, 0x0f, 0xa6, 0x0f, 0xbe, 0x0f, 0xb8, 0x0f, 0xb2,
  0x00, 0x00, 0x0f, 0xa0, 0x0f, 0xbe, 0x0f, 0xb8, 0x0f, 0xb2, 0x00, 0x00,
  0x0f, 0x9a, 0x0f, 0xbe, 0x0f, 0xb8, 0x0f, 0xb2, 0x00, 0x00, 0x0f, 0x94,
  0x0f, 0xbe, 0x0f, 0xb8, 0x0f, 0xb2, 0x00, 0x00, 0x0f, 0xc4, 0x0f, 0xbe,
  0x0f, 0x8e, 0x0f, 0xb2, 0x00, 0x00, 0x0f, 0xac, 0x0f, 0xbe, 0x0f, 0xb8,
  0x0f, 0xb2, 0x00, 0x00, 0x0f, 0x88, 0x0f, 0xbe, 0x0f, 0xb8, 0x0f, 0xb2,
  0x00, 0x00, 0x0f, 0xc4, 0x0f, 0xbe, 0x0f, 0xb8, 0x0f, 0xb2, 0x00, 0x00,
  0x0f, 0xac, 0x0f, 0xbe, 0x0f, 0xb8, 0x0f, 0xb2, 0x00, 0x00, 0x0f, 0xc4,
  0x0f, 0xbe, 0x0f, 0x8e, 0x0f, 0xb2, 0x00, 0x00, 0x0f, 0xac, 0x0f, 0xbe,
  0x0f, 0xb8, 0x0f, 0xb2, 0x00, 0x00, 0x0f, 0x88, 0x0f, 0xbe, 0x0f, 0xb8,
  0x0f, 0xb2, 0x00, 0x00, 0x0f, 0xa6, 0x0f, 0xbe, 0x0f, 0xb8, 0x0f, 0xb2,
  0x00, 0x00, 0x0f, 0x82, 0x0f, 0xbe, 0x0f, 0xb8, 0x0f, 0xb2, 0x00, 0x00,
  0x0f, 0x7c, 0x0f, 0xbe, 0x0f, 0xb8, 0x0f, 0xb2, 0x00, 0x00, 0x0f, 0x76,
  0x0f, 0xbe, 0x0f, 0xb8, 0x0f, 0xb2, 0x00, 0x00, 0x0f, 0xc4, 0x0f, 0xbe,
  0x0f, 0xb8, 0x0f, 0xb2, 0x00, 0x00, 0x0f, 0x70, 0x0f, 0xbe, 0x0f, 0xb8,
  0x0f, 0xb2, 0x00, 0x00, 0x0f, 0xa6, 0x0f, 0xbe, 0x0f, 0xb8, 0x0f, 0xb2,
  0x00, 0x00, 0x0f, 0x6a, 0x00, 0x00, 0x0f, 0x64, 0x00, 0x00, 0x00, 0x00,
  0x0f, 0x5e, 0x00, 0x00, 0x0f, 0x58, 0x00, 0x00, 0x00, 0x00, 0x0f, 0x52,
  0x00, 0x00, 0x0f, 0x58, 0x00, 0x00, 0x00, 0x00, 0x0f, 0x4c, 0x00, 0x00,
  0x0f, 0x58, 0x00, 0x00, 0x00, 0x00, 0x0f, 0x46, 0x00, 0x00, 0x0f, 0x58,
  0x00, 0x00, 0x00, 0x00, 0x0f, 0x52, 0x00, 0x00, 0x0f, 0x58, 0x00, 0x00,
  0x00, 0x00, 0x0f, 0x40, 0x00, 0x00, 0x0f, 0x3a, 0x00, 0x00, 0x00, 0x00,
  0x10, 0xc6, 0x00, 0x00, 0x0f, 0x34, 0x00, 0x00, 0x00, 0x00, 0x10, 0xba,
  0x00, 0x00, 0x0f, 0x34, 0x00, 0x00, 0x00, 0x00, 0x0f, 0x2e, 0x00, 0x00,
  0x0f, 0x34, 0x00, 0x00, 0x00, 0x00, 0x0f, 0x28, 0x00, 0x00, 0x0f, 0x34,
  0x00, 0x00, 0x00, 0x00, 0x10, 0xc6, 0x00, 0x00, 0x0f, 0x22, 0x00, 0x00,
  0x00, 0x00, 0x10, 0xba, 0x00, 0x00, 0x0f, 0x34, 0x00, 0x00, 0x00, 0x00,
  0x0f, 0x1c, 0x00, 0x00, 0x0f, 0x34, 0x00, 0x00, 0x00, 0x00, 0x0f, 0x16,
  0x00, 0x00, 0x0f, 0x34, 0x00, 0x00, 0x00, 0x00, 0x10, 0xae, 0x00, 0x00,
  0x0f, 0x34, 0x00, 0x00, 0x00, 0x00, 0x0f, 0x10, 0x00, 0x00, 0x0f, 0x0a,
  0x00, 0x00, 0x00, 0x00, 0x0f, 0x04, 0x00, 0x00, 0x0f, 0x0a, 0x00, 0x00,
  0x00, 0x00, 0x0e, 0xfe, 0x00, 0x00, 0x0f, 0x0a, 0x00, 0x00, 0x00, 0x00,
  0x0e, 0xf8, 0x00, 0x00, 0x0f, 0x0a, 0x00, 0x00, 0x00, 0x00, 0x12, 0x16,
  0x00, 0x00, 0x00, 0x00, 0x00, 0x00, 0x00, 0x00, 0x00, 0x01, 0x01, 0xca,
  0x05, 0x6e, 0x00, 0x01, 0x01, 0xca, 0x06, 0x42, 0x00, 0x01, 0x01, 0xca,
  0x05, 0xa8, 0x00, 0x01, 0x01, 0xca, 0x00, 0x00, 0x00, 0x01, 0x01, 0xca,
  0x03, 0xf3, 0x00, 0x01, 0x02, 0x5a, 0x04, 0xcf, 0x00, 0x01, 0x02, 0xa0,
  0x05, 0xc7, 0x00, 0x01, 0x04, 0x9b, 0xfe, 0x77, 0x00, 0x01, 0x02, 0x5a,
  0x05, 0x6e, 0x00, 0x01, 0x02, 0x5a, 0x06, 0x74, 0x00, 0x01, 0x04, 0x9b,
  0x00, 0x00, 0x00, 0x01, 0x01, 0xfa, 0x00, 0x00, 0x00, 0x01, 0x01, 0xfa,
  0x03, 0xf3, 0x00, 0x01, 0x03, 0x1c, 0x05, 0x6e, 0x00, 0x01, 0x03, 0x1c,
  0x06, 0x74, 0x00, 0x01, 0x03, 0x1c, 0x05, 0xa8, 0x00, 0x01, 0x03, 0x1c,
  0x00, 0x00, 0x00, 0x01, 0x03, 0x1c, 0x03, 0xf3, 0x00, 0x01, 0x02, 0x09,
  0x00, 0x00, 0x00, 0x01, 0x02, 0x09, 0x03, 0xf3, 0x00, 0x01, 0x02, 0x50,
  0x06, 0x23, 0x00, 0x01, 0x02, 0x4d, 0x04, 0xcf, 0x00, 0x01, 0x02, 0x43,
  0x05, 0x96, 0x00, 0x01, 0x02, 0x4d, 0x05, 0xa2, 0x00, 0x01, 0x02, 0x93,
  0x05, 0xc7, 0x00, 0x01, 0x02, 0x4d, 0xfe, 0x77, 0x00, 0x01, 0x02, 0x4d,
  0x05, 0x6e, 0x00, 0x01, 0x02, 0x4d, 0x05, 0xfe, 0x00, 0x01, 0x02, 0x4d,
  0x06, 0x74, 0x00, 0x01, 0x02, 0x4d, 0x05, 0xa1, 0x00, 0x01, 0x02, 0x4d,
  0x05, 0xa8, 0x00, 0x01, 0x03, 0xbb, 0x00, 0x00, 0x00, 0x01, 0x02, 0x4d,
  0x00, 0x00, 0x00, 0x01, 0x03, 0xa7, 0x03, 0xf3, 0x00, 0x01, 0x02, 0x4d,
  0x03, 0xf3, 0x00, 0x01, 0x01, 0xb3, 0xfe, 0x77, 0x00, 0x01, 0x01, 0x4c,
  0x01, 0xfa, 0x00, 0x01, 0x01, 0xb3, 0x00, 0x00, 0x00, 0x01, 0x01, 0xa9,
  0x04, 0x3c, 0x00, 0x01, 0x01, 0xa9, 0x03, 0xf3, 0x00, 0x01, 0x01, 0xd8,
  0x06, 0x74, 0x00, 0x01, 0x01, 0xd8, 0xfe, 0x77, 0x00, 0x01, 0x01, 0xd8,
  0x06, 0x42, 0x00, 0x01, 0x01, 0xd8, 0x05, 0xa8, 0x00, 0x01, 0x01, 0xd8,
  0x00, 0x00, 0x00, 0x01, 0x01, 0xd8, 0x03, 0xf3, 0x00, 0x01, 0x01, 0x96,
  0x05, 0x96, 0x00, 0x01, 0x01, 0xa0, 0x05, 0xfe, 0x00, 0x01, 0x01, 0xa0,
  0x06, 0x42, 0x00, 0x01, 0x01, 0xa0, 0x05, 0xa8, 0x00, 0x01, 0x01, 0xa0,
  0x03, 0xf3, 0x00, 0x01, 0x02, 0x5c, 0xfe, 0x7b, 0x00, 0x01, 0x02, 0x5c,
  0x03, 0xf3, 0x00, 0x01, 0x03, 0xaf, 0x00, 0x00, 0x00, 0x01, 0x03, 0xaf,
  0x03, 0xf3, 0x00, 0x01, 0x02, 0x41, 0x05, 0xa8, 0x00, 0x01, 0x02, 0x41,
  0x03, 0xf3, 0x00, 0x01, 0x02, 0x4b, 0x04, 0xcf, 0x00, 0x01, 0x02, 0x41,
  0x05, 0x96, 0x00, 0x01, 0x02, 0x4b, 0x05, 0xa2, 0x00, 0x01, 0x02, 0x91,
  0x05, 0xc7, 0x00, 0x01, 0x02, 0x4b, 0x05, 0xe6, 0x00, 0x01, 0x02, 0x4b,
  0x05, 0x6e, 0x00, 0x01, 0x02, 0x4b, 0x05, 0xfe, 0x00, 0x01, 0x02, 0x4c,
  0xfe, 0x77, 0x00, 0x01, 0x02, 0x4b, 0x07, 0x16, 0x00, 0x01, 0x02, 0x4b,
  0x06, 0x74, 0x00, 0x01, 0x02, 0x4b, 0x05, 0xa1, 0x00, 0x01, 0x02, 0x4b,
  0x05, 0xa8, 0x00, 0x01, 0x02, 0x4c, 0x01, 0xfa, 0x00, 0x01, 0x02, 0x99,
  0x00, 0x00, 0x00, 0x01, 0x02, 0xf8, 0x03, 0xf4, 0x00, 0x01, 0x02, 0x4b,
  0x03, 0xf3, 0x00, 0x01, 0x02, 0x5a, 0x05, 0xa1, 0x00, 0x01, 0x02, 0x5a,
  0x06, 0x42, 0x00, 0x01, 0x02, 0x5a, 0x05, 0xa8, 0x00, 0x01, 0x02, 0x5a,
  0x00, 0x00, 0x00, 0x01, 0x02, 0x5a, 0x03, 0xf3, 0x00, 0x01, 0x03, 0x7c,
  0x00, 0x00, 0x00, 0x01, 0x03, 0x7c, 0x03, 0xf3, 0x00, 0x01, 0x01, 0x01,
  0x07, 0x56, 0x00, 0x01, 0x02, 0x2a, 0x02, 0x96, 0x00, 0x01, 0x01, 0x01,
  0x00, 0x00, 0x00, 0x01, 0x01, 0x7c, 0x03, 0xf3, 0x00, 0x01, 0x02, 0x1e,
  0x00, 0x00, 0x00, 0x01, 0x02, 0x1e, 0x03, 0xf3, 0x00, 0x01, 0x02, 0x43,
  0x00, 0x00, 0x00, 0x01, 0x02, 0x31, 0x05, 0xa1, 0x00, 0x01, 0x01, 0x15,
  0x06, 0x74, 0x00, 0x01, 0x01, 0x13, 0x00, 0x00, 0x00, 0x01, 0x01, 0x15,
  0x03, 0xf3, 0x00, 0x01, 0x01, 0x01, 0x04, 0xcf, 0x00, 0x01, 0x00, 0xf7,
  0x05, 0x96, 0x00, 0x01, 0x01, 0x47, 0x05, 0xc7, 0x00, 0x01, 0x01, 0x02,
  0xfe, 0x77, 0x00, 0x01, 0x01, 0x01, 0x05, 0x6e, 0x00, 0x01, 0x01, 0x01,
  0x05, 0xfe, 0x00, 0x01, 0x01, 0x01, 0x06, 0x74, 0x00, 0x01, 0x01, 0x01,
  0x05, 0xa1, 0x00, 0x01, 0x01, 0x01, 0x05, 0xa8, 0x00, 0x01, 0x01, 0x05,
  0x00, 0x00, 0x00, 0x01, 0x01, 0x01, 0x03, 0xf3, 0x00, 0x01, 0x01, 0x4e,
  0x00, 0x00, 0x00, 0x01, 0x01, 0x02, 0x00, 0x00, 0x00, 0x01, 0x02, 0x5e,
  0x08, 0x22, 0x00, 0x01, 0x01, 0x81, 0x04, 0xc0, 0x00, 0x01, 0x02, 0x5e,
  0x05, 0xa1, 0x00, 0x01, 0x02, 0x4a, 0x05, 0x6e, 0x00, 0x01, 0x02, 0x4a,
  0x06, 0x08, 0x00, 0x01, 0x02, 0x4a, 0x06, 0x74, 0x00, 0x01, 0x02, 0x4a,
  0x06, 0x42, 0x00, 0x01, 0x02, 0x4a, 0x05, 0xa1, 0x00, 0x01, 0x02, 0x4a,
  0xfe, 0x7b, 0x00, 0x01, 0x02, 0x4a, 0x03, 0xf3, 0x00, 0x01, 0x01, 0x38,
  0x00, 0x00, 0x00, 0x01, 0x01, 0x38, 0x05, 0xa1, 0x00, 0x01, 0x02, 0x2e,
  0x04, 0xcf, 0x00, 0x01, 0x02, 0x24, 0x05, 0x96, 0x00, 0x01, 0x02, 0x74,
  0x05, 0xc7, 0x00, 0x01, 0x02, 0x2e, 0x05, 0x6e, 0x00, 0x01, 0x02, 0x2e,
  0x05, 0xfe, 0x00, 0x01, 0x02, 0x2e, 0xfe, 0x77, 0x00, 0x01, 0x02, 0x2e,
  0x07, 0x16, 0x00, 0x01, 0x02, 0x2e, 0x06, 0x74, 0x00, 0x01, 0x02, 0x2e,
  0x06, 0x42, 0x00, 0x01, 0x02, 0x2e, 0x05, 0xa1, 0x00, 0x01, 0x02, 0x2e,
  0x05, 0xa8, 0x00, 0x01, 0x03, 0x08, 0x00, 0x00, 0x00, 0x01, 0x02, 0x2e,
  0x00, 0x00, 0x00, 0x01, 0x02, 0x2e, 0x03, 0xf3, 0x00, 0x01, 0x03, 0x26,
  0x04, 0xbe, 0x00, 0x01, 0x02, 0x4c, 0x00, 0x00, 0x00, 0x01, 0x04, 0x23,
  0x03, 0xf3, 0x00, 0x01, 0x02, 0x4c, 0x03, 0xf3, 0x00, 0x01, 0x02, 0x21,
  0x05, 0x6e, 0x00, 0x01, 0x02, 0x21, 0x06, 0x74, 0x00, 0x01, 0x02, 0x21,
  0xfe, 0x77, 0x00, 0x01, 0x02, 0x21, 0x06, 0x42, 0x00, 0x01, 0x02, 0x21,
  0x05, 0xa8, 0x00, 0x01, 0x02, 0x21, 0x00, 0x00, 0x00, 0x01, 0x02, 0x21,
  0x03, 0xf3, 0x00, 0x01, 0x02, 0x7f, 0x00, 0x00, 0x00, 0x01, 0x02, 0x7f,
  0x05, 0xa1, 0x00, 0x01, 0x03, 0x76, 0x05, 0xa8, 0x00, 0x01, 0x03, 0x76,
  0x00, 0x00, 0x00, 0x01, 0x03, 0x76, 0x03, 0xf3, 0x00, 0x01, 0x02, 0x39,
  0x06, 0xfc, 0x00, 0x01, 0x02, 0x39, 0x06, 0x23, 0x00, 0x01, 0x02, 0x36,
  0x04, 0xcf, 0x00, 0x01, 0x02, 0x2c, 0x05, 0x96, 0x00, 0x01, 0x02, 0x7c,
  0x05, 0xc7, 0x00, 0x01, 0x02, 0x36, 0x05, 0x6e, 0x00, 0x01, 0x02, 0x36,
  0x05, 0xfe, 0x00, 0x01, 0x02, 0x36, 0x06, 0x74, 0x00, 0x01, 0x02, 0x36,
  0xfe, 0x77, 0x00, 0x01, 0x02, 0x36, 0x07, 0x16, 0x00, 0x01, 0x02, 0x36,
  0x05, 0xa1, 0x00, 0x01, 0x02, 0x36, 0x05, 0xa8, 0x00, 0x01, 0x03, 0xaa,
  0xff, 0xf2, 0x00, 0x01, 0x02, 0x36, 0x00, 0x00, 0x00, 0x01, 0x02, 0x36,
  0x03, 0xf3, 0x00, 0x01, 0x02, 0x65, 0x07, 0x1c, 0x00, 0x01, 0x02, 0x65,
  0x07, 0xf0, 0x00, 0x01, 0x02, 0x65, 0x07, 0x56, 0x00, 0x01, 0x02, 0x83,
  0x00, 0x00, 0x00, 0x01, 0x02, 0x65, 0x05, 0xa1, 0x00, 0x01, 0x02, 0x51,
  0x07, 0x4f, 0x00, 0x01, 0x02, 0x51, 0x06, 0x7d, 0x00, 0x01, 0x02, 0x97,
  0x07, 0x75, 0x00, 0x01, 0x02, 0x51, 0xfe, 0x77, 0x00, 0x01, 0x02, 0x51,
  0x07, 0x1c, 0x00, 0x01, 0x02, 0x51, 0x08, 0x22, 0x00, 0x01, 0x02, 0x51,
  0x07, 0x56, 0x00, 0x01, 0x02, 0x51, 0x00, 0x00, 0x00, 0x01, 0x02, 0x51,
  0x05, 0xa1, 0x00, 0x01, 0x02, 0x87, 0x00, 0x00, 0x00, 0x01, 0x02, 0x87,
  0x05, 0xa1, 0x00, 0x01, 0x03, 0xde, 0x07, 0x1c, 0x00, 0x01, 0x03, 0xde,
  0x08, 0x22, 0x00, 0x01, 0x03, 0xde, 0x07, 0x56, 0x00, 0x01, 0x03, 0xde,
  0x00, 0x00, 0x00, 0x01, 0x03, 0xde, 0x05, 0xa1, 0x00, 0x01, 0x03, 0x19,
  0x07, 0xd1, 0x00, 0x01, 0x03, 0x16, 0x06, 0x7d, 0x00, 0x01, 0x03, 0x0c,
  0x07, 0x44, 0x00, 0x01, 0x03, 0x16, 0x07, 0x50, 0x00, 0x01, 0x03, 0x5c,
  0x07, 0x75, 0x00, 0x01, 0x03, 0x16, 0xfe, 0x77, 0x00, 0x01, 0x03, 0x16,
  0x07, 0x1c, 0x00, 0x01, 0x03, 0x16, 0x07, 0xac, 0x00, 0x01, 0x03, 0x16,
  0x08, 0x22, 0x00, 0x01, 0x03, 0x16, 0x07, 0x4f, 0x00, 0x01, 0x03, 0x16,
  0x07, 0x56, 0x00, 0x01, 0x03, 0x66, 0x00, 0x00, 0x00, 0x01, 0x03, 0x16,
  0x00, 0x00, 0x00, 0x01, 0x05, 0x13, 0x05, 0xa1, 0x00, 0x01, 0x03, 0x16,
  0x05, 0xa1, 0x00, 0x01, 0x02, 0x49, 0xfe, 0x77, 0x00, 0x01, 0x02, 0x49,
  0x07, 0xf0, 0x00, 0x01, 0x02, 0x49, 0x02, 0xd1, 0x00, 0x01, 0x02, 0x49,
  0x00, 0x00, 0x00, 0x01, 0x02, 0x49, 0x05, 0xa1, 0x00, 0x01, 0x02, 0x8f,
  0x08, 0x22, 0x00, 0x01, 0x02, 0x8f, 0xfe, 0x77, 0x00, 0x01, 0x02, 0x8f,
  0x07, 0xf0, 0x00, 0x01, 0x02, 0x8f, 0x07, 0x56, 0x00, 0x01, 0x02, 0x8f,
  0x00, 0x00, 0x00, 0x01, 0x02, 0x8f, 0x05, 0xa1, 0x00, 0x01, 0x02, 0xb7,
  0x07, 0x44, 0x00, 0x01, 0x02, 0xc1, 0x07, 0xac, 0x00, 0x01, 0x02, 0xc1,
  0x07, 0xf0, 0x00, 0x01, 0x02, 0xc1, 0x07, 0x56, 0x00, 0x01, 0x02, 0xdf,
  0x00, 0x00, 0x00, 0x01, 0x02, 0xc1, 0x05, 0xa1, 0x00, 0x01, 0x03, 0x01,
  0x00, 0x00, 0x00, 0x01, 0x03, 0x01, 0x05, 0xa1, 0x00, 0x01, 0x02, 0x95,
  0x00, 0x00, 0x00, 0x01, 0x02, 0x95, 0x05, 0xa1, 0x00, 0x01, 0x04, 0x9d,
  0x00, 0x00, 0x00, 0x01, 0x04, 0x9d, 0x05, 0xa1, 0x00, 0x01, 0x03, 0x07,
  0x06, 0x7d, 0x00, 0x01, 0x02, 0xfd, 0x07, 0x44, 0x00, 0x01, 0x03, 0x07,
  0x07, 0x50, 0x00, 0x01, 0x03, 0x4d, 0x07, 0x75, 0x00, 0x01, 0x03, 0x07,
  0x07, 0x94, 0x00, 0x01, 0x03, 0x07, 0x07, 0x1c, 0x00, 0x01, 0x03, 0x07,
  0x07, 0xac, 0x00, 0x01, 0x03, 0x07, 0xfe, 0x77, 0x00, 0x01, 0x03, 0x07,
  0x08, 0xc4, 0x00, 0x01, 0x03, 0x07, 0x08, 0x22, 0x00, 0x01, 0x03, 0x07,
  0x07, 0x4f, 0x00, 0x01, 0x03, 0x07, 0x07, 0x56, 0x00, 0x01, 0x03, 0x07,
  0x02, 0xd1, 0x00, 0x01, 0x03, 0x57, 0xff, 0xee, 0x00, 0x01, 0x03, 0x07,
  0x00, 0x00, 0x00, 0x01, 0x04, 0x54, 0x05, 0x81, 0x00, 0x01, 0x03, 0x07,
  0x05, 0xa1, 0x00, 0x01, 0x03, 0x45, 0x00, 0x00, 0x00, 0x01, 0x03, 0x45,
  0x05, 0xa1, 0x00, 0x01, 0x03, 0x49, 0x07, 0x4f, 0x00, 0x01, 0x03, 0x49,
  0x07, 0xf0, 0x00, 0x01, 0x03, 0x49, 0x07, 0x56, 0x00, 0x01, 0x03, 0x49,
  0x00, 0x00, 0x00, 0x01, 0x03, 0x49, 0x05, 0xa1, 0x00, 0x01, 0x03, 0xac,
  0x00, 0x00, 0x00, 0x01, 0x03, 0xac, 0x05, 0xa1, 0x00, 0x01, 0x01, 0x44,
  0x07, 0x56, 0x00, 0x01, 0x03, 0x5e, 0x03, 0x2b, 0x00, 0x01, 0x02, 0xa7,
  0x00, 0x00, 0x00, 0x01, 0x01, 0xf2, 0x03, 0xd5, 0x00, 0x01, 0x01, 0x44,
  0x05, 0xa1, 0x00, 0x01, 0x02, 0xf3, 0x00, 0x00, 0x00, 0x01, 0x02, 0xe5,
  0x05, 0xa1, 0x00, 0x01, 0x02, 0x8c, 0x08, 0x22, 0x00, 0x01, 0x01, 0x99,
  0xff, 0xd6, 0x00, 0x01, 0x02, 0x8c, 0x05, 0xa1, 0x00, 0x01, 0x01, 0xef,
  0x06, 0x7d, 0x00, 0x01, 0x01, 0xe5, 0x07, 0x44, 0x00, 0x01, 0x02, 0x35,
  0x07, 0x75, 0x00, 0x01, 0x01, 0xef, 0xfe, 0x77, 0x00, 0x01, 0x01, 0xef,
  0x07, 0x1c, 0x00, 0x01, 0x01, 0xef, 0x07, 0xac, 0x00, 0x01, 0x01, 0xef,
  0x08, 0x22, 0x00, 0x01, 0x01, 0xef, 0x07, 0x4f, 0x00, 0x01, 0x01, 0xef,
  0x07, 0x56, 0x00, 0x01, 0x02, 0x2a, 0x00, 0x00, 0x00, 0x01, 0x01, 0xef,
  0x00, 0x00, 0x00, 0x01, 0x01, 0xef, 0x05, 0xa1, 0x00, 0x01, 0x03, 0x1b,
  0x08, 0x22, 0x00, 0x01, 0x03, 0x1b, 0x02, 0xd1, 0x00, 0x01, 0x03, 0x1b,
  0x00, 0x00, 0x00, 0x01, 0x03, 0x1b, 0x05, 0xa1, 0x00, 0x01, 0x02, 0xec,
  0x07, 0x1c, 0x00, 0x01, 0x02, 0xec, 0x08, 0x22, 0x00, 0x01, 0x02, 0xec,
  0x07, 0xf0, 0x00, 0x01, 0x02, 0xec, 0x07, 0x4f, 0x00, 0x01, 0x02, 0xec,
  0x00, 0x00, 0x00, 0x01, 0x02, 0xec, 0x05, 0xa1, 0x00, 0x01, 0x02, 0x54,
  0x00, 0x00, 0x00, 0x01, 0x02, 0x54, 0x05, 0xa1, 0x00, 0x01, 0x02, 0xf8,
  0x00, 0x00, 0x00, 0x01, 0x02, 0xf8, 0x05, 0xa1, 0x00, 0x01, 0x02, 0xc2,
  0x06, 0x7d, 0x00, 0x01, 0x02, 0xb8, 0x07, 0x44, 0x00, 0x01, 0x03, 0x08,
  0x07, 0x75, 0x00, 0x01, 0x02, 0xc2, 0x07, 0x1c, 0x00, 0x01, 0x02, 0xc2,
  0x07, 0xac, 0x00, 0x01, 0x02, 0xc2, 0xfe, 0x77, 0x00, 0x01, 0x02, 0xc2,
  0x08, 0xc4, 0x00, 0x01, 0x02, 0xc2, 0x08, 0x22, 0x00, 0x01, 0x02, 0xc2,
  0x07, 0xf0, 0x00, 0x01, 0x02, 0xc2, 0x07, 0x4f, 0x00, 0x01, 0x02, 0xc2,
  0x07, 0x56, 0x00, 0x01, 0x04, 0x2a, 0x00, 0x00, 0x00, 0x01, 0x02, 0xc2,
  0x00, 0x00, 0x00, 0x01, 0x02, 0xc2, 0x05, 0xa1, 0x00, 0x01, 0x02, 0xc5,
  0x07, 0xf0, 0x00, 0x01, 0x01, 0xb1, 0x02, 0xd1, 0x00, 0x01, 0x02, 0xcf,
  0x00, 0x00, 0x00, 0x01, 0x02, 0xc5, 0x05, 0xa1, 0x00, 0x01, 0x02, 0xf9,
  0x07, 0x1c, 0x00, 0x01, 0x02, 0xf9, 0x08, 0x22, 0x00, 0x01, 0x03, 0x02,
  0xfe, 0x63, 0x00, 0x01, 0x02, 0xf9, 0x07, 0xf0, 0x00, 0x01, 0x02, 0xf9,
  0x07, 0x56, 0x00, 0x01, 0x03, 0x02, 0xff, 0xec, 0x00, 0x01, 0x02, 0xf9,
  0x05, 0xa1, 0x00, 0x01, 0x02, 0xc1, 0x00, 0x00, 0x00, 0x01, 0x02, 0x99,
  0x05, 0xa1, 0x00, 0x01, 0x04, 0xc3, 0x07, 0x56, 0x00, 0x01, 0x07, 0xbc,
  0x00, 0x00, 0x00, 0x01, 0x04, 0x75, 0x00, 0x00, 0x00, 0x01, 0x04, 0xc3,
  0x05, 0xa1, 0x00, 0x01, 0x02, 0xa9, 0x07, 0xce, 0x00, 0x01, 0x02, 0xa9,
  0x07, 0x09, 0x00, 0x01, 0x02, 0xab, 0x06, 0x7d, 0x00, 0x01, 0x02, 0xa1,
  0x07, 0x44, 0x00, 0x01, 0x02, 0xf1, 0x07, 0x75, 0x00, 0x01, 0x02, 0xab,
  0x07, 0x1c, 0x00, 0x01, 0x02, 0xab, 0x07, 0xac, 0x00, 0x01, 0x02, 0xab,
  0x08, 0x22, 0x00, 0x01, 0x02, 0xab, 0xfe, 0x77, 0x00, 0x01, 0x02, 0xab,
  0x08, 0xc4, 0x00, 0x01, 0x02, 0xab, 0x07, 0x4f, 0x00, 0x01, 0x02, 0xab,
  0x07, 0x56, 0x00, 0x01, 0x04, 0xd0, 0x00, 0x00, 0x00, 0x01, 0x02, 0xab,
  0x00, 0x00, 0x00, 0x01, 0x02, 0xab, 0x05, 0xa1, 0x00, 0x02, 0x00, 0x13,
  0x00, 0x01, 0x00, 0x24, 0x00, 0x00, 0x00, 0x26, 0x00, 0x26, 0x00, 0x24,
  0x00, 0x28, 0x00, 0x45, 0x00, 0x25, 0x00, 0x47, 0x00, 0x61, 0x00, 0x43,
  0x00, 0x63, 0x00, 0x64, 0x00, 0x5e, 0x00, 0x66, 0x00, 0x8b, 0x00, 0x60,
  0x00, 0x8d, 0x00, 0x99, 0x00, 0x86, 0x00, 0x9b, 0x00, 0x9b, 0x00, 0x93,
  0x00, 0x9d, 0x00, 0xeb, 0x00, 0x94, 0x00, 0xed, 0x00, 0xed, 0x00, 0xe3,
  0x00, 0xef, 0x01, 0x03, 0x00, 0xe4, 0x01, 0x05, 0x01, 0x0c, 0x00, 0xf9,
  0x01, 0x0e, 0x01, 0x1e, 0x01, 0x01, 0x01, 0x20, 0x01, 0x2a, 0x01, 0x12,
  0x01, 0x2c, 0x01, 0x53, 0x01, 0x1d, 0x01, 0x56, 0x01, 0x61, 0x01, 0x45,
  0x01, 0x63, 0x01, 0x63, 0x01, 0x51, 0x01, 0x65, 0x01, 0x90, 0x01, 0x52,
  0x01, 0xef, 0x01, 0xef, 0x01, 0x7e, 0x00, 0x21, 0x00, 0x00, 0x00, 0xa4,
  0x00, 0x00, 0x00, 0xa4, 0x00, 0x00, 0x00, 0xa4, 0x00, 0x00, 0x00, 0xa4,
  0x00, 0x00, 0x00, 0xa4, 0x00, 0x00, 0x00, 0xa4, 0x00, 0x00, 0x00, 0xa4,
  0x00, 0x00, 0x00, 0xa4, 0x00, 0x00, 0x00, 0xa4, 0x00, 0x00, 0x00, 0xa4,
  0x00, 0x00, 0x00, 0xa4, 0x00, 0x00, 0x00, 0xa4, 0x00, 0x00, 0x00, 0xa4,
  0x00, 0x00, 0x00, 0xa4, 0x00, 0x00, 0x00, 0xa4, 0x00, 0x00, 0x00, 0xa4,
  0x00, 0x00, 0x00, 0xa4, 0x00, 0x00, 0x00, 0xa4, 0x00, 0x00, 0x00, 0xa4,
  0x00, 0x00, 0x00, 0xa4, 0x00, 0x00, 0x00, 0xa4, 0x00, 0x00, 0x00, 0xa4,
  0x00, 0x00, 0x00, 0xa4, 0x00, 0x01, 0x00, 0x9e, 0x00, 0x02, 0x00, 0x98,
  0x00, 0x02, 0x00, 0x98, 0x00, 0x02, 0x00, 0x98, 0x00, 0x02, 0x00, 0x98,
  0x00, 0x03, 0x00, 0x92, 0x00, 0x02, 0x00, 0x98, 0x00, 0x02, 0x00, 0x98,
  0x00, 0x04, 0x00, 0x8c, 0x00, 0x04, 0x00, 0x86, 0x00, 0x01, 0x01, 0x69,
  0x02, 0xca, 0x00, 0x01, 0x02, 0x46, 0x01, 0xfe, 0x00, 0x01, 0x01, 0x90,
  0xff, 0xff, 0x00, 0x01, 0x01, 0x90, 0x00, 0x00, 0x00, 0x01, 0x00, 0x82,
  0x03, 0xf2, 0x00, 0x01, 0x01, 0x90, 0x03, 0xf3, 0x00, 0x02, 0x00, 0x02,
  0x02, 0x1c, 0x02, 0x28, 0x00, 0x00, 0x02, 0x2a, 0x02, 0x3d, 0x00, 0x0d,
  0x00, 0x02, 0x00, 0x08, 0x00, 0x02, 0x0f, 0x62, 0x00, 0x0a, 0x00, 0x02,
  0x0b, 0x68, 0x00, 0x04, 0x00, 0x00, 0x0d, 0x6e, 0x0b, 0xf6, 0x00, 0x2c,
  0x00, 0x21, 0x00, 0x00, 0x00, 0x00, 0x00, 0x00, 0x00, 0x00, 0x00, 0x00,
  0x00, 0x00, 0xff, 0xf6, 0x00, 0x00, 0x00, 0x00, 0x00, 0x00, 0xff, 0xf6,
  0xff, 0xf6, 0xff, 0xc4, 0xff, 0xe7, 0x00, 0x00, 0x00, 0x00, 0x00, 0x00,
  0xff, 0xf6, 0x00, 0x00, 0x00, 0x14, 0xff, 0xf6, 0x00, 0x00, 0x00, 0x00,
  0xff, 0xfb, 0x00, 0x00, 0x00, 0x00, 0x00, 0x00, 0xff, 0xf1, 0xff, 0xf1,
  0xff, 0xf6, 0xff, 0xa6, 0x00, 0x00, 0xff, 0xfb, 0x00, 0x00, 0x00, 0x00,
  0xff, 0xf1, 0xff, 0xfb, 0x00, 0x00, 0x00, 0x00, 0xff, 0xf1, 0x00, 0x00,
  0x00, 0x00, 0x00, 0x00, 0xff, 0xbf, 0xff, 0xdd, 0xff, 0xf1, 0xff, 0xc9,
  0xff, 0xec, 0x00, 0x00, 0xff, 0xfb, 0xff, 0xce, 0xff, 0xf6, 0xff, 0xfb,
  0xff, 0x9c, 0x00, 0x00, 0x00, 0x00, 0x00, 0x00, 0x00, 0x00, 0x00, 0x00,
  0x00, 0x00, 0xff, 0xd8, 0x00, 0x00, 0x00, 0x00, 0x00, 0x00, 0xff, 0xf6,
  0x00, 0x00, 0x00, 0x00, 0x00, 0x00, 0xff, 0xe2, 0xff, 0xec, 0x00, 0x00,
  0x00, 0x00, 0x00, 0x00, 0x00, 0x00, 0x00, 0x00, 0x00, 0x00, 0x00, 0x00,
  0x00, 0x00, 0x00, 0x00, 0xff, 0xec, 0x00, 0x00, 0x00, 0x00, 0x00, 0x00,
  0xff, 0xec, 0xff, 0xd3, 0x00, 0x00, 0xff, 0xab, 0x00, 0x00, 0x00, 0x00,
  0x00, 0x00, 0x00, 0x00, 0x00, 0x00, 0x00, 0x00, 0x00, 0x00, 0x00, 0x00,
  0x00, 0x00, 0x00, 0x00, 0x00, 0x00, 0x00, 0x00, 0x00, 0x00, 0x00, 0x00,
  0x00, 0x00, 0x00, 0x00, 0x00, 0x00, 0x00, 0x00, 0xff, 0xfb, 0x00, 0x00,
  0x00, 0x00, 0x00, 0x00, 0x00, 0x00, 0x00, 0x00, 0xff, 0xdd, 0x00, 0x00,
  0x00, 0x00, 0x00, 0x00, 0x00, 0x00, 0x00, 0x00, 0x00, 0x00, 0x00, 0x00,
  0x00, 0x00, 0x00, 0x00, 0x00, 0x00, 0x00, 0x00, 0xff, 0xf1, 0x00, 0x00,
  0x00, 0x00, 0x00, 0x00, 0x00, 0x00, 0xff, 0xf6, 0xff, 0x92, 0x00, 0x00,
  0x00, 0x00, 0x00, 0x00, 0x00, 0x00, 0x00, 0x00, 0x00, 0x00, 0xff, 0xf1,
  0x00, 0x00, 0x00, 0x00, 0x00, 0x00, 0x00, 0x00, 0x00, 0x00, 0x00, 0x00,
  0xff, 0xd8, 0x00, 0x00, 0xff, 0xce, 0xff, 0xf6, 0xff, 0xfb, 0x00, 0x00,
  0xff, 0xce, 0x00, 0x00, 0x00, 0x00, 0xff, 0xab, 0x00, 0x00, 0x00, 0x00,
  0x00, 0x00, 0x00, 0x00, 0x00, 0x00, 0x00, 0x00, 0xff, 0xe7, 0x00, 0x00,
  0xff, 0xec, 0x00, 0x00, 0x00, 0x00, 0x00, 0x00, 0x00, 0x00, 0x00, 0x00,
  0x00, 0x00, 0xff, 0xf6, 0x00, 0x00, 0x00, 0x00, 0x00, 0x00, 0xff, 0xfb,
  0x00, 0x00, 0x00, 0x00, 0x00, 0x00, 0xff, 0xc4, 0x00, 0x00, 0xff, 0x88,
  0xff, 0xec, 0x00, 0x00, 0x00, 0x00, 0xff, 0xd8, 0x00, 0x00, 0x00, 0x00,
  0xff, 0xce, 0x00, 0x00, 0x00, 0x00, 0x00, 0x00, 0x00, 0x00, 0x00, 0x00,
  0x00, 0x00, 0xff, 0x88, 0xff, 0x88, 0x00, 0x00, 0x00, 0x00, 0x00, 0x00,
  0xff, 0xec, 0x00, 0x00, 0x00, 0x00, 0x00, 0x00, 0x00, 0x00, 0x00, 0x00,
  0x00, 0x00, 0x00, 0x00, 0x00, 0x00, 0x00, 0x00, 0x00, 0x00, 0x00, 0x00,
  0xff, 0xdd, 0x00, 0x00, 0xff, 0xe7, 0xff, 0xf1, 0x00, 0x00, 0xff, 0xfb,
  0xff, 0xce, 0x00, 0x00, 0xff, 0xfb, 0x00, 0x00, 0x00, 0x00, 0x00, 0x00,
  0x00, 0x00, 0x00, 0x00, 0x00, 0x00, 0x00, 0x00, 0xff, 0xf1, 0x00, 0x00,
  0x00, 0x00, 0x00, 0x00, 0xff, 0xf6, 0x00, 0x00, 0x00, 0x00, 0x00, 0x00,
  0x00, 0x00, 0xff, 0xf6, 0x00, 0x00, 0x00, 0x00, 0x00, 0x00, 0x00, 0x00,
  0x00, 0x00, 0x00, 0x00, 0x00, 0x00, 0xff, 0xec, 0x00, 0x00, 0x00, 0x00,
  0x00, 0x00, 0x00, 0x00, 0x00, 0x00, 0xff, 0xf6, 0x00, 0x00, 0x00, 0x00,
  0xff, 0xd8, 0x00, 0x00, 0x00, 0x00, 0x00, 0x00, 0x00, 0x00, 0x00, 0x00,
  0x00, 0x00, 0x00, 0x00, 0x00, 0x00, 0x00, 0x00, 0x00, 0x00, 0x00, 0x00,
  0x00, 0x00, 0x00, 0x00, 0xff, 0xf1, 0x00, 0x00, 0xff, 0xfb, 0xff, 0xf6,
  0xff, 0xf6, 0x00, 0x00, 0x00, 0x00, 0x00, 0x00, 0x00, 0x00, 0x00, 0x00,
  0x00, 0x00, 0x00, 0x00, 0x00, 0x0f, 0xff, 0xec, 0xff, 0xec, 0xff, 0xf6,
  0x00, 0x00, 0xff, 0xf6, 0xff, 0xf6, 0x00, 0x00, 0xff, 0xec, 0x00, 0x00,
  0x00, 0x00, 0x00, 0x00, 0x00, 0x00, 0x00, 0x00, 0x00, 0x19, 0x00, 0x00,
  0x00, 0x00, 0x00, 0x00, 0xff, 0xec, 0xff, 0xf6, 0x00, 0x00, 0xff, 0xf6,
  0x00, 0x00, 0xff, 0xf6, 0xff, 0xf6, 0xff, 0xf6, 0x00, 0x00, 0x00, 0x00,
  0xff, 0xf6, 0x00, 0x00, 0x00, 0x00, 0x00, 0x00, 0x00, 0x00, 0xff, 0xf1,
  0xff, 0xe2, 0xff, 0xec, 0xff, 0xec, 0x00, 0x00, 0x00, 0x00, 0xff, 0xec,
  0x00, 0x00, 0xff, 0xec, 0x00, 0x00, 0x00, 0x00, 0x00, 0x00, 0x00, 0x00,
  0xff, 0xf1, 0x00, 0x00, 0x00, 0x00, 0x00, 0x00, 0x00, 0x00, 0xff, 0xec,
  0x00, 0x00, 0x00, 0x00, 0x00, 0x00, 0x00, 0x00, 0x00, 0x00, 0x00, 0x00,
  0x00, 0x00, 0x00, 0x00, 0xff, 0xd8, 0x00, 0x00, 0x00, 0x00, 0x00, 0x00,
  0x00, 0x00, 0x00, 0x00, 0xff, 0xba, 0xff, 0xf6, 0x00, 0x00, 0x00, 0x00,
  0x00, 0x00, 0x00, 0x00, 0x00, 0x00, 0xff, 0xab, 0x00, 0x00, 0x00, 0x00,
  0x00, 0x00, 0x00, 0x00, 0x00, 0x00, 0x00, 0x00, 0xff, 0xe7, 0x00, 0x00,
  0x00, 0x00, 0x00, 0x00, 0x00, 0x00, 0x00, 0x00, 0x00, 0x00, 0xff, 0xe2,
  0x00, 0x00, 0xff, 0xf6, 0xff, 0xce, 0xff, 0xc4, 0xff, 0xc4, 0x00, 0x00,
  0xff, 0xce, 0x00, 0x00, 0x00, 0x00, 0x00, 0x00, 0xff, 0x9c, 0x00, 0x46,
  0xff, 0xce, 0xff, 0xce, 0x00, 0x00, 0x00, 0x00, 0xff, 0xf6, 0xff, 0xf6,
  0x00, 0x00, 0xff, 0xd8, 0xff, 0x9c, 0x00, 0x00, 0xff, 0xe7, 0x00, 0x00,
  0x00, 0x00, 0x00, 0x64, 0x00, 0x64, 0xff, 0x9c, 0xff, 0x56, 0xff, 0xce,
  0x00, 0x00, 0x00, 0x00, 0xff, 0xf1, 0x00, 0x00, 0xff, 0xc4, 0x00, 0x00,
  0x00, 0x00, 0x00, 0x00, 0xff, 0xdd, 0x00, 0x00, 0x00, 0x00, 0x00, 0x00,
  0xff, 0x9c, 0x00, 0x00, 0x00, 0x00, 0xff, 0x92, 0x00, 0x00, 0xff, 0xe7,
  0xff, 0xb5, 0x00, 0x00, 0x00, 0x00, 0xff, 0xb0, 0x00, 0x00, 0x00, 0x00,
  0x00, 0x00, 0xff, 0xe7, 0x00, 0x00, 0x00, 0x00, 0x00, 0x00, 0x00, 0x00,
  0x00, 0x00, 0x00, 0x00, 0x00, 0x00, 0x00, 0x00, 0x00, 0x00, 0xff, 0xc9,
  0x00, 0x00, 0xff, 0xe7, 0xff, 0xec, 0xff, 0xd8, 0xff, 0x88, 0x00, 0x00,
  0xff, 0xec, 0x00, 0x00, 0xff, 0xf1, 0x00, 0x46, 0x00, 0x00, 0x00, 0x00,
  0x00, 0x19, 0xff, 0xe2, 0x00, 0x41, 0x00, 0x46, 0x00, 0x0f, 0x00, 0x23,
  0x00, 0x5a, 0x00, 0x0a, 0x00, 0x00, 0x00, 0x28, 0xff, 0xf1, 0x00, 0x00,
  0x00, 0x00, 0x00, 0x00, 0x00, 0x00, 0xff, 0x88, 0x00, 0x00, 0x00, 0x28,
  0x00, 0x0a, 0x00, 0x00, 0x00, 0x00, 0x00, 0x00, 0x00, 0x00, 0x00, 0x00,
  0x00, 0x00, 0xff, 0xfb, 0x00, 0x00, 0x00, 0x00, 0x00, 0x00, 0x00, 0x00,
  0xff, 0xd8, 0x00, 0x00, 0x00, 0x00, 0x00, 0x00, 0x00, 0x00, 0x00, 0x00,
  0xff, 0xd8, 0x00, 0x00, 0x00, 0x00, 0xff, 0xb0, 0x00, 0x00, 0x00, 0x00,
  0x00, 0x00, 0x00, 0x00, 0x00, 0x00, 0x00, 0x00, 0x00, 0x0f, 0xff, 0xf1,
  0x00, 0x00, 0x00, 0x00, 0x00, 0x00, 0xff, 0xf6, 0x00, 0x00, 0xff, 0xec,
  0x00, 0x00, 0x00, 0x00, 0x00, 0x00, 0xff, 0xf6, 0x00, 0x00, 0x00, 0x00,
  0x00, 0x00, 0x00, 0x00, 0x00, 0x00, 0x00, 0x00, 0xff, 0x92, 0x00, 0x19,
  0x00, 0x00, 0xff, 0xf6, 0x00, 0x00, 0x00, 0x00, 0x00, 0x00, 0x00, 0x00,
  0x00, 0x00, 0x00, 0x00, 0x00, 0x00, 0x00, 0x00, 0x00, 0x00, 0x00, 0x00,
  0x00, 0x00, 0x00, 0x32, 0x00, 0x1e, 0x00, 0x00, 0x00, 0x00, 0x00, 0x00,
  0x00, 0x00, 0x00, 0x00, 0x00, 0x00, 0x00, 0x00, 0x00, 0x00, 0x00, 0x00,
  0x00, 0x00, 0x00, 0x00, 0x00, 0x00, 0x00, 0x00, 0x00, 0x00, 0x00, 0x00,
  0x00, 0x00, 0x00, 0x00, 0x00, 0x00, 0x00, 0x28, 0x00, 0x00, 0x00, 0x32,
  0x00, 0x00, 0x00, 0x00, 0x00, 0x32, 0x00, 0x00, 0x00, 0x14, 0x00, 0x00,
  0x00, 0x00, 0x00, 0x00, 0x00, 0x00, 0x00, 0x14, 0x00, 0x00, 0x00, 0x00,
  0x00, 0x00, 0x00, 0x00, 0x00, 0x1e, 0x00, 0x00, 0x00, 0x00, 0x00, 0x00,
  0x00, 0x00, 0x00, 0x00, 0x00, 0x00, 0x00, 0x00, 0x00, 0x00, 0xff, 0xe2,
  0x00, 0x00, 0x00, 0x00, 0x00, 0x00, 0x00, 0x00, 0x00, 0x00, 0xff, 0xe2,
  0xff, 0xf6, 0x00, 0x00, 0x00, 0x00, 0x00, 0x00, 0x00, 0x00, 0xff, 0xfb,
  0x00, 0x00, 0x00, 0x00, 0x00, 0x00, 0x00, 0x00, 0x00, 0x00, 0x00, 0x00,
  0x00, 0x00, 0xff, 0xe7, 0x00, 0x00, 0x00, 0x00, 0x00, 0x00, 0xff, 0xfb,
  0x00, 0x00, 0x00, 0x00, 0xff, 0xf6, 0x00, 0x00, 0x00, 0x00, 0x00, 0x00,
  0xff, 0xf1, 0x00, 0x00, 0x00, 0x00, 0x00, 0x00, 0x00, 0x00, 0xff, 0xd8,
  0x00, 0x00, 0xff, 0x6a, 0x00, 0x41, 0x00, 0x00, 0xff, 0xf6, 0x00, 0x00,
  0xff, 0xf6, 0x00, 0x00, 0x00, 0x00, 0x00, 0x00, 0x00, 0x00, 0xff, 0xba,
  0x00, 0x00, 0x00, 0x00, 0x00, 0x00, 0x00, 0x00, 0x00, 0x3c, 0x00, 0x00,
  0x00, 0x00, 0x00, 0x00, 0x00, 0x00, 0xff, 0xce, 0x00, 0x00, 0xff, 0xf1,
  0x00, 0x00, 0x00, 0x00, 0x00, 0x00, 0x00, 0x00, 0x00, 0x00, 0x00, 0x00,
  0x00, 0x00, 0x00, 0x00, 0x00, 0x00, 0x00, 0x00, 0x00, 0x00, 0xff, 0xf1,
  0xff, 0xf1, 0xff, 0xf6, 0x00, 0x00, 0x00, 0x00, 0x00, 0x00, 0xff, 0xfb,
  0x00, 0x00, 0x00, 0x00, 0x00, 0x00, 0x00, 0x00, 0x00, 0x00, 0x00, 0x00,
  0x00, 0x00, 0xff, 0xf1, 0x00, 0x00, 0x00, 0x00, 0x00, 0x00, 0xff, 0xf6,
  0x00, 0x00, 0x00, 0x00, 0xff, 0xce, 0x00, 0x00, 0xff, 0xf6, 0xff, 0xe2,
  0xff, 0xce, 0xff, 0xd8, 0x00, 0x00, 0xff, 0xe2, 0x00, 0x00, 0x00, 0x00,
  0x00, 0x00, 0xff, 0xb5, 0x00, 0x46, 0xff, 0xec, 0xff, 0xd8, 0x00, 0x00,
  0x00, 0x00, 0x00, 0x00, 0x00, 0x00, 0x00, 0x00, 0xff, 0xec, 0xff, 0xd8,
  0x00, 0x00, 0x00, 0x00, 0x00, 0x00, 0xff, 0xec, 0x00, 0x64, 0x00, 0x46,
  0xff, 0xc4, 0xff, 0x56, 0xff, 0xe2, 0x00, 0x00, 0x00, 0x00, 0x00, 0x00,
  0x00, 0x00, 0xff, 0xfb, 0xff, 0xf6, 0x00, 0x00, 0xff, 0xf6, 0xff, 0xfb,
  0x00, 0x00, 0xff, 0xf6, 0x00, 0x00, 0xff, 0xf6, 0x00, 0x00, 0xff, 0xdd,
  0x00, 0x00, 0x00, 0x00, 0x00, 0x00, 0xff, 0xfb, 0x00, 0x00, 0x00, 0x00,
  0xff, 0xf6, 0x00, 0x00, 0x00, 0x00, 0x00, 0x00, 0xff, 0xf6, 0x00, 0x00,
  0x00, 0x00, 0xff, 0xe7, 0xff, 0xf1, 0x00, 0x00, 0x00, 0x00, 0x00, 0x00,
  0xff, 0xf6, 0x00, 0x00, 0xff, 0xf6, 0x00, 0x00, 0xff, 0xec, 0xff, 0xf6,
  0x00, 0x00, 0xff, 0xf6, 0xff, 0xe2, 0x00, 0x00, 0x00, 0x00, 0x00, 0x00,
  0xff, 0xb0, 0x00, 0x00, 0xff, 0x60, 0xff, 0xce, 0x00, 0x00, 0x00, 0x00,
  0xff, 0x88, 0xff, 0xe2, 0x00, 0x00, 0xff, 0xc4, 0x00, 0x00, 0x00, 0x00,
  0x00, 0x00, 0x00, 0x00, 0x00, 0x00, 0x00, 0x00, 0xff, 0x56, 0x00, 0x00,
  0x00, 0x00, 0x00, 0x00, 0x00, 0x00, 0xff, 0xf6, 0x00, 0x00, 0x00, 0x00,
  0x00, 0x00, 0x00, 0x00, 0x00, 0x00, 0x00, 0x00, 0x00, 0x00, 0x00, 0x00,
  0x00, 0x00, 0x00, 0x00, 0x00, 0x00, 0xff, 0xf6, 0x00, 0x00, 0xff, 0xe7,
  0x00, 0x00, 0x00, 0x00, 0x00, 0x00, 0xff, 0xf6, 0x00, 0x00, 0x00, 0x00,
  0xff, 0xf6, 0x00, 0x00, 0x00, 0x00, 0x00, 0x00, 0x00, 0x00, 0x00, 0x00,
  0x00, 0x00, 0xff, 0xf6, 0x00, 0x00, 0x00, 0x00, 0x00, 0x00, 0x00, 0x00,
  0x00, 0x00, 0x00, 0x00, 0x00, 0x00, 0x00, 0x00, 0xff, 0xf6, 0xff, 0xec,
  0xff, 0xf6, 0xff, 0xfb, 0xff, 0xf1, 0x00, 0x00, 0x00, 0x00, 0xff, 0xf6,
  0xff, 0xf6, 0x00, 0x00, 0x00, 0x00, 0x00, 0x00, 0x00, 0x00, 0x00, 0x00,
  0xff, 0xf6, 0xff, 0xf6, 0x00, 0x00, 0xff, 0xf6, 0x00, 0x00, 0x00, 0x00,
  0xff, 0xfb, 0x00, 0x00, 0x00, 0x00, 0x00, 0x00, 0x00, 0x23, 0x00, 0x00,
  0x00, 0x00, 0x00, 0x00, 0x00, 0x00, 0xff, 0xfb, 0x00, 0x00, 0xff, 0xfb,
  0x00, 0x00, 0x00, 0x00, 0x00, 0x00, 0x00, 0x00, 0x00, 0x00, 0xff, 0xf6,
  0x00, 0x00, 0x00, 0x00, 0xff, 0xce, 0x00, 0x00, 0x00, 0x00, 0x00, 0x0f,
  0xff, 0xf6, 0x00, 0x00, 0x00, 0x00, 0x00, 0x00, 0xff, 0xec, 0x00, 0x00,
  0x00, 0x00, 0x00, 0x00, 0x00, 0x00, 0x00, 0x00, 0x00, 0x00, 0x00, 0x00,
  0x00, 0x00, 0x00, 0x1e, 0x00, 0x00, 0x00, 0x00, 0x00, 0x00, 0x00, 0x00,
  0x00, 0x00, 0x00, 0x00, 0xff, 0xf6, 0x00, 0x00, 0x00, 0x00, 0x00, 0x00,
  0x00, 0x00, 0x00, 0x00, 0x00, 0x00, 0x00, 0x00, 0x00, 0x00, 0x00, 0x00,
  0x00, 0x00, 0x00, 0x00, 0x00, 0x0f, 0x00, 0x00, 0x00, 0x00, 0x00, 0x00,
  0x00, 0x00, 0x00, 0x00, 0x00, 0x00, 0x00, 0x00, 0x00, 0x00, 0x00, 0x00,
  0x00, 0x00, 0x00, 0x00, 0x00, 0x00, 0x00, 0x00, 0x00, 0x1e, 0x00, 0x00,
  0x00, 0x00, 0x00, 0x00, 0x00, 0x00, 0x00, 0x00, 0x00, 0x00, 0xff, 0xba,
  0x00, 0x00, 0xff, 0xf6, 0xff, 0xc4, 0xff, 0x9c, 0xff, 0xce, 0x00, 0x00,
  0xff, 0xc4, 0xff, 0xf6, 0x00, 0x00, 0x00, 0x00, 0xff, 0xb0, 0x00, 0x5a,
  0xff, 0xd8, 0xff, 0xc4, 0x00, 0x00, 0x00, 0x00, 0xff, 0xf6, 0x00, 0x00,
  0x00, 0x00, 0xff, 0xd8, 0xff, 0xb5, 0x00, 0x00, 0x00, 0x00, 0x00, 0x00,
  0xff, 0xec, 0x00, 0x78, 0x00, 0x78, 0xff, 0x92, 0xff, 0x7e, 0xff, 0xd8,
  0x00, 0x00, 0x00, 0x00, 0x00, 0x00, 0x00, 0x00, 0x00, 0x00, 0x00, 0x00,
  0x00, 0x00, 0x00, 0x00, 0x00, 0x00, 0x00, 0x00, 0x00, 0x00, 0x00, 0x00,
  0xff, 0x9c, 0x00, 0x00, 0x00, 0x00, 0x00, 0x00, 0x00, 0x00, 0x00, 0x00,
  0xff, 0xd8, 0x00, 0x00, 0x00, 0x00, 0xff, 0xb5, 0x00, 0x00, 0x00, 0x00,
  0xff, 0xec, 0x00, 0x00, 0x00, 0x00, 0x00, 0x00, 0x00, 0x00, 0x00, 0x00,
  0x00, 0x00, 0x00, 0x00, 0xff, 0xce, 0xff, 0xce, 0x00, 0x00, 0x00, 0x00,
  0x00, 0x00, 0xff, 0xfb, 0x00, 0x00, 0xff, 0xf6, 0x00, 0x00, 0x00, 0x00,
  0x00, 0x00, 0x00, 0x00, 0x00, 0x00, 0x00, 0x00, 0x00, 0x00, 0x00, 0x32,
  0xff, 0xec, 0x00, 0x00, 0x00, 0x00, 0x00, 0x00, 0x00, 0x00, 0x00, 0x00,
  0x00, 0x00, 0x00, 0x00, 0xff, 0x9c, 0x00, 0x00, 0xff, 0xe2, 0x00, 0x00,
  0x00, 0x00, 0x00, 0x64, 0x00, 0x00, 0x00, 0x00, 0x00, 0x00, 0x00, 0x00,
  0x00, 0x00, 0x00, 0x00, 0x00, 0x00, 0x00, 0x00, 0x00, 0x00, 0x00, 0x00,
  0x00, 0x00, 0x00, 0x00, 0x00, 0x00, 0x00, 0x00, 0x00, 0x64, 0x00, 0x00,
  0x00, 0x00, 0x00, 0x00, 0x00, 0x00, 0x00, 0x00, 0x00, 0x00, 0x00, 0x00,
  0x00, 0x00, 0x00, 0x00, 0x00, 0x00, 0x00, 0x00, 0x00, 0x00, 0x00, 0x00,
  0x00, 0x00, 0x00, 0x00, 0x00, 0x00, 0x00, 0x64, 0x00, 0x00, 0x00, 0x00,
  0x00, 0x00, 0x00, 0x00, 0x00, 0x00, 0x00, 0x00, 0x00, 0x00, 0xff, 0xf6,
  0x00, 0x00, 0x00, 0x00, 0xff, 0xfb, 0xff, 0xf6, 0x00, 0x00, 0x00, 0x00,
  0x00, 0x00, 0x00, 0x00, 0x00, 0x00, 0x00, 0x00, 0x00, 0x00, 0xff, 0xce,
  0xff, 0xec, 0xff, 0xe7, 0xff, 0xf6, 0x00, 0x00, 0x00, 0x00, 0xff, 0xf6,
  0x00, 0x00, 0xff, 0xf1, 0xff, 0xf6, 0x00, 0x00, 0x00, 0x00, 0x00, 0x00,
  0x00, 0x00, 0xff, 0xec, 0x00, 0x00, 0x00, 0x00, 0x00, 0x00, 0xff, 0xec,
  0x00, 0x00, 0x00, 0x00, 0x00, 0x00, 0x00, 0x00, 0x00, 0x00, 0x00, 0x00,
  0x00, 0x00, 0x00, 0x00, 0x00, 0x00, 0x00, 0x00, 0x00, 0x00, 0x00, 0x00,
  0xff, 0xe7, 0xff, 0xe7, 0x00, 0x00, 0x00, 0x00, 0x00, 0x00, 0x00, 0x00,
  0x00, 0x00, 0x00, 0x00, 0x00, 0x00, 0xff, 0xce, 0x00, 0x00, 0x00, 0x00,
  0xff, 0xe2, 0x00, 0x00, 0x00, 0x00, 0x00, 0x00, 0x00, 0x00, 0x00, 0x00,
  0x00, 0x00, 0x00, 0x00, 0x00, 0x00, 0xff, 0xf1, 0x00, 0x00, 0x00, 0x00,
  0x00, 0x00, 0x00, 0x00, 0x00, 0x00, 0x00, 0x00, 0x00, 0x00, 0x00, 0x00,
  0x00, 0x00, 0x00, 0x00, 0xff, 0xf6, 0xff, 0xe7, 0xff, 0xe7, 0xff, 0xd8,
  0x00, 0x00, 0x00, 0x00, 0x00, 0x00, 0x00, 0x00, 0x00, 0x00, 0x00, 0x00,
  0xff, 0xe7, 0x00, 0x00, 0x00, 0x00, 0xff, 0xf1, 0x00, 0x00, 0x00, 0x00,
  0x00, 0x00, 0xff, 0xec, 0x00, 0x00, 0xff, 0xf1, 0x00, 0x00, 0x00, 0x00,
  0x00, 0x00, 0x00, 0x00, 0xff, 0xe2, 0x00, 0x00, 0xff, 0xf1, 0x00, 0x00,
  0xff, 0xce, 0xff, 0x88, 0x00, 0x00, 0xff, 0xfb, 0x00, 0x00, 0x00, 0x00,
  0x00, 0x64, 0x00, 0x00, 0x00, 0x00, 0x00, 0x1e, 0xff, 0xf6, 0x00, 0x1e,
  0x00, 0x46, 0x00, 0x00, 0x00, 0x14, 0x00, 0x78, 0x00, 0x00, 0x00, 0x00,
  0x00, 0x3c, 0xff, 0xec, 0x00, 0x00, 0x00, 0x00, 0x00, 0x00, 0x00, 0x00,
  0xff, 0x6a, 0x00, 0x00, 0x00, 0x14, 0x00, 0x32, 0x00, 0x00, 0x00, 0x00,
  0x00, 0x00, 0xff, 0xf1, 0x00, 0x00, 0x00, 0x00, 0xff, 0x88, 0x00, 0x00,
  0x00, 0x00, 0x00, 0x00, 0x00, 0x00, 0x00, 0x64, 0x00, 0x00, 0x00, 0x00,
  0x00, 0x32, 0x00, 0x00, 0x00, 0x00, 0x00, 0x64, 0x00, 0x00, 0x00, 0x00,
  0x00, 0x78, 0x00, 0x1e, 0x00, 0x00, 0x00, 0x00, 0x00, 0x00, 0x00, 0x00,
  0x00, 0x00, 0x00, 0x00, 0x00, 0x00, 0x00, 0x00, 0x00, 0x00, 0x00, 0x28,
  0x00, 0x32, 0x00, 0x00, 0xff, 0xf1, 0x00, 0x00, 0x00, 0x00, 0xff, 0xfb,
  0xff, 0xec, 0x00, 0x00, 0x00, 0x00, 0x00, 0x00, 0x00, 0x00, 0x00, 0x00,
  0x00, 0x00, 0xff, 0xb5, 0x00, 0x46, 0xff, 0xf6, 0xff, 0xf6, 0xff, 0xec,
  0x00, 0x00, 0x00, 0x00, 0xff, 0xec, 0x00, 0x00, 0xff, 0xec, 0x00, 0x00,
  0x00, 0x00, 0x00, 0x00, 0x00, 0x32, 0x00, 0x00, 0x00, 0x78, 0x00, 0x4b,
  0x00, 0x00, 0x00, 0x00, 0xff, 0xf6, 0x00, 0x00, 0x00, 0x00, 0xff, 0xf1,
  0x00, 0x00, 0xff, 0xf6, 0xff, 0xec, 0x00, 0x00, 0xff, 0xf6, 0x00, 0x00,
  0x00, 0x00, 0x00, 0x00, 0xff, 0xf6, 0xff, 0xf6, 0x00, 0x00, 0x00, 0x00,
  0xff, 0xe2, 0xff, 0xf1, 0x00, 0x00, 0xff, 0xec, 0xff, 0xec, 0xff, 0xec,
  0x00, 0x00, 0xff, 0xec, 0xff, 0xf6, 0xff, 0xfb, 0xff, 0xf6, 0x00, 0x00,
  0xff, 0xf6, 0x00, 0x00, 0x00, 0x00, 0x00, 0x00, 0x00, 0x00, 0xff, 0xe2,
  0xff, 0xf6, 0x00, 0x00, 0x00, 0x00, 0x00, 0x00, 0x00, 0x00, 0x00, 0x00,
  0x00, 0x00, 0xff, 0xf6, 0x00, 0x00, 0x00, 0x00, 0x00, 0x00, 0x00, 0x00,
  0xff, 0xf6, 0x00, 0x00, 0xff, 0xe2, 0x00, 0x00, 0x00, 0x00, 0x00, 0x00,
  0xff, 0xf6, 0x00, 0x00, 0x00, 0x00, 0xff, 0xfb, 0x00, 0x00, 0x00, 0x00,
  0x00, 0x00, 0x00, 0x00, 0x00, 0x00, 0x00, 0x00, 0xff, 0xdd, 0x00, 0x00,
  0x00, 0x00, 0x00, 0x00, 0x00, 0x00, 0xff, 0xf6, 0x00, 0x00, 0xff, 0xf6,
  0x00, 0x00, 0xff, 0xf6, 0x00, 0x00, 0x00, 0x00, 0x00, 0x00, 0x00, 0x00,
  0x00, 0x00, 0x00, 0x00, 0x00, 0x00, 0x00, 0x00, 0x00, 0x00, 0x00, 0x28,
  0x00, 0x00, 0xff, 0xfb, 0x00, 0x00, 0x00, 0x00, 0x00, 0x00, 0x00, 0x00,
  0x00, 0x00, 0x00, 0x00, 0xff, 0xce, 0x00, 0x00, 0x00, 0x00, 0x00, 0x00,
  0x00, 0x00, 0x00, 0x28, 0x00, 0x14, 0x00, 0x00, 0x00, 0x00, 0x00, 0x00,
  0x00, 0x00, 0x00, 0x00, 0xff, 0xf6, 0x00, 0x00, 0xff, 0xfb, 0xff, 0xf1,
  0x00, 0x00, 0xff, 0xec, 0x00, 0x00, 0x00, 0x00, 0x00, 0x00, 0x00, 0x00,
  0x00, 0x00, 0x00, 0x00, 0x00, 0x0a, 0xff, 0xec, 0x00, 0x00, 0x00, 0x00,
  0x00, 0x00, 0xff, 0xf6, 0xff, 0xf6, 0x00, 0x00, 0x00, 0x00, 0xff, 0xce,
  0x00, 0x00, 0xff, 0xf1, 0x00, 0x00, 0x00, 0x00, 0x00, 0x32, 0x00, 0x32,
  0x00, 0x00, 0x00, 0x00, 0x00, 0x00, 0x00, 0x00, 0x00, 0x00, 0x00, 0x00,
  0x00, 0x00, 0x00, 0x00, 0x00, 0x14, 0x00, 0x00, 0x00, 0x00, 0x00, 0x00,
  0x00, 0x00, 0x00, 0x00, 0x00, 0x00, 0x00, 0x00, 0x00, 0x00, 0x00, 0x00,
  0x00, 0x00, 0x00, 0x00, 0x00, 0x00, 0x00, 0x00, 0x00, 0x00, 0x00, 0x23,
  0x00, 0x00, 0x00, 0x00, 0x00, 0x00, 0x00, 0x00, 0x00, 0x00, 0x00, 0x00,
  0x00, 0x00, 0x00, 0x00, 0x00, 0x00, 0xff, 0xba, 0x00, 0x00, 0x00, 0x00,
  0xff, 0xec, 0x00, 0x00, 0xff, 0xf6, 0x00, 0x00, 0x00, 0x00, 0xff, 0xec,
  0xff, 0xf6, 0xff, 0xe2, 0x00, 0x00, 0x00, 0x00, 0x00, 0x00, 0x00, 0x00,
  0x00, 0x0a, 0xff, 0x38, 0x00, 0x32, 0x00, 0x00, 0x00, 0x00, 0x00, 0x32,
  0x00, 0x14, 0x00, 0x00, 0x00, 0x23, 0x00, 0x00, 0x00, 0x00, 0x00, 0x00,
  0xff, 0xec, 0x00, 0x00, 0x00, 0x00, 0x00, 0x00, 0x00, 0x46, 0x00, 0x00,
  0xff, 0x6a, 0xff, 0x2e, 0x00, 0x00, 0xff, 0xf6, 0x00, 0x00, 0xff, 0xc4,
  0x00, 0x00, 0xff, 0xf6, 0xff, 0xc4, 0xff, 0xce, 0xff, 0xb0, 0xff, 0xf6,
  0xff, 0xc4, 0xff, 0xec, 0xff, 0xf6, 0x00, 0x00, 0xff, 0x7e, 0x00, 0x46,
  0xff, 0xd8, 0xff, 0xb5, 0xff, 0xf6, 0x00, 0x00, 0xff, 0xec, 0xff, 0xf6,
  0x00, 0x00, 0xff, 0xce, 0x00, 0x00, 0x00, 0x00, 0x00, 0x00, 0x00, 0x00,
  0xff, 0xe2, 0x00, 0x64, 0x00, 0x00, 0xff, 0x6a, 0xff, 0x42, 0xff, 0xce,
  0x00, 0x00, 0x00, 0x02, 0x00, 0x17, 0x00, 0x01, 0x00, 0x44, 0x00, 0x00,
  0x00, 0x48, 0x00, 0x62, 0x00, 0x44, 0x00, 0x65, 0x00, 0x65, 0x00, 0x5f,
  0x00, 0x69, 0x00, 0x69, 0x00, 0x60, 0x00, 0x6c, 0x00, 0xea, 0x00, 0x61,
  0x00, 0xef, 0x01, 0x24, 0x00, 0xe0, 0x01, 0x2c, 0x01, 0x30, 0x01, 0x16,
  0x01, 0x32, 0x01, 0x92, 0x01, 0x1b, 0x01, 0x94, 0x01, 0x94, 0x01, 0x7c,
  0x01, 0x96, 0x01, 0x97, 0x01, 0x7d, 0x01, 0x9a, 0x01, 0x9a, 0x01, 0x7f,
  0x01, 0x9d, 0x01, 0x9d, 0x01, 0x80, 0x01, 0xa2, 0x01, 0xa3, 0x01, 0x81,
  0x01, 0xb1, 0x01, 0xb5, 0x01, 0x83, 0x01, 0xbc, 0x01, 0xbc, 0x01, 0x88,
  0x01, 0xc2, 0x01, 0xc2, 0x01, 0x89, 0x01, 0xc4, 0x01, 0xc6, 0x01, 0x8a,
  0x01, 0xc8, 0x01, 0xc8, 0x01, 0x8d, 0x01, 0xca, 0x01, 0xca, 0x01, 0x8e,
  0x01, 0xcc, 0x01, 0xcc, 0x01, 0x8f, 0x01, 0xce, 0x01, 0xd3, 0x01, 0x90,
  0x01, 0xd8, 0x01, 0xd9, 0x01, 0x96, 0x01, 0xe3, 0x01, 0xe4, 0x01, 0x98,
  0x00, 0x02, 0x00, 0x3e, 0x00, 0x01, 0x00, 0x19, 0x00, 0x06, 0x00, 0x1a,
  0x00, 0x1b, 0x00, 0x1e, 0x00, 0x1c, 0x00, 0x1c, 0x00, 0x02, 0x00, 0x1d,
  0x00, 0x22, 0x00, 0x03, 0x00, 0x23, 0x00, 0x3c, 0x00, 0x02, 0x00, 0x3d,
  0x00, 0x3d, 0x00, 0x03, 0x00, 0x3e, 0x00, 0x3e, 0x00, 0x02, 0x00, 0x3f,
  0x00, 0x44, 0x00, 0x03, 0x00, 0x45, 0x00, 0x47, 0x00, 0x02, 0x00, 0x48,
  0x00, 0x56, 0x00, 0x0a, 0x00, 0x57, 0x00, 0x58, 0x00, 0x1d, 0x00, 0x59,
  0x00, 0x6b, 0x00, 0x02, 0x00, 0x6c, 0x00, 0x8a, 0x00, 0x03, 0x00, 0x8b,
  0x00, 0x8c, 0x00, 0x02, 0x00, 0x8d, 0x00, 0x8d, 0x00, 0x03, 0x00, 0x8e,
  0x00, 0x93, 0x00, 0x02, 0x00, 0x94, 0x00, 0x99, 0x00, 0x12, 0x00, 0x9a,
  0x00, 0x9a, 0x00, 0x02, 0x00, 0x9b, 0x00, 0x9f, 0x00, 0x14, 0x00, 0xa0,
  0x00, 0xb4, 0x00, 0x07, 0x00, 0xb5, 0x00, 0xba, 0x00, 0x11, 0x00, 0xbb,
  0x00, 0xbb, 0x00, 0x20, 0x00, 0xbc, 0x00, 0xc4, 0x00, 0x0b, 0x00, 0xc5,
  0x00, 0xc8, 0x00, 0x17, 0x00, 0xc9, 0x00, 0xe3, 0x00, 0x05, 0x00, 0xe5,
  0x01, 0x04, 0x00, 0x01, 0x01, 0x05, 0x01, 0x05, 0x00, 0x10, 0x01, 0x06,
  0x01, 0x0b, 0x00, 0x01, 0x01, 0x0f, 0x01, 0x1e, 0x00, 0x09, 0x01, 0x1f,
  0x01, 0x21, 0x00, 0x1a, 0x01, 0x24, 0x01, 0x24, 0x00, 0x08, 0x01, 0x2c,
  0x01, 0x33, 0x00, 0x08, 0x01, 0x34, 0x01, 0x52, 0x00, 0x01, 0x01, 0x53,
  0x01, 0x53, 0x00, 0x08, 0x01, 0x55, 0x01, 0x55, 0x00, 0x01, 0x01, 0x56,
  0x01, 0x5b, 0x00, 0x08, 0x01, 0x5c, 0x01, 0x61, 0x00, 0x0f, 0x01, 0x63,
  0x01, 0x67, 0x00, 0x13, 0x01, 0x68, 0x01, 0x7c, 0x00, 0x04, 0x01, 0x7d,
  0x01, 0x82, 0x00, 0x0e, 0x01, 0x83, 0x01, 0x83, 0x00, 0x1f, 0x01, 0x84,
  0x01, 0x8c, 0x00, 0x04, 0x01, 0x8d, 0x01, 0x90, 0x00, 0x15, 0x01, 0x91,
  0x01, 0x95, 0x00, 0x10, 0x01, 0x96, 0x01, 0x97, 0x00, 0x0d, 0x01, 0x9a,
  0x01, 0x9a, 0x00, 0x18, 0x01, 0xa0, 0x01, 0xa0, 0x00, 0x18, 0x01, 0xa3,
  0x01, 0xa3, 0x00, 0x18, 0x01, 0xb1, 0x01, 0xb5, 0x00, 0x0c, 0x01, 0xbc,
  0x01, 0xbc, 0x00, 0x0d, 0x01, 0xc2, 0x01, 0xc2, 0x00, 0x16, 0x01, 0xc4,
  0x01, 0xc6, 0x00, 0x16, 0x01, 0xc9, 0x01, 0xc9, 0x00, 0x19, 0x01, 0xcb,
  0x01, 0xcb, 0x00, 0x19, 0x01, 0xcd, 0x01, 0xcd, 0x00, 0x19, 0x01, 0xce,
  0x01, 0xcf, 0x00, 0x0c, 0x01, 0xd0, 0x01, 0xd0, 0x00, 0x1c, 0x01, 0xd1,
  0x01, 0xd1, 0x00, 0x1b, 0x01, 0xd2, 0x01, 0xd2, 0x00, 0x1c, 0x01, 0xd3,
  0x01, 0xd3, 0x00, 0x1b, 0x01, 0xd8, 0x01, 0xd9, 0x00, 0x0d, 0x01, 0xe3,
  0x01, 0xe4, 0x00, 0x0d, 0x00, 0x02, 0x00, 0x51, 0x00, 0x01, 0x00, 0x19,
  0x00, 0x05, 0x00, 0x1a, 0x00, 0x1b, 0x00, 0x08, 0x00, 0x1c, 0x00, 0x1c,
  0x00, 0x26, 0x00, 0x1d, 0x00, 0x22, 0x00, 0x18, 0x00, 0x29, 0x00, 0x3c,
  0x00, 0x08, 0x00, 0x3e, 0x00, 0x3e, 0x00, 0x2b, 0x00, 0x3f, 0x00, 0x44,
  0x00, 0x17, 0x00, 0x48, 0x00, 0x48, 0x00, 0x09, 0x00, 0x49, 0x00, 0x49,
  0x00, 0x03, 0x00, 0x4a, 0x00, 0x56, 0x00, 0x09, 0x00, 0x57, 0x00, 0x58,
  0x00, 0x03, 0x00, 0x59, 0x00, 0x5a, 0x00, 0x25, 0x00, 0x5b, 0x00, 0x5b,
  0x00, 0x16, 0x00, 0x5c, 0x00, 0x5c, 0x00, 0x03, 0x00, 0x5d, 0x00, 0x60,
  0x00, 0x16, 0x00, 0x61, 0x00, 0x61, 0x00, 0x07, 0x00, 0x62, 0x00, 0x62,
  0x00, 0x16, 0x00, 0x65, 0x00, 0x65, 0x00, 0x03, 0x00, 0x69, 0x00, 0x69,
  0x00, 0x07, 0x00, 0x8a, 0x00, 0x8a, 0x00, 0x08, 0x00, 0x8b, 0x00, 0x8b,
  0x00, 0x2a, 0x00, 0x8c, 0x00, 0x8c, 0x00, 0x29, 0x00, 0x8e, 0x00, 0x93,
  0x00, 0x15, 0x00, 0x94, 0x00, 0x9a, 0x00, 0x0e, 0x00, 0x9b, 0x00, 0x9f,
  0x00, 0x1b, 0x00, 0xa0, 0x00, 0xb4, 0x00, 0x03, 0x00, 0xb5, 0x00, 0xba,
  0x00, 0x14, 0x00, 0xbb, 0x00, 0xbb, 0x00, 0x28, 0x00, 0xbc, 0x00, 0xc4,
  0x00, 0x0b, 0x00, 0xc5, 0x00, 0xc8, 0x00, 0x1d, 0x00, 0xc9, 0x00, 0xe1,
  0x00, 0x04, 0x00, 0xe2, 0x00, 0xe3, 0x00, 0x06, 0x00, 0xe4, 0x00, 0xe4,
  0x00, 0x01, 0x00, 0xe5, 0x00, 0xea, 0x00, 0x13, 0x00, 0xef, 0x00, 0xef,
  0x00, 0x1a, 0x00, 0xf0, 0x01, 0x03, 0x00, 0x06, 0x01, 0x04, 0x01, 0x04,
  0x00, 0x01, 0x01, 0x05, 0x01, 0x05, 0x00, 0x24, 0x01, 0x06, 0x01, 0x0b,
  0x00, 0x02, 0x01, 0x0c, 0x01, 0x0e, 0x00, 0x0a, 0x01, 0x0f, 0x01, 0x21,
  0x00, 0x07, 0x01, 0x22, 0x01, 0x24, 0x00, 0x1f, 0x01, 0x2c, 0x01, 0x30,
  0x00, 0x0a, 0x01, 0x32, 0x01, 0x33, 0x00, 0x0a, 0x01, 0x34, 0x01, 0x51,
  0x00, 0x01, 0x01, 0x52, 0x01, 0x52, 0x00, 0x06, 0x01, 0x53, 0x01, 0x54,
  0x00, 0x01, 0x01, 0x55, 0x01, 0x55, 0x00, 0x02, 0x01, 0x56, 0x01, 0x5b,
  0x00, 0x12, 0x01, 0x5c, 0x01, 0x61, 0x00, 0x11, 0x01, 0x62, 0x01, 0x62,
  0x00, 0x26, 0x01, 0x63, 0x01, 0x67, 0x00, 0x19, 0x01, 0x68, 0x01, 0x70,
  0x00, 0x02, 0x01, 0x71, 0x01, 0x76, 0x00, 0x10, 0x01, 0x77, 0x01, 0x7c,
  0x00, 0x02, 0x01, 0x7d, 0x01, 0x82, 0x00, 0x0f, 0x01, 0x83, 0x01, 0x83,
  0x00, 0x27, 0x01, 0x84, 0x01, 0x8c, 0x00, 0x02, 0x01, 0x8d, 0x01, 0x90,
  0x00, 0x1a, 0x01, 0x91, 0x01, 0x91, 0x00, 0x24, 0x01, 0x92, 0x01, 0x92,
  0x00, 0x07, 0x01, 0x94, 0x01, 0x94, 0x00, 0x07, 0x01, 0x96, 0x01, 0x97,
  0x00, 0x0d, 0x01, 0x9a, 0x01, 0x9a, 0x00, 0x20, 0x01, 0x9d, 0x01, 0x9d,
  0x00, 0x21, 0x01, 0xa2, 0x01, 0xa2, 0x00, 0x21, 0x01, 0xa3, 0x01, 0xa3,
  0x00, 0x20, 0x01, 0xb1, 0x01, 0xb5, 0x00, 0x0c, 0x01, 0xbc, 0x01, 0xbc,
  0x00, 0x0d, 0x01, 0xc2, 0x01, 0xc2, 0x00, 0x1c, 0x01, 0xc4, 0x01, 0xc6,
  0x00, 0x1c, 0x01, 0xc8, 0x01, 0xc8, 0x00, 0x1e, 0x01, 0xca, 0x01, 0xca,
  0x00, 0x1e, 0x01, 0xcc, 0x01, 0xcc, 0x00, 0x1e, 0x01, 0xce, 0x01, 0xcf,
  0x00, 0x0c, 0x01, 0xd0, 0x01, 0xd0, 0x00, 0x23, 0x01, 0xd1, 0x01, 0xd1,
  0x00, 0x22, 0x01, 0xd2, 0x01, 0xd2, 0x00, 0x23, 0x01, 0xd3, 0x01, 0xd3,
  0x00, 0x22, 0x01, 0xd8, 0x01, 0xd9, 0x00, 0x0d, 0x01, 0xe3, 0x01, 0xe4,
  0x00, 0x0d, 0x00, 0x01, 0x02, 0x24, 0x00, 0x04, 0x00, 0x00, 0x01, 0x0d,
  0x09, 0xe6, 0x09, 0xe6, 0x09, 0xe6, 0x09, 0xe6, 0x09, 0xe6, 0x09, 0xe6,
  0x09, 0xe6, 0x09, 0xe6, 0x09, 0xe6, 0x09, 0xe6, 0x09, 0xe6, 0x09, 0xe6,
  0x09, 0xe6, 0x09, 0xe6, 0x09, 0xe6, 0x09, 0xe6, 0x09, 0xe6, 0x09, 0xe6,
  0x09, 0xe6, 0x09, 0xe6, 0x09, 0xe6, 0x09, 0xe6, 0x09, 0xe6, 0x09, 0xe6,
  0x09, 0xe6, 0x09, 0xd0, 0x09, 0xd0, 0x09, 0xbe, 0x09, 0xac, 0x09, 0xac,
  0x09, 0xac, 0x09, 0xac, 0x09, 0xac, 0x09, 0xac, 0x09, 0x96, 0x09, 0x96,
  0x09, 0x96, 0x09, 0x96, 0x09, 0x96, 0x09, 0x96, 0x09, 0xd0, 0x09, 0xd0,
  0x09, 0xd0, 0x09, 0xd0, 0x09, 0xd0, 0x09, 0xd0, 0x09, 0xd0, 0x09, 0xd0,
  0x09, 0xd0, 0x09, 0xd0, 0x09, 0xd0, 0x09, 0xd0, 0x09, 0xd0, 0x09, 0xd0,
  0x09, 0xd0, 0x09, 0xd0, 0x09, 0xd0, 0x09, 0xd0, 0x09, 0xd0, 0x09, 0xd0,
  0x09, 0x96, 0x09, 0x84, 0x09, 0x7e, 0x09, 0x7e, 0x09, 0x7e, 0x09, 0x7e,
  0x09, 0x7e, 0x09, 0x7e, 0x09, 0x74, 0x09, 0x6a, 0x09, 0x74, 0x09, 0x74,
  0x09, 0x74, 0x09, 0x74, 0x09, 0x74, 0x09, 0x74, 0x09, 0x74, 0x09, 0x74,
  0x09, 0x74, 0x09, 0x74, 0x09, 0x74, 0x09, 0x74, 0x09, 0x74, 0x09, 0x6a,
  0x09, 0x6a, 0x09, 0x5c, 0x09, 0x5c, 0x09, 0x4a, 0x09, 0x6a, 0x09, 0x4a,
  0x09, 0x4a, 0x09, 0x4a, 0x09, 0x4a, 0x09, 0x4a, 0x09, 0x6a, 0x09, 0x96,
  0x09, 0x96, 0x09, 0x96, 0x09, 0x96, 0x09, 0x96, 0x09, 0x96, 0x09, 0x96,
  0x09, 0x96, 0x09, 0x96, 0x09, 0x96, 0x09, 0x96, 0x09, 0x96, 0x09, 0x96,
  0x09, 0x96, 0x09, 0x96, 0x09, 0x96, 0x09, 0x96, 0x09, 0x96, 0x09, 0x96,
  0x09, 0x96, 0x09, 0x96, 0x09, 0x96, 0x09, 0x96, 0x09, 0x96, 0x09, 0x96,
  0x09, 0x96, 0x09, 0x96, 0x09, 0x96, 0x09, 0x96, 0x09, 0x96, 0x09, 0xd0,
  0x09, 0x96, 0x09, 0x44, 0x09, 0x44, 0x09, 0x44, 0x09, 0x44, 0x09, 0x44,
  0x09, 0x44, 0x09, 0x36, 0x09, 0x36, 0x09, 0x36, 0x09, 0x36, 0x09, 0x36,
  0x09, 0x36, 0x09, 0x36, 0x09, 0x28, 0x09, 0x28, 0x09, 0x28, 0x09, 0x28,
  0x09, 0x28, 0x09, 0x6a, 0x09, 0x6a, 0x09, 0x6a, 0x09, 0x6a, 0x09, 0x6a,
  0x09, 0x6a, 0x09, 0x6a, 0x09, 0x6a, 0x09, 0x6a, 0x09, 0x6a, 0x09, 0x6a,
  0x09, 0x6a, 0x09, 0x6a, 0x09, 0x6a, 0x09, 0x6a, 0x09, 0x6a, 0x09, 0x6a,
  0x09, 0x6a, 0x09, 0x6a, 0x09, 0x6a, 0x09, 0x6a, 0x09, 0x1e, 0x09, 0x1e,
  0x09, 0x1e, 0x09, 0x1e, 0x09, 0x1e, 0x09, 0x1e, 0x09, 0x18, 0x09, 0x0a,
  0x09, 0x0a, 0x09, 0x0a, 0x09, 0x0a, 0x09, 0x0a, 0x09, 0x0a, 0x09, 0x0a,
  0x09, 0x0a, 0x09, 0x0a, 0x08, 0xfc, 0x08, 0xfc, 0x08, 0xfc, 0x08, 0xfc,
  0x08, 0xf6, 0x08, 0xe8, 0x08, 0xe8, 0x08, 0xb6, 0x08, 0xe8, 0x08, 0xf6,
  0x08, 0xb0, 0x08, 0xe8, 0x08, 0xe8, 0x07, 0x96, 0x08, 0xe8, 0x08, 0xe8,
  0x08, 0xf6, 0x08, 0xf6, 0x08, 0xf6, 0x08, 0xf6, 0x08, 0xf6, 0x08, 0xf6,
  0x08, 0xf6, 0x08, 0xf6, 0x08, 0xf6, 0x08, 0xf6, 0x08, 0xf6, 0x08, 0xf6,
  0x08, 0xf6, 0x08, 0xf6, 0x08, 0xf6, 0x08, 0xf6, 0x08, 0xf6, 0x08, 0xf6,
  0x08, 0xf6, 0x08, 0xf6, 0x08, 0xf6, 0x08, 0xf6, 0x08, 0xf6, 0x08, 0xf6,
  0x08, 0xf6, 0x08, 0xf6, 0x08, 0xf6, 0x08, 0xf6, 0x08, 0xf6, 0x08, 0xf6,
  0x08, 0xf6, 0x08, 0xf6, 0x09, 0xbe, 0x08, 0xb0, 0x07, 0x88, 0x07, 0x88,
  0x07, 0x7a, 0x07, 0x74, 0x06, 0x36, 0x06, 0x30, 0x05, 0xee, 0x05, 0x8c,
  0x05, 0x6a, 0x04, 0xac, 0x06, 0x30, 0x07, 0x7a, 0x04, 0x9e, 0x04, 0x9e,
  0x04, 0x9e, 0x04, 0x9e, 0x04, 0x9e, 0x04, 0x98, 0x04, 0x8a, 0x04, 0x78,
  0x07, 0x88, 0x04, 0x6a, 0x04, 0x6a, 0x04, 0x6a, 0x04, 0x6a, 0x04, 0x9e,
  0x04, 0x9e, 0x04, 0x58, 0x04, 0x58, 0x07, 0x88, 0x07, 0x88, 0x03, 0x3e,
  0x07, 0x88, 0x07, 0x88, 0x03, 0x20, 0x03, 0x06, 0x02, 0xdc, 0x00, 0x02,
  0x00, 0x1e, 0x00, 0x01, 0x00, 0x44, 0x00, 0x00, 0x00, 0x48, 0x00, 0x60,
  0x00, 0x44, 0x00, 0x62, 0x00, 0x62, 0x00, 0x5d, 0x00, 0x65, 0x00, 0x65,
  0x00, 0x5e, 0x00, 0x6c, 0x00, 0x8a, 0x00, 0x5f, 0x00, 0x8d, 0x00, 0xc8,
  0x00, 0x7e, 0x00, 0xe4, 0x00, 0xe4, 0x00, 0xba, 0x00, 0xeb, 0x00, 0xee,
  0x00, 0xbb, 0x01, 0x04, 0x01, 0x05, 0x00, 0xbf, 0x01, 0x25, 0x01, 0x29,
  0x00, 0xc1, 0x01, 0x34, 0x01, 0x51, 0x00, 0xc6, 0x01, 0x53, 0x01, 0x54,
  0x00, 0xe4, 0x01, 0x62, 0x01, 0x62, 0x00, 0xe6, 0x01, 0x91, 0x01, 0x91,
  0x00, 0xe7, 0x01, 0x96, 0x01, 0x97, 0x00, 0xe8, 0x01, 0x9a, 0x01, 0xa3,
  0x00, 0xea, 0x01, 0xb1, 0x01, 0xb6, 0x00, 0xf4, 0x01, 0xb8, 0x01, 0xb9,
  0x00, 0xfa, 0x01, 0xbc, 0x01, 0xbc, 0x00, 0xfc, 0x01, 0xc2, 0x01, 0xc2,
  0x00, 0xfd, 0x01, 0xc4, 0x01, 0xc6, 0x00, 0xfe, 0x01, 0xce, 0x01, 0xcf,
  0x01, 0x01, 0x01, 0xd1, 0x01, 0xd1, 0x01, 0x03, 0x01, 0xd3, 0x01, 0xd3,
  0x01, 0x04, 0x01, 0xd8, 0x01, 0xd9, 0x01, 0x05, 0x01, 0xdc, 0x01, 0xdc,
  0x01, 0x07, 0x01, 0xe3, 0x01, 0xe4, 0x01, 0x08, 0x01, 0xee, 0x01, 0xee,
  0x01, 0x0a, 0x01, 0xf0, 0x01, 0xf0, 0x01, 0x0b, 0x01, 0xfc, 0x01, 0xfc,
  0x01, 0x0c, 0x00, 0x0a, 0x01, 0x9a, 0xff, 0xc4, 0x01, 0x9b, 0xff, 0xe7,
  0x01, 0x9c, 0xff, 0xce, 0x01, 0x9d, 0xff, 0xba, 0x01, 0x9e, 0xff, 0x6a,
  0x01, 0x9f, 0xff, 0x9c, 0x01, 0xa0, 0xff, 0xc4, 0x01, 0xa1, 0xff, 0xa6,
  0x01, 0xa2, 0xff, 0xba, 0x01, 0xa3, 0xff, 0xc4, 0x00, 0x06, 0x01, 0x9a,
  0xff, 0xf1, 0x01, 0x9e, 0xff, 0xd8, 0x01, 0x9f, 0xff, 0xec, 0x01, 0xa0,
  0xff, 0xf1, 0x01, 0xa1, 0xff, 0xec, 0x01, 0xa3, 0xff, 0xf1, 0x00, 0x07,
  0x01, 0x9a, 0xff, 0xdd, 0x01, 0x9c, 0xff, 0xf1, 0x01, 0x9d, 0xff, 0xf1,
  0x01, 0x9f, 0xff, 0xd8, 0x01, 0xa0, 0xff, 0xdd, 0x01, 0xa1, 0xff, 0xe2,
  0x01, 0xa3, 0xff, 0xdd, 0x00, 0x46, 0x00, 0xe5, 0xff, 0xe7, 0x00, 0xe6,
  0xff, 0xe7, 0x00, 0xe7, 0xff, 0xe7, 0x00, 0xe8, 0xff, 0xe7, 0x00, 0xe9,
  0xff, 0xe7, 0x00, 0xea, 0xff, 0xe7, 0x00, 0xeb, 0xff, 0xe7, 0x00, 0xec,
  0xff, 0xe7, 0x00, 0xed, 0xff, 0xe7, 0x00, 0xee, 0xff, 0xe7, 0x00, 0xef,
  0xff, 0xe7, 0x00, 0xf0, 0xff, 0xe7, 0x00, 0xf1, 0xff, 0xe7, 0x00, 0xf2,
  0xff, 0xe7, 0x00, 0xf3, 0xff, 0xe7, 0x00, 0xf4, 0xff, 0xe7, 0x00, 0xf5,
  0xff, 0xe7, 0x00, 0xf6, 0xff, 0xe7, 0x00, 0xf7, 0xff, 0xe7, 0x00, 0xf8,
  0xff, 0xe7, 0x00, 0xf9, 0xff, 0xe7, 0x00, 0xfa, 0xff, 0xe7, 0x00, 0xfb,
  0xff, 0xe7, 0x00, 0xfc, 0xff, 0xe7, 0x00, 0xfd, 0xff, 0xe7, 0x00, 0xfe,
  0xff, 0xe7, 0x00, 0xff, 0xff, 0xe7, 0x01, 0x00, 0xff, 0xe7, 0x01, 0x01,
  0xff, 0xe7, 0x01, 0x02, 0xff, 0xe7, 0x01, 0x03, 0xff, 0xe7, 0x01, 0x04,
  0xff, 0xe7, 0x01, 0x06, 0xff, 0xe7, 0x01, 0x07, 0xff, 0xe7, 0x01, 0x08,
  0xff, 0xe7, 0x01, 0x09, 0xff, 0xe7, 0x01, 0x0a, 0xff, 0xe7, 0x01, 0x0b,
  0xff, 0xe7, 0x01, 0x34, 0xff, 0xe7, 0x01, 0x35, 0xff, 0xe7, 0x01, 0x36,
  0xff, 0xe7, 0x01, 0x37, 0xff, 0xe7, 0x01, 0x38, 0xff, 0xe7, 0x01, 0x39,
  0xff, 0xe7, 0x01, 0x3a, 0xff, 0xe7, 0x01, 0x3b, 0xff, 0xe7, 0x01, 0x3c,
  0xff, 0xe7, 0x01, 0x3d, 0xff, 0xe7, 0x01, 0x3e, 0xff, 0xe7, 0x01, 0x3f,
  0xff, 0xe7, 0x01, 0x40, 0xff, 0xe7, 0x01, 0x41, 0xff, 0xe7, 0x01, 0x42,
  0xff, 0xe7, 0x01, 0x43, 0xff, 0xe7, 0x01, 0x44, 0xff, 0xe7, 0x01, 0x45,
  0xff, 0xe7, 0x01, 0x46, 0xff, 0xe7, 0x01, 0x47, 0xff, 0xe7, 0x01, 0x48,
  0xff, 0xe7, 0x01, 0x49, 0xff, 0xe7, 0x01, 0x4a, 0xff, 0xe7, 0x01, 0x4b,
  0xff, 0xe7, 0x01, 0x4c, 0xff, 0xe7, 0x01, 0x4d, 0xff, 0xe7, 0x01, 0x4e,
  0xff, 0xe7, 0x01, 0x4f, 0xff, 0xe7, 0x01, 0x50, 0xff, 0xe7, 0x01, 0x51,
  0xff, 0xe7, 0x01, 0x52, 0xff, 0xe7, 0x01, 0x55, 0xff, 0xe7, 0x00, 0x04,
  0x01, 0x9c, 0x00, 0x0f, 0x01, 0x9e, 0xff, 0x88, 0x01, 0xa1, 0x00, 0x3c,
  0x01, 0xa2, 0xff, 0xd8, 0x00, 0x03, 0x01, 0x9c, 0xff, 0xf6, 0x01, 0x9d,
  0xff, 0xdd, 0x01, 0x9e, 0x00, 0x5a, 0x00, 0x04, 0x01, 0x1f, 0xff, 0xdd,
  0x01, 0x20, 0xff, 0xdd, 0x01, 0x21, 0xff, 0xdd, 0x01, 0xb8, 0xff, 0xec,
  0x00, 0x03, 0x00, 0x57, 0xff, 0xc4, 0x00, 0x58, 0xff, 0xc4, 0x01, 0xb8,
  0xff, 0xe2, 0x00, 0x01, 0x01, 0xb6, 0x00, 0x14, 0x00, 0x03, 0x01, 0x9c,
  0x00, 0x19, 0x01, 0xa1, 0xff, 0xd8, 0x01, 0xa2, 0xff, 0xe7, 0x00, 0x2f,
  0x00, 0x9b, 0x00, 0x46, 0x00, 0x9c, 0x00, 0x46, 0x00, 0x9d, 0x00, 0x46,
  0x00, 0x9e, 0x00, 0x46, 0x00, 0x9f, 0x00, 0x46, 0x00, 0xb5, 0x00, 0x1e,
  0x00, 0xb6, 0x00, 0x1e, 0x00, 0xb7, 0x00, 0x1e, 0x00, 0xb8, 0x00, 0x1e,
  0x00, 0xb9, 0x00, 0x1e, 0x00, 0xba, 0x00, 0x1e, 0x00, 0xbc, 0x00, 0x32,
  0x00, 0xbd, 0x00, 0x32, 0x00, 0xbe, 0x00, 0x32, 0x00, 0xbf, 0x00, 0x32,
  0x00, 0xc0, 0x00, 0x32, 0x00, 0xc1, 0x00, 0x32, 0x00, 0xc2, 0x00, 0x32,
  0x00, 0xc3, 0x00, 0x32, 0x00, 0xc4, 0x00, 0x32, 0x00, 0xc5, 0x00, 0x32,
  0x00, 0xc6, 0x00, 0x32, 0x00, 0xc7, 0x00, 0x32, 0x00, 0xc8, 0x00, 0x32,
  0x01, 0x96, 0x00, 0x5a, 0x01, 0x97, 0x00, 0x5a, 0x01, 0x9a, 0xff, 0xf6,
  0x01, 0x9b, 0x00, 0x1e, 0x01, 0x9e, 0xff, 0x88, 0x01, 0x9f, 0xff, 0xf6,
  0x01, 0xa0, 0xff, 0xf6, 0x01, 0xa1, 0x00, 0x28, 0x01, 0xa3, 0xff, 0xf6,
  0x01, 0xb1, 0xff, 0xb0, 0x01, 0xb2, 0xff, 0xb0, 0x01, 0xb3, 0xff, 0xb0,
  0x01, 0xb4, 0xff, 0xb0, 0x01, 0xb5, 0xff, 0xb0, 0x01, 0xbc, 0x00, 0x5a,
  0x01, 0xce, 0xff, 0xb0, 0x01, 0xcf, 0xff, 0xb0, 0x01, 0xd1, 0x00, 0x78,
  0x01, 0xd3, 0x00, 0x78, 0x01, 0xd8, 0x00, 0x5a, 0x01, 0xd9, 0x00, 0x5a,
  0x01, 0xe3, 0x00, 0x5a, 0x01, 0xe4, 0x00, 0x5a, 0x00, 0x08, 0x01, 0x9d,
  0xff, 0xf6, 0x01, 0xb1, 0xff, 0xe7, 0x01, 0xb2, 0xff, 0xe7, 0x01, 0xb3,
  0xff, 0xe7, 0x01, 0xb4, 0xff, 0xe7, 0x01, 0xb5, 0xff, 0xe7, 0x01, 0xce,
  0xff, 0xe7, 0x01, 0xcf, 0xff, 0xe7, 0x00, 0x18, 0x00, 0x94, 0xff, 0xf6,
  0x00, 0x95, 0xff, 0xf6, 0x00, 0x96, 0xff, 0xf6, 0x00, 0x97, 0xff, 0xf6,
  0x00, 0x98, 0xff, 0xf6, 0x00, 0x99, 0xff, 0xf6, 0x01, 0x96, 0xff, 0xf6,
  0x01, 0x97, 0xff, 0xf6, 0x01, 0xb1, 0xff, 0xe7, 0x01, 0xb2, 0xff, 0xe7,
  0x01, 0xb3, 0xff, 0xe7, 0x01, 0xb4, 0xff, 0xe7, 0x01, 0xb5, 0xff, 0xe7,
  0x01, 0xbc, 0xff, 0xf6, 0x01, 0xc2, 0x00, 0x0f, 0x01, 0xc4, 0x00, 0x0f,
  0x01, 0xc5, 0x00, 0x0f, 0x01, 0xc6, 0x00, 0x0f, 0x01, 0xce, 0xff, 0xe7,
  0x01, 0xcf, 0xff, 0xe7, 0x01, 0xd8, 0xff, 0xf6, 0x01, 0xd9, 0xff, 0xf6,
  0x01, 0xe3, 0xff, 0xf6, 0x01, 0xe4, 0xff, 0xf6, 0x00, 0x10, 0x00, 0x94,
  0xff, 0xf6, 0x00, 0x95, 0xff, 0xf6, 0x00, 0x96, 0xff, 0xf6, 0x00, 0x97,
  0xff, 0xf6, 0x00, 0x98, 0xff, 0xf6, 0x00, 0x99, 0xff, 0xf6, 0x01, 0x96,
  0xff, 0xe2, 0x01, 0x97, 0xff, 0xe2, 0x01, 0xa1, 0xff, 0xec, 0x01, 0xbc,
  0xff, 0xe2, 0x01, 0xd1, 0xff, 0xe7, 0x01, 0xd3, 0xff, 0xe7, 0x01, 0xd8,
  0xff, 0xe2, 0x01, 0xd9, 0xff, 0xe2, 0x01, 0xe3, 0xff, 0xe2, 0x01, 0xe4,
  0xff, 0xe2, 0x00, 0x01, 0x01, 0xa1, 0xff, 0xec, 0x00, 0x4f, 0x00, 0x1d,
  0xff, 0xf6, 0x00, 0x1e, 0xff, 0xf6, 0x00, 0x1f, 0xff, 0xf6, 0x00, 0x20,
  0xff, 0xf6, 0x00, 0x21, 0xff, 0xf6, 0x00, 0x22, 0xff, 0xf6, 0x00, 0x3d,
  0xff, 0xf6, 0x00, 0x3f, 0xff, 0xf6, 0x00, 0x40, 0xff, 0xf6, 0x00, 0x41,
  0xff, 0xf6, 0x00, 0x42, 0xff, 0xf6, 0x00, 0x43, 0xff, 0xf6, 0x00, 0x44,
  0xff, 0xf6, 0x00, 0x6c, 0xff, 0xf6, 0x00, 0x6d, 0xff, 0xf6, 0x00, 0x6e,
  0xff, 0xf6, 0x00, 0x6f, 0xff, 0xf6, 0x00, 0x70, 0xff, 0xf6, 0x00, 0x71,
  0xff, 0xf6, 0x00, 0x72, 0xff, 0xf6, 0x00, 0x73, 0xff, 0xf6, 0x00, 0x74,
  0xff, 0xf6, 0x00, 0x75, 0xff, 0xf6, 0x00, 0x76, 0xff, 0xf6, 0x00, 0x77,
  0xff, 0xf6, 0x00, 0x78, 0xff, 0xf6, 0x00, 0x79, 0xff, 0xf6, 0x00, 0x7a,
  0xff, 0xf6, 0x00, 0x7b, 0xff, 0xf6, 0x00, 0x7c, 0xff, 0xf6, 0x00, 0x7d,
  0xff, 0xf6, 0x00, 0x7e, 0xff, 0xf6, 0x00, 0x7f, 0xff, 0xf6, 0x00, 0x80,
  0xff, 0xf6, 0x00, 0x81, 0xff, 0xf6, 0x00, 0x82, 0xff, 0xf6, 0x00, 0x83,
  0xff, 0xf6, 0x00, 0x84, 0xff, 0xf6, 0x00, 0x85, 0xff, 0xf6, 0x00, 0x86,
  0xff, 0xf6, 0x00, 0x87, 0xff, 0xf6, 0x00, 0x88, 0xff, 0xf6, 0x00, 0x89,
  0xff, 0xf6, 0x00, 0x8a, 0xff, 0xf6, 0x00, 0x8d, 0xff, 0xf6, 0x00, 0x94,
  0xff, 0xf6, 0x00, 0x95, 0xff, 0xf6, 0x00, 0x96, 0xff, 0xf6, 0x00, 0x97,
  0xff, 0xf6, 0x00, 0x98, 0xff, 0xf6, 0x00, 0x99, 0xff, 0xf6, 0x00, 0xa0,
  0xff, 0xf6, 0x00, 0xa1, 0xff, 0xf6, 0x00, 0xa2, 0xff, 0xf6, 0x00, 0xa3,
  0xff, 0xf6, 0x00, 0xa4, 0xff, 0xf6, 0x00, 0xa5, 0xff, 0xf6, 0x00, 0xa6,
  0xff, 0xf6, 0x00, 0xa7, 0xff, 0xf6, 0x00, 0xa8, 0xff, 0xf6, 0x00, 0xa9,
  0xff, 0xf6, 0x00, 0xaa, 0xff, 0xf6, 0x00, 0xab, 0xff, 0xf6, 0x00, 0xac,
  0xff, 0xf6, 0x00, 0xad, 0xff, 0xf6, 0x00, 0xae, 0xff, 0xf6, 0x00, 0xaf,
  0xff, 0xf6, 0x00, 0xb0, 0xff, 0xf6, 0x00, 0xb1, 0xff, 0xf6, 0x00, 0xb2,
  0xff, 0xf6, 0x00, 0xb3, 0xff, 0xf6, 0x00, 0xb4, 0xff, 0xf6, 0x01, 0x9e,
  0xff, 0xd8, 0x01, 0xc2, 0xff, 0xdd, 0x01, 0xc4, 0xff, 0xdd, 0x01, 0xc5,
  0xff, 0xdd, 0x01, 0xc6, 0xff, 0xdd, 0x01, 0xd1, 0x00, 0x0a, 0x01, 0xd3,
  0x00, 0x0a, 0x00, 0x01, 0x01, 0x9b, 0x00, 0x14, 0x00, 0x03, 0x01, 0x9d,
  0xff, 0xf6, 0x01, 0xa1, 0xff, 0xf6, 0x01, 0xfc, 0xff, 0xec, 0x00, 0x03,
  0x01, 0x9e, 0xff, 0xb0, 0x01, 0xa1, 0x00, 0x32, 0x01, 0xa2, 0xff, 0xd8,
  0x00, 0x46, 0x00, 0x1c, 0x00, 0x78, 0x00, 0x23, 0x00, 0x78, 0x00, 0x24,
  0x00, 0x78, 0x00, 0x25, 0x00, 0x78, 0x00, 0x26, 0x00, 0x78, 0x00, 0x27,
  0x00, 0x78, 0x00, 0x28, 0x00, 0x78, 0x00, 0x29, 0x00, 0x78, 0x00, 0x2a,
  0x00, 0x78, 0x00, 0x2b, 0x00, 0x78, 0x00, 0x2c, 0x00, 0x78, 0x00, 0x2d,
  0x00, 0x78, 0x00, 0x2e, 0x00, 0x78, 0x00, 0x2f, 0x00, 0x78, 0x00, 0x30,
  0x00, 0x78, 0x00, 0x31, 0x00, 0x78, 0x00, 0x32, 0x00, 0x78, 0x00, 0x33,
  0x00, 0x78, 0x00, 0x34, 0x00, 0x78, 0x00, 0x35, 0x00, 0x78, 0x00, 0x36,
  0x00, 0x78, 0x00, 0x37, 0x00, 0x78, 0x00, 0x38, 0x00, 0x78, 0x00, 0x39,
  0x00, 0x78, 0x00, 0x3a, 0x00, 0x78, 0x00, 0x3b, 0x00, 0x78, 0x00, 0x3c,
  0x00, 0x78, 0x00, 0x3e, 0x00, 0x78, 0x00, 0x45, 0x00, 0x78, 0x00, 0x46,
  0x00, 0x78, 0x00, 0x47, 0x00, 0x78, 0x00, 0x59, 0x00, 0x78, 0x00, 0x5a,
  0x00, 0x78, 0x00, 0x5b, 0x00, 0x78, 0x00, 0x5c, 0x00, 0x78, 0x00, 0x5d,
  0x00, 0x78, 0x00, 0x5e, 0x00, 0x78, 0x00, 0x5f, 0x00, 0x78, 0x00, 0x60,
  0x00, 0x78, 0x00, 0x61, 0x00, 0x78, 0x00, 0x62, 0x00, 0x78, 0x00, 0x63,
  0x00, 0x78, 0x00, 0x64, 0x00, 0x78, 0x00, 0x65, 0x00, 0x78, 0x00, 0x66,
  0x00, 0x78, 0x00, 0x67, 0x00, 0x78, 0x00, 0x68, 0x00, 0x78, 0x00, 0x69,
  0x00, 0x78, 0x00, 0x6a, 0x00, 0x78, 0x00, 0x6b, 0x00, 0x78, 0x00, 0x8b,
  0x00, 0x78, 0x00, 0x8c, 0x00, 0x78, 0x00, 0x8e, 0x00, 0x78, 0x00, 0x8f,
  0x00, 0x78, 0x00, 0x90, 0x00, 0x78, 0x00, 0x91, 0x00, 0x78, 0x00, 0x92,
  0x00, 0x78, 0x00, 0x93, 0x00, 0x78, 0x00, 0x9a, 0x00, 0x78, 0x00, 0xe4,
  0x00, 0x96, 0x01, 0x0c, 0x00, 0x96, 0x01, 0x0d, 0x00, 0x96, 0x01, 0x0e,
  0x00, 0x96, 0x01, 0x1f, 0x00, 0x32, 0x01, 0x22, 0x00, 0x96, 0x01, 0x23,
  0x00, 0x96, 0x01, 0x25, 0x00, 0x96, 0x01, 0x54, 0x00, 0x96, 0x01, 0x62,
  0x00, 0x96, 0x01, 0x63, 0x00, 0x50, 0x00, 0x01, 0x01, 0xb8, 0x00, 0x32,
  0x00, 0x0c, 0x00, 0x45, 0x00, 0x78, 0x00, 0xe4, 0x00, 0x78, 0x01, 0x0c,
  0x00, 0x78, 0x01, 0x0d, 0x00, 0x78, 0x01, 0x0e, 0x00, 0x78, 0x01, 0x1f,
  0x00, 0x32, 0x01, 0x22, 0x00, 0x78, 0x01, 0x23, 0x00, 0x78, 0x01, 0x25,
  0x00, 0x78, 0x01, 0x54, 0x00, 0x78, 0x01, 0x62, 0x00, 0x78, 0x01, 0x63,
  0x00, 0x50, 0x00, 0x03, 0x00, 0x45, 0x00, 0x78, 0x01, 0x1f, 0x00, 0x32,
  0x01, 0x63, 0x00, 0x50, 0x00, 0x01, 0x01, 0xb8, 0xff, 0xf1, 0x00, 0x03,
  0x01, 0x9e, 0xff, 0xe2, 0x01, 0xa1, 0x00, 0x1e, 0x01, 0xa2, 0xff, 0xf1,
  0x00, 0x03, 0x01, 0x9e, 0xff, 0xdd, 0x01, 0xa1, 0x00, 0x32, 0x01, 0xa2,
  0xff, 0xe7, 0x00, 0x01, 0x01, 0x9e, 0xff, 0xf1, 0x00, 0x02, 0x01, 0x9e,
  0xff, 0xe2, 0x01, 0xa1, 0x00, 0x1e, 0x00, 0x03, 0x01, 0x9e, 0xff, 0xe2,
  0x01, 0xa1, 0x00, 0x32, 0x01, 0xa2, 0xff, 0xe7, 0x00, 0x03, 0x01, 0x9c,
  0xff, 0xf6, 0x01, 0x9e, 0x00, 0x14, 0x01, 0x9f, 0xff, 0xf6, 0x00, 0x01,
  0x01, 0x9c, 0xff, 0xf6, 0x00, 0x04, 0x01, 0x9b, 0xff, 0xba, 0x01, 0x9d,
  0xff, 0xf6, 0x01, 0x9f, 0xff, 0xe7, 0x01, 0xa1, 0xff, 0xbf, 0x00, 0x03,
  0x01, 0x9b, 0xff, 0xf1, 0x01, 0x9d, 0xff, 0xf6, 0x01, 0x9f, 0xff, 0xf6,
  0x00, 0x02, 0x01, 0x9c, 0xff, 0xf6, 0x01, 0x9e, 0xff, 0xf6, 0x00, 0x02,
  0x01, 0x9b, 0xff, 0xe7, 0x01, 0x9e, 0xff, 0xec, 0x00, 0x01, 0x01, 0x9b,
  0xff, 0xf6, 0x00, 0x04, 0x01, 0x9b, 0xff, 0xe7, 0x01, 0x9d, 0xff, 0xf1,
  0x01, 0x9e, 0xff, 0xec, 0x01, 0x9f, 0xff, 0xec, 0x00, 0x05, 0x01, 0x9b,
  0xff, 0xf6, 0x01, 0x9c, 0xff, 0xf6, 0x01, 0x9d, 0xff, 0xf6, 0x01, 0x9e,
  0x00, 0x0a, 0x01, 0x9f, 0xff, 0xf6, 0x00, 0x04, 0x01, 0x9b, 0x00, 0x0f,
  0x01, 0x9c, 0xff, 0xf1, 0x01, 0x9d, 0xff, 0xf6, 0x01, 0x9f, 0xff, 0xf6,
  0x00, 0x04, 0x01, 0x9b, 0xff, 0xf1, 0x01, 0x9c, 0xff, 0xf6, 0x01, 0x9f,
  0xff, 0xf6, 0x01, 0xb8, 0xff, 0xf6, 0x00, 0x05, 0x01, 0x9b, 0xff, 0xe7,
  0x01, 0x9c, 0xff, 0xf6, 0x01, 0x9d, 0xff, 0xf6, 0x01, 0x9e, 0xff, 0xf6,
  0x01, 0x9f, 0xff, 0xf1, 0x00, 0x02, 0x01, 0x9b, 0xff, 0xc4, 0x01, 0x9f,
  0xff, 0xf1, 0x00, 0x00, 0x00, 0x02, 0x00, 0x96, 0xfe, 0x70, 0x03, 0xec,
  0x06, 0x73, 0x00, 0x03, 0x00, 0x07, 0x00, 0x2a, 0x40, 0x27, 0x00, 0x00,
  0x00, 0x03, 0x02, 0x00, 0x03, 0x67, 0x00, 0x02, 0x01, 0x01, 0x02, 0x57,
  0x00, 0x02, 0x02, 0x01, 0x5f, 0x04, 0x01, 0x01, 0x02, 0x01, 0x4f, 0x00,
  0x00, 0x07, 0x06, 0x05, 0x04, 0x00, 0x03, 0x00, 0x03, 0x11, 0x05, 0x06,
  0x17, 0x2b, 0x13, 0x11, 0x21, 0x11, 0x25, 0x21, 0x11, 0x21, 0x96, 0x03,
  0x56, 0xfd, 0x44, 0x02, 0x22, 0xfd, 0xde, 0xfe, 0x70, 0x08, 0x03, 0xf7,
  0xfd, 0x7a, 0x07, 0x0f, 0x00, 0x02, 0x00, 0x28, 0x00, 0x00, 0x05, 0x38,
  0x05, 0xa1, 0x00, 0x07, 0x00, 0x0a, 0x00, 0x4d, 0xb5, 0x0a, 0x01, 0x04,
  0x00, 0x01, 0x4c, 0x4b, 0xb0, 0x29, 0x50, 0x58, 0x40, 0x15, 0x00, 0x04,
  0x00, 0x02, 0x01, 0x04, 0x02, 0x68, 0x00, 0x00, 0x00, 0x1e, 0x4d, 0x05,
  0x03, 0x02, 0x01, 0x01, 0x1f, 0x01, 0x4e, 0x1b, 0x40, 0x15, 0x00, 0x04,
  0x00, 0x02, 0x01, 0x04, 0x02, 0x68, 0x00, 0x00, 0x00, 0x1e, 0x4d, 0x05,
  0x03, 0x02, 0x01, 0x01, 0x22, 0x01, 0x4e, 0x59, 0x40, 0x0e, 0x00, 0x00,
  0x09, 0x08, 0x00, 0x07, 0x00, 0x07, 0x11, 0x11, 0x11, 0x06, 0x08, 0x19,
  0x2b, 0x33, 0x01, 0x33, 0x01, 0x23, 0x03, 0x21, 0x03, 0x13, 0x21, 0x01,
  0x28, 0x02, 0x20, 0xc9, 0x02, 0x27, 0xb0, 0x89, 0xfd, 0x62, 0x88, 0xb7,
  0x02, 0x3f, 0xfe, 0xde, 0x05, 0xa1, 0xfa, 0x5f, 0x01, 0x69, 0xfe, 0x97,
  0x01, 0xf6, 0x03, 0x18, 0xff, 0xff, 0x00, 0x28, 0x00, 0x00, 0x05, 0x38,
  0x07, 0x64, 0x02, 0x26, 0x00, 0x01, 0x00, 0x00, 0x01, 0x07, 0x02, 0x27,
  0x01, 0x1b, 0x01, 0xae, 0x00, 0x09, 0xb1, 0x02, 0x01, 0xb8, 0x01, 0xae,
  0xb0, 0x35, 0x2b, 0x00, 0xff, 0xff, 0x00, 0x28, 0x00, 0x00, 0x05, 0x38,
  0x07, 0x6b, 0x02, 0x26, 0x00, 0x01, 0x00, 0x00, 0x01, 0x07, 0x02, 0x2c,
  0x01, 0x1b, 0x01, 0xae, 0x00, 0x09, 0xb1, 0x02, 0x01, 0xb8, 0x01, 0xae,
  0xb0, 0x35, 0x2b, 0x00, 0xff, 0xff, 0x00, 0x28, 0x00, 0x00, 0x05, 0x38,
  0x08, 0x90, 0x02, 0x26, 0x00, 0x01, 0x00, 0x00, 0x00, 0x27, 0x02, 0x2c,
  0x01, 0x1b, 0x01, 0xae, 0x01, 0x07, 0x02, 0x27, 0x01, 0x1b, 0x02, 0xda,
  0x00, 0x12, 0xb1, 0x02, 0x01, 0xb8, 0x01, 0xae, 0xb0, 0x35, 0x2b, 0xb1,
  0x03, 0x01, 0xb8, 0x02, 0xda, 0xb0, 0x35, 0x2b, 0xff, 0xff, 0x00, 0x28,
  0xfe, 0x77, 0x05, 0x38, 0x07, 0x6b, 0x02, 0x26, 0x00, 0x01, 0x00, 0x00,
  0x00, 0x27, 0x02, 0x35, 0x01, 0x1b, 0x00, 0x00, 0x01, 0x07, 0x02, 0x2c,
  0x01, 0x1b, 0x01, 0xae, 0x00, 0x09, 0xb1, 0x03, 0x01, 0xb8, 0x01, 0xae,
  0xb0, 0x35, 0x2b, 0x00, 0xff, 0xff, 0x00, 0x28, 0x00, 0x00, 0x05, 0x38,
  0x08, 0x90, 0x02, 0x26, 0x00, 0x01, 0x00, 0x00, 0x00, 0x27, 0x02, 0x2c,
  0x01, 0x1b, 0x01, 0xae, 0x01, 0x07, 0x02, 0x26, 0x01, 0x1b, 0x02, 0xda,
  0x00, 0x12, 0xb1, 0x02, 0x01, 0xb8, 0x01, 0xae, 0xb0, 0x35, 0x2b, 0xb1,
  0x03, 0x01, 0xb8, 0x02, 0xda, 0xb0, 0x35, 0x2b, 0xff, 0xff, 0x00, 0x28,
  0x00, 0x00, 0x05, 0x38, 0x08, 0xec, 0x02, 0x26, 0x00, 0x01, 0x00, 0x00,
  0x00, 0x27, 0x02, 0x2c, 0x01, 0x1b, 0x01, 0xae, 0x01, 0x07, 0x02, 0x30,
  0x01, 0x1b, 0x02, 0xda, 0x00, 0x12, 0xb1, 0x02, 0x01, 0xb8, 0x01, 0xae,
  0xb0, 0x35, 0x2b, 0xb1, 0x03, 0x01, 0xb8, 0x02, 0xda, 0xb0, 0x35, 0x2b,
  0xff, 0xff, 0x00, 0x28, 0x00, 0x00, 0x05, 0x38, 0x08, 0x76, 0x02, 0x26,
  0x00, 0x01, 0x00, 0x00, 0x00, 0x27, 0x02, 0x2c, 0x01, 0x1b, 0x01, 0xae,
  0x01, 0x07, 0x02, 0x2e, 0x01, 0x2f, 0x03, 0x02, 0x00, 0x12, 0xb1, 0x02,
  0x01, 0xb8, 0x01, 0xae, 0xb0, 0x35, 0x2b, 0xb1, 0x03, 0x01, 0xb8, 0x03,
  0x02, 0xb0, 0x35, 0x2b, 0xff, 0xff, 0x00, 0x28, 0x00, 0x00, 0x05, 0x38,
  0x07, 0x83, 0x02, 0x26, 0x00, 0x01, 0x00, 0x00, 0x01, 0x07, 0x02, 0x2a,
  0x01, 0x1b, 0x01, 0xae, 0x00, 0x09, 0xb1, 0x02, 0x01, 0xb8, 0x01, 0xae,
  0xb0, 0x35, 0x2b, 0x00, 0xff, 0xff, 0x00, 0x28, 0x00, 0x00, 0x05, 0x38,
  0x08, 0x90, 0x02, 0x26, 0x00, 0x01, 0x00, 0x00, 0x00, 0x27, 0x02, 0x2a,
  0x01, 0x1b, 0x01, 0xae, 0x01, 0x07, 0x02, 0x27, 0x01, 0xf3, 0x02, 0xda,
  0x00, 0x12, 0xb1, 0x02, 0x01, 0xb8, 0x01, 0xae, 0xb0, 0x35, 0x2b, 0xb1,
  0x03, 0x01, 0xb8, 0x02, 0xda, 0xb0, 0x35, 0x2b, 0xff, 0xff, 0x00, 0x28,
  0xfe, 0x77, 0x05, 0x38, 0x07, 0x83, 0x02, 0x26, 0x00, 0x01, 0x00, 0x00,
  0x00, 0x27, 0x02, 0x35, 0x01, 0x1b, 0x00, 0x00, 0x01, 0x07, 0x02, 0x2a,
  0x01, 0x1b, 0x01, 0xae, 0x00, 0x09, 0xb1, 0x03, 0x01, 0xb8, 0x01, 0xae,
  0xb0, 0x35, 0x2b, 0x00, 0xff, 0xff, 0x00, 0x28, 0x00, 0x00, 0x05, 0x38,
  0x08, 0x90, 0x02, 0x26, 0x00, 0x01, 0x00, 0x00, 0x00, 0x27, 0x02, 0x2a,
  0x01, 0x1b, 0x01, 0xae, 0x01, 0x07, 0x02, 0x26, 0x01, 0xf3, 0x02, 0xda,
  0x00, 0x12, 0xb1, 0x02, 0x01, 0xb8, 0x01, 0xae, 0xb0, 0x35, 0x2b, 0xb1,
  0x03, 0x01, 0xb8, 0x02, 0xda, 0xb0, 0x35, 0x2b, 0xff, 0xff, 0x00, 0x28,
  0x00, 0x00, 0x05, 0x38, 0x08, 0xec, 0x02, 0x26, 0x00, 0x01, 0x00, 0x00,
  0x00, 0x27, 0x02, 0x2a, 0x01, 0x1b, 0x01, 0xae, 0x01, 0x07, 0x02, 0x30,
  0x01, 0xf3, 0x02, 0xda, 0x00, 0x12, 0xb1, 0x02, 0x01, 0xb8, 0x01, 0xae,
  0xb0, 0x35, 0x2b, 0xb1, 0x03, 0x01, 0xb8, 0x02, 0xda, 0xb0, 0x35, 0x2b,
  0xff, 0xff, 0x00, 0x28, 0x00, 0x00, 0x05, 0x38, 0x08, 0x76, 0x02, 0x26,
  0x00, 0x01, 0x00, 0x00, 0x00, 0x27, 0x02, 0x2a, 0x01, 0x1b, 0x01, 0xae,
  0x01, 0x07, 0x02, 0x2e, 0x01, 0x1b, 0x03, 0x02, 0x00, 0x12, 0xb1, 0x02,
  0x01, 0xb8, 0x01, 0xae, 0xb0, 0x35, 0x2b, 0xb1, 0x03, 0x01, 0xb8, 0x03,
  0x02, 0xb0, 0x35, 0x2b, 0xff, 0xff, 0x00, 0x28, 0x00, 0x00, 0x05, 0x38,
  0x07, 0x64, 0x02, 0x26, 0x00, 0x01, 0x00, 0x00, 0x01, 0x07, 0x02, 0x31,
  0x01, 0x1b, 0x01, 0xae, 0x00, 0x09, 0xb1, 0x02, 0x02, 0xb8, 0x01, 0xae,
  0xb0, 0x35, 0x2b, 0x00, 0xff, 0xff, 0x00, 0x28, 0x00, 0x00, 0x05, 0x38,
  0x07, 0x1c, 0x02, 0x26, 0x00, 0x01, 0x00, 0x00, 0x01, 0x07, 0x02, 0x24,
  0x01, 0x1b, 0x01, 0xae, 0x00, 0x09, 0xb1, 0x02, 0x02, 0xb8, 0x01, 0xae,
  0xb0, 0x35, 0x2b, 0x00, 0xff, 0xff, 0x00, 0x28, 0xfe, 0x77, 0x05, 0x38,
  0x05, 0xa1, 0x02, 0x26, 0x00, 0x01, 0x00, 0x00, 0x00, 0x07, 0x02, 0x35,
  0x01, 0x1b, 0x00, 0x00, 0xff, 0xff, 0x00, 0x28, 0x00, 0x00, 0x05, 0x38,
  0x07, 0x64, 0x02, 0x26, 0x00, 0x01, 0x00, 0x00, 0x01, 0x07, 0x02, 0x26,
  0x01, 0x1b, 0x01, 0xae, 0x00, 0x09, 0xb1, 0x02, 0x01, 0xb8, 0x01, 0xae,
  0xb0, 0x35, 0x2b, 0x00, 0xff, 0xff, 0x00, 0x28, 0x00, 0x00, 0x05, 0x38,
  0x07, 0xc0, 0x02, 0x26, 0x00, 0x01, 0x00, 0x00, 0x01, 0x07, 0x02, 0x30,
  0x01, 0x1b, 0x01, 0xae, 0x00, 0x09, 0xb1, 0x02, 0x01, 0xb8, 0x01, 0xae,
  0xb0, 0x35, 0x2b, 0x00, 0xff, 0xff, 0x00, 0x28, 0x00, 0x00, 0x05, 0x38,
  0x07, 0x6b, 0x02, 0x26, 0x00, 0x01, 0x00, 0x00, 0x01, 0x07, 0x02, 0x32,
  0x01, 0x1b, 0x01, 0xae, 0x00, 0x09, 0xb1, 0x02, 0x01, 0xb8, 0x01, 0xae,
  0xb0, 0x35, 0x2b, 0x00, 0xff, 0xff, 0x00, 0x28, 0x00, 0x00, 0x05, 0x38,
  0x06, 0xe4, 0x02, 0x26, 0x00, 0x01, 0x00, 0x00, 0x01, 0x07, 0x02, 0x2f,
  0x01, 0x1b, 0x01, 0xae, 0x00, 0x09, 0xb1, 0x02, 0x01, 0xb8, 0x01, 0xae,
  0xb0, 0x35, 0x2b, 0x00, 0xff, 0xff, 0x00, 0x28, 0xfe, 0x9a, 0x05, 0x58,
  0x05, 0xa1, 0x02, 0x26, 0x00, 0x01, 0x00, 0x00, 0x01, 0x07, 0x02, 0x39,
  0x03, 0x40, 0x00, 0x01, 0x00, 0x08, 0xb1, 0x02, 0x01, 0xb0, 0x01, 0xb0,
  0x35, 0x2b, 0x00, 0x00, 0xff, 0xff, 0x00, 0x28, 0x00, 0x00, 0x05, 0x38,
  0x06, 0xff, 0x02, 0x26, 0x00, 0x01, 0x00, 0x00, 0x01, 0x07, 0x02, 0x2d,
  0x01, 0x16, 0x00, 0xe6, 0x00, 0x08, 0xb1, 0x02, 0x02, 0xb0, 0xe6, 0xb0,
  0x35, 0x2b, 0x00, 0x00, 0xff, 0xff, 0x00, 0x28, 0x00, 0x00, 0x05, 0x38,
  0x07, 0xdc, 0x02, 0x26, 0x00, 0x01, 0x00, 0x00, 0x00, 0x27, 0x02, 0x2d,
  0x01, 0x16, 0x00, 0xe6, 0x01, 0x07, 0x02, 0x27, 0x01, 0x19, 0x02, 0x26,
  0x00, 0x11, 0xb1, 0x02, 0x02, 0xb0, 0xe6, 0xb0, 0x35, 0x2b, 0xb1, 0x04,
  0x01, 0xb8, 0x02, 0x26, 0xb0, 0x35, 0x2b, 0x00, 0xff, 0xff, 0x00, 0x28,
  0x00, 0x00, 0x05, 0x38, 0x07, 0x22, 0x02, 0x26, 0x00, 0x01, 0x00, 0x00,
  0x01, 0x07, 0x02, 0x2e, 0x01, 0x1b, 0x01, 0xae, 0x00, 0x09, 0xb1, 0x02,
  0x01, 0xb8, 0x01, 0xae, 0xb0, 0x35, 0x2b, 0x00, 0x00, 0x02, 0x00, 0x0a,
  0x00, 0x00, 0x07, 0xbc, 0x05, 0xa1, 0x00, 0x0f, 0x00, 0x12, 0x00, 0x6d,
  0xb5, 0x12, 0x01, 0x06, 0x05, 0x01, 0x4c, 0x4b, 0xb0, 0x29, 0x50, 0x58,
  0x40, 0x26, 0x00, 0x06, 0x00, 0x07, 0x08, 0x06, 0x07, 0x67, 0x00, 0x08,
  0x00, 0x02, 0x00, 0x08, 0x02, 0x67, 0x00, 0x05, 0x05, 0x04, 0x5f, 0x00,
  0x04, 0x04, 0x1e, 0x4d, 0x00, 0x00, 0x00, 0x01, 0x5f, 0x03, 0x01, 0x01,
  0x01, 0x1f, 0x01, 0x4e, 0x1b, 0x40, 0x26, 0x00, 0x06, 0x00, 0x07, 0x08,
  0x06, 0x07, 0x67, 0x00, 0x08, 0x00, 0x02, 0x00, 0x08, 0x02, 0x67, 0x00,
  0x05, 0x05, 0x04, 0x5f, 0x00, 0x04, 0x04, 0x1e, 0x4d, 0x00, 0x00, 0x00,
  0x01, 0x5f, 0x03, 0x01, 0x01, 0x01, 0x22, 0x01, 0x4e, 0x59, 0x40, 0x0c,
  0x11, 0x11, 0x11, 0x11, 0x11, 0x11, 0x11, 0x11, 0x10, 0x09, 0x08, 0x1f,
  0x2b, 0x25, 0x21, 0x15, 0x21, 0x11, 0x21, 0x01, 0x23, 0x01, 0x21, 0x15,
  0x21, 0x11, 0x21, 0x15, 0x21, 0x05, 0x21, 0x11, 0x04, 0xe3, 0x02, 0xd9,
  0xfc, 0x79, 0xfd, 0xa3, 0xfe, 0xf7, 0xc5, 0x04, 0x2b, 0x03, 0x84, 0xfd,
  0x2a, 0x02, 0x60, 0xfd, 0xa0, 0xfd, 0x5c, 0x01, 0xf6, 0x98, 0x98, 0x01,
  0x69, 0xfe, 0x97, 0x05, 0xa1, 0x98, 0xfe, 0x32, 0x96, 0xaf, 0x02, 0xac,
  0xff, 0xff, 0x00, 0x0a, 0x00, 0x00, 0x07, 0xbc, 0x07, 0x64, 0x02, 0x26,
  0x00, 0x1a, 0x00, 0x00, 0x01, 0x07, 0x02, 0x27, 0x03, 0x33, 0x01, 0xae,
  0x00, 0x09, 0xb1, 0x02, 0x01, 0xb8, 0x01, 0xae, 0xb0, 0x35, 0x2b, 0x00,
  0x00, 0x03, 0x00, 0xdc, 0x00, 0x00, 0x04, 0xf5, 0x05, 0xa1, 0x00, 0x0e,
  0x00, 0x17, 0x00, 0x20, 0x00, 0x63, 0xb5, 0x08, 0x01, 0x05, 0x02, 0x01,
  0x4c, 0x4b, 0xb0, 0x29, 0x50, 0x58, 0x40, 0x1e, 0x00, 0x02, 0x00, 0x05,
  0x04, 0x02, 0x05, 0x67, 0x00, 0x03, 0x03, 0x00, 0x5f, 0x00, 0x00, 0x00,
  0x1e, 0x4d, 0x00, 0x04, 0x04, 0x01, 0x5f, 0x06, 0x01, 0x01, 0x01, 0x1f,
  0x01, 0x4e, 0x1b, 0x40, 0x1e, 0x00, 0x02, 0x00, 0x05, 0x04, 0x02, 0x05,
  0x67, 0x00, 0x03, 0x03, 0x00, 0x5f, 0x00, 0x00, 0x00, 0x1e, 0x4d, 0x00,
  0x04, 0x04, 0x01, 0x5f, 0x06, 0x01, 0x01, 0x01, 0x22, 0x01, 0x4e, 0x59,
  0x40, 0x12, 0x00, 0x00, 0x20, 0x1e, 0x1a, 0x18, 0x17, 0x15, 0x11, 0x0f,
  0x00, 0x0e, 0x00, 0x0d, 0x21, 0x07, 0x08, 0x17, 0x2b, 0x33, 0x11, 0x21,
  0x32, 0x16, 0x15, 0x14, 0x06, 0x07, 0x16, 0x16, 0x15, 0x14, 0x06, 0x21,
  0x01, 0x21, 0x32, 0x36, 0x35, 0x34, 0x26, 0x23, 0x21, 0x11, 0x21, 0x32,
  0x36, 0x35, 0x34, 0x26, 0x23, 0x21, 0xdc, 0x01, 0xe9, 0xfb, 0xee, 0x6a,
  0x7d, 0x9a, 0x94, 0xea, 0xfe, 0xff, 0xfe, 0x7c, 0x01, 0x6a, 0x8c, 0x85,
  0x8a, 0xa7, 0xfe, 0xb6, 0x01, 0x83, 0xb3, 0x8c, 0xa1, 0xb7, 0xfe, 0x96,
  0x05, 0xa1, 0x97, 0xc0, 0x8c, 0x9d, 0x1f, 0x19, 0xb5, 0xa3, 0xcb, 0xc6,
  0x03, 0x41, 0x71, 0x85, 0x7a, 0x5d, 0xfb, 0x84, 0x71, 0x97, 0x98, 0x81,
  0x00, 0x01, 0x00, 0x7d, 0xff, 0xd9, 0x05, 0x3f, 0x05, 0xc0, 0x00, 0x1b,
  0x00, 0x8a, 0x4b, 0xb0, 0x29, 0x50, 0x58, 0x40, 0x24, 0x00, 0x03, 0x04,
  0x00, 0x04, 0x03, 0x00, 0x80, 0x00, 0x00, 0x05, 0x04, 0x00, 0x05, 0x7e,
  0x00, 0x04, 0x04, 0x02, 0x61, 0x00, 0x02, 0x02, 0x24, 0x4d, 0x00, 0x05,
  0x05, 0x01, 0x61, 0x00, 0x01, 0x01, 0x25, 0x01, 0x4e, 0x1b, 0x4b, 0xb0,
  0x2b, 0x50, 0x58, 0x40, 0x24, 0x00, 0x03, 0x04, 0x00, 0x04, 0x03, 0x00,
  0x80, 0x00, 0x00, 0x05, 0x04, 0x00, 0x05, 0x7e, 0x00, 0x04, 0x04, 0x02,
  0x61, 0x00, 0x02, 0x02, 0x24, 0x4d, 0x00, 0x05, 0x05, 0x01, 0x61, 0x00,
  0x01, 0x01, 0x28, 0x01, 0x4e, 0x1b, 0x40, 0x22, 0x00, 0x03, 0x04, 0x00,
  0x04, 0x03, 0x00, 0x80, 0x00, 0x00, 0x05, 0x04, 0x00, 0x05, 0x7e, 0x00,
  0x02, 0x00, 0x04, 0x03, 0x02, 0x04, 0x69, 0x00, 0x05, 0x05, 0x01, 0x61,
  0x00, 0x01, 0x01, 0x28, 0x01, 0x4e, 0x59, 0x59, 0x40, 0x09, 0x26, 0x22,
  0x12, 0x24, 0x22, 0x10, 0x06, 0x08, 0x1c, 0x2b, 0x01, 0x33, 0x16, 0x04,
  0x21, 0x20, 0x00, 0x11, 0x10, 0x00, 0x21, 0x20, 0x04, 0x07, 0x23, 0x34,
  0x26, 0x23, 0x22, 0x06, 0x02, 0x15, 0x14, 0x12, 0x16, 0x33, 0x32, 0x36,
  0x04, 0x93, 0xa9, 0x03, 0xfe, 0xd8, 0xfe, 0xeb, 0xfe, 0xb7, 0xfe, 0xc4,
  0x01, 0x48, 0x01, 0x55, 0x01, 0x09, 0x01, 0x1c, 0x03, 0xa9, 0xc4, 0xb5,
  0xb0, 0xd7, 0x62, 0x5b, 0xca, 0xa5, 0xc4, 0xd4, 0x01, 0x90, 0xd3, 0xe4,
  0x01, 0x6e, 0x01, 0x7e, 0x01, 0x83, 0x01, 0x78, 0xe4, 0xd3, 0x8b, 0x96,
  0x79, 0xfe, 0xf4, 0xdb, 0xd9, 0xfe, 0xf6, 0x79, 0x97, 0x00, 0xff, 0xff,
  0x00, 0x7d, 0xff, 0xd9, 0x05, 0x3f, 0x07, 0x64, 0x02, 0x26, 0x00, 0x1d,
  0x00, 0x00, 0x01, 0x07, 0x02, 0x27, 0x01, 0x69, 0x01, 0xae, 0x00, 0x09,
  0xb1, 0x01, 0x01, 0xb8, 0x01, 0xae, 0xb0, 0x35, 0x2b, 0x00, 0xff, 0xff,
  0x00, 0x7d, 0xff, 0xd9, 0x05, 0x3f, 0x07, 0x83, 0x02, 0x26, 0x00, 0x1d,
  0x00, 0x00, 0x01, 0x07, 0x02, 0x2b, 0x01, 0x69, 0x01, 0xae, 0x00, 0x09,
  0xb1, 0x01, 0x01, 0xb8, 0x01, 0xae, 0xb0, 0x35, 0x2b, 0x00, 0xff, 0xff,
  0x00, 0x7d, 0xfe, 0x63, 0x05, 0x3f, 0x05, 0xc0, 0x02, 0x26, 0x00, 0x1d,
  0x00, 0x00, 0x01, 0x07, 0x02, 0x38, 0x01, 0x72, 0xff, 0xec, 0x00, 0x09,
  0xb1, 0x01, 0x01, 0xb8, 0xff, 0xec, 0xb0, 0x35, 0x2b, 0x00, 0xff, 0xff,
  0x00, 0x7d, 0xff, 0xd9, 0x05, 0x3f, 0x07, 0x83, 0x02, 0x26, 0x00, 0x1d,
  0x00, 0x00, 0x01, 0x07, 0x02, 0x2a, 0x01, 0x69, 0x01, 0xae, 0x00, 0x09,
  0xb1, 0x01, 0x01, 0xb8, 0x01, 0xae, 0xb0, 0x35, 0x2b, 0x00, 0xff, 0xff,
  0x00, 0x7d, 0xff, 0xd9, 0x05, 0x3f, 0x07, 0x34, 0x02, 0x26, 0x00, 0x1d,
  0x00, 0x00, 0x01, 0x07, 0x02, 0x25, 0x01, 0x69, 0x01, 0xae, 0x00, 0x09,
  0xb1, 0x01, 0x01, 0xb8, 0x01, 0xae, 0xb0, 0x35, 0x2b, 0x00, 0x00, 0x02,
  0x00, 0xdc, 0x00, 0x00, 0x05, 0x52, 0x05, 0xa1, 0x00, 0x08, 0x00, 0x13,
  0x00, 0x4f, 0x4b, 0xb0, 0x29, 0x50, 0x58, 0x40, 0x17, 0x05, 0x01, 0x02,
  0x02, 0x01, 0x5f, 0x00, 0x01, 0x01, 0x1e, 0x4d, 0x00, 0x03, 0x03, 0x00,
  0x5f, 0x04, 0x01, 0x00, 0x00, 0x1f, 0x00, 0x4e, 0x1b, 0x40, 0x17, 0x05,
  0x01, 0x02, 0x02, 0x01, 0x5f, 0x00, 0x01, 0x01, 0x1e, 0x4d, 0x00, 0x03,
  0x03, 0x00, 0x5f, 0x04, 0x01, 0x00, 0x00, 0x22, 0x00, 0x4e, 0x59, 0x40,
  0x13, 0x0a, 0x09, 0x01, 0x00, 0x0d, 0x0b, 0x09, 0x13, 0x0a, 0x13, 0x04,
  0x02, 0x00, 0x08, 0x01, 0x08, 0x06, 0x08, 0x16, 0x2b, 0x21, 0x21, 0x11,
  0x21, 0x20, 0x00, 0x11, 0x10, 0x00, 0x01, 0x21, 0x11, 0x21, 0x32, 0x36,
  0x36, 0x35, 0x34, 0x26, 0x26, 0x02, 0xb6, 0xfe, 0x26, 0x01, 0xde, 0x01,
  0x53, 0x01, 0x45, 0xfe, 0xb9, 0xfe, 0xa0, 0xfe, 0xdf, 0x01, 0x33, 0xae,
  0xd4, 0x60, 0x5c, 0xda, 0x05, 0xa1, 0xfe, 0xa3, 0xfe, 0x93, 0xfe, 0x8e,
  0xfe, 0x9b, 0x05, 0x09, 0xfb, 0x8f, 0x72, 0xfc, 0xcd, 0xd7, 0xf7, 0x68,
  0xff, 0xff, 0x00, 0xdc, 0x00, 0x00, 0x0a, 0x43, 0x07, 0x83, 0x00, 0x26,
  0x00, 0x23, 0x00, 0x00, 0x00, 0x27, 0x00, 0xc5, 0x05, 0xca, 0x00, 0x00,
  0x01, 0x07, 0x02, 0x2b, 0x06, 0x9f, 0x01, 0xae, 0x00, 0x09, 0xb1, 0x03,
  0x01, 0xb8, 0x01, 0xae, 0xb0, 0x35, 0x2b, 0x00, 0x00, 0x02, 0x00, 0x3f,
  0x00, 0x00, 0x05, 0x66, 0x05, 0xa1, 0x00, 0x0c, 0x00, 0x1b, 0x00, 0x57,
  0x4b, 0xb0, 0x29, 0x50, 0x58, 0x40, 0x1f, 0x06, 0x01, 0x00, 0x07, 0x01,
  0x03, 0x04, 0x00, 0x03, 0x67, 0x00, 0x05, 0x05, 0x01, 0x5f, 0x00, 0x01,
  0x01, 0x1e, 0x4d, 0x00, 0x04, 0x04, 0x02, 0x5f, 0x00, 0x02, 0x02, 0x1f,
  0x02, 0x4e, 0x1b, 0x40, 0x1f, 0x06, 0x01, 0x00, 0x07, 0x01, 0x03, 0x04,
  0x00, 0x03, 0x67, 0x00, 0x05, 0x05, 0x01, 0x5f, 0x00, 0x01, 0x01, 0x1e,
  0x4d, 0x00, 0x04, 0x04, 0x02, 0x5f, 0x00, 0x02, 0x02, 0x22, 0x02, 0x4e,
  0x59, 0x40, 0x0b, 0x11, 0x11, 0x26, 0x21, 0x11, 0x24, 0x21, 0x10, 0x08,
  0x08, 0x1e, 0x2b, 0x13, 0x33, 0x11, 0x21, 0x20, 0x00, 0x11, 0x10, 0x00,
  0x21, 0x21, 0x11, 0x23, 0x01, 0x21, 0x32, 0x36, 0x36, 0x35, 0x34, 0x26,
  0x26, 0x23, 0x21, 0x11, 0x33, 0x15, 0x23, 0x3f, 0xb1, 0x01, 0xde, 0x01,
  0x53, 0x01, 0x45, 0xfe, 0xb9, 0xfe, 0xab, 0xfe, 0x26, 0xb1, 0x01, 0x5f,
  0x01, 0x33, 0xae, 0xd4, 0x60, 0x5c, 0xda, 0xbe, 0xfe, 0xdf, 0xf9, 0xf9,
  0x03, 0x2a, 0x02, 0x77, 0xfe, 0xa3, 0xfe, 0x93, 0xfe, 0x8e, 0xfe, 0x9b,
  0x02, 0x91, 0xfe, 0x07, 0x72, 0xfc, 0xcd, 0xd7, 0xf7, 0x68, 0xfe, 0x21,
  0x99, 0x00, 0xff, 0xff, 0x00, 0xdc, 0x00, 0x00, 0x05, 0x52, 0x07, 0x83,
  0x02, 0x26, 0x00, 0x23, 0x00, 0x00, 0x01, 0x07, 0x02, 0x2b, 0x01, 0x35,
  0x01, 0xae, 0x00, 0x09, 0xb1, 0x02, 0x01, 0xb8, 0x01, 0xae, 0xb0, 0x35,
  0x2b, 0x00, 0x00, 0x02, 0x00, 0x40, 0x00, 0x00, 0x05, 0x52, 0x05, 0xa1,
  0x00, 0x0c, 0x00, 0x1b, 0x00, 0x65, 0x4b, 0xb0, 0x29, 0x50, 0x58, 0x40,
  0x20, 0x06, 0x01, 0x02, 0x07, 0x01, 0x01, 0x04, 0x02, 0x01, 0x67, 0x00,
  0x05, 0x05, 0x03, 0x5f, 0x00, 0x03, 0x03, 0x1e, 0x4d, 0x00, 0x04, 0x04,
  0x00, 0x5f, 0x08, 0x01, 0x00, 0x00, 0x1f, 0x00, 0x4e, 0x1b, 0x40, 0x20,
  0x06, 0x01, 0x02, 0x07, 0x01, 0x01, 0x04, 0x02, 0x01, 0x67, 0x00, 0x05,
  0x05, 0x03, 0x5f, 0x00, 0x03, 0x03, 0x1e, 0x4d, 0x00, 0x04, 0x04, 0x00,
  0x5f, 0x08, 0x01, 0x00, 0x00, 0x22, 0x00, 0x4e, 0x59, 0x40, 0x17, 0x01,
  0x00, 0x1b, 0x1a, 0x19, 0x18, 0x17, 0x15, 0x0f, 0x0d, 0x08, 0x06, 0x05,
  0x04, 0x03, 0x02, 0x00, 0x0c, 0x01, 0x0c, 0x09, 0x08, 0x16, 0x2b, 0x21,
  0x21, 0x11, 0x23, 0x35, 0x33, 0x11, 0x21, 0x20, 0x00, 0x11, 0x10, 0x00,
  0x25, 0x21, 0x32, 0x36, 0x36, 0x35, 0x34, 0x26, 0x26, 0x23, 0x21, 0x11,
  0x21, 0x15, 0x21, 0x02, 0xb6, 0xfe, 0x26, 0x9c, 0x9c, 0x01, 0xde, 0x01,
  0x53, 0x01, 0x45, 0xfe, 0xb9, 0xfd, 0x7f, 0x01, 0x33, 0xae, 0xd4, 0x60,
  0x5c, 0xda, 0xbe, 0xfe, 0xdf, 0x01, 0x98, 0xfe, 0x68, 0x02, 0x96, 0x76,
  0x02, 0x95, 0xfe, 0xa3, 0xfe, 0x93, 0xfe, 0x8e, 0xfe, 0x9b, 0x98, 0x72,
  0xfc, 0xcd, 0xd7, 0xf7, 0x68, 0xfe, 0x03, 0x76, 0xff, 0xff, 0x00, 0xdc,
  0x00, 0x00, 0x08, 0xfb, 0x05, 0xd5, 0x00, 0x26, 0x00, 0x23, 0x00, 0x00,
  0x00, 0x27, 0x01, 0x8d, 0x05, 0xcf, 0x00, 0x00, 0x00, 0x07, 0x02, 0x2b,
  0x06, 0x09, 0x00, 0x00, 0x00, 0x01, 0x00, 0xdc, 0x00, 0x00, 0x04, 0x9f,
  0x05, 0xa1, 0x00, 0x0b, 0x00, 0x58, 0x4b, 0xb0, 0x29, 0x50, 0x58, 0x40,
  0x1e, 0x00, 0x02, 0x00, 0x03, 0x04, 0x02, 0x03, 0x67, 0x00, 0x01, 0x01,
  0x00, 0x5f, 0x00, 0x00, 0x00, 0x1e, 0x4d, 0x00, 0x04, 0x04, 0x05, 0x5f,
  0x06, 0x01, 0x05, 0x05, 0x1f, 0x05, 0x4e, 0x1b, 0x40, 0x1e, 0x00, 0x02,
  0x00, 0x03, 0x04, 0x02, 0x03, 0x67, 0x00, 0x01, 0x01, 0x00, 0x5f, 0x00,
  0x00, 0x00, 0x1e, 0x4d, 0x00, 0x04, 0x04, 0x05, 0x5f, 0x06, 0x01, 0x05,
  0x05, 0x22, 0x05, 0x4e, 0x59, 0x40, 0x0e, 0x00, 0x00, 0x00, 0x0b, 0x00,
  0x0b, 0x11, 0x11, 0x11, 0x11, 0x11, 0x07, 0x08, 0x1b, 0x2b, 0x33, 0x11,
  0x21, 0x15, 0x21, 0x11, 0x21, 0x15, 0x21, 0x11, 0x21, 0x15, 0xdc, 0x03,
  0xc0, 0xfc, 0xee, 0x02, 0x9c, 0xfd, 0x64, 0x03, 0x15, 0x05, 0xa1, 0x98,
  0xfe, 0x32, 0x96, 0xfd, 0xf3, 0x98, 0xff, 0xff, 0x00, 0xdc, 0x00, 0x00,
  0x04, 0x9f, 0x07, 0x64, 0x02, 0x26, 0x00, 0x29, 0x00, 0x00, 0x01, 0x07,
  0x02, 0x27, 0x01, 0x32, 0x01, 0xae, 0x00, 0x09, 0xb1, 0x01, 0x01, 0xb8,
  0x01, 0xae, 0xb0, 0x35, 0x2b, 0x00, 0xff, 0xff, 0x00, 0xdc, 0x00, 0x00,
  0x04, 0x9f, 0x07, 0x6b, 0x02, 0x26, 0x00, 0x29, 0x00, 0x00, 0x01, 0x07,
  0x02, 0x2c, 0x01, 0x32, 0x01, 0xae, 0x00, 0x09, 0xb1, 0x01, 0x01, 0xb8,
  0x01, 0xae, 0xb0, 0x35, 0x2b, 0x00, 0xff, 0xff, 0x00, 0xdc, 0x00, 0x00,
  0x04, 0x9f, 0x07, 0x83, 0x02, 0x26, 0x00, 0x29, 0x00, 0x00, 0x01, 0x07,
  0x02, 0x2b, 0x01, 0x32, 0x01, 0xae, 0x00, 0x09, 0xb1, 0x01, 0x01, 0xb8,
  0x01, 0xae, 0xb0, 0x35, 0x2b, 0x00, 0xff, 0xff, 0x00, 0xdc, 0x00, 0x00,
  0x04, 0x9f, 0x07, 0x83, 0x02, 0x26, 0x00, 0x29, 0x00, 0x00, 0x01, 0x07,
  0x02, 0x2a, 0x01, 0x32, 0x01, 0xae, 0x00, 0x09, 0xb1, 0x01, 0x01, 0xb8,
  0x01, 0xae, 0xb0, 0x35, 0x2b, 0x00, 0xff, 0xff, 0x00, 0xdc, 0x00, 0x00,
  0x04, 0xa4, 0x08, 0x90, 0x02, 0x26, 0x00, 0x29, 0x00, 0x00, 0x00, 0x27,
  0x02, 0x2a, 0x01, 0x32, 0x01, 0xae, 0x01, 0x07, 0x02, 0x27, 0x02, 0x0a,
  0x02, 0xda, 0x00, 0x12, 0xb1, 0x01, 0x01, 0xb8, 0x01, 0xae, 0xb0, 0x35,
  0x2b, 0xb1, 0x02, 0x01, 0xb8, 0x02, 0xda, 0xb0, 0x35, 0x2b, 0xff, 0xff,
  0x00, 0xdc, 0xfe, 0x77, 0x04, 0x9f, 0x07, 0x83, 0x02, 0x26, 0x00, 0x29,
  0x00, 0x00, 0x00, 0x27, 0x02, 0x35, 0x01, 0x32, 0x00, 0x00, 0x01, 0x07,
  0x02, 0x2a, 0x01, 0x32, 0x01, 0xae, 0x00, 0x09, 0xb1, 0x02, 0x01, 0xb8,
  0x01, 0xae, 0xb0, 0x35, 0x2b, 0x00, 0xff, 0xff, 0x00, 0xdc, 0x00, 0x00,
  0x04, 0x9f, 0x08, 0x90, 0x02, 0x26, 0x00, 0x29, 0x00, 0x00, 0x00, 0x27,
  0x02, 0x2a, 0x01, 0x32, 0x01, 0xae, 0x01, 0x07, 0x02, 0x26, 0x02, 0x0a,
  0x02, 0xda, 0x00, 0x12, 0xb1, 0x01, 0x01, 0xb8, 0x01, 0xae, 0xb0, 0x35,
  0x2b, 0xb1, 0x02, 0x01, 0xb8, 0x02, 0xda, 0xb0, 0x35, 0x2b, 0xff, 0xff,
  0x00, 0xdc, 0x00, 0x00, 0x04, 0x9f, 0x08, 0xec, 0x02, 0x26, 0x00, 0x29,
  0x00, 0x00, 0x00, 0x27, 0x02, 0x2a, 0x01, 0x32, 0x01, 0xae, 0x01, 0x07,
  0x02, 0x30, 0x02, 0x0a, 0x02, 0xda, 0x00, 0x12, 0xb1, 0x01, 0x01, 0xb8,
  0x01, 0xae, 0xb0, 0x35, 0x2b, 0xb1, 0x02, 0x01, 0xb8, 0x02, 0xda, 0xb0,
  0x35, 0x2b, 0xff, 0xff, 0x00, 0xdc, 0x00, 0x00, 0x04, 0x9f, 0x08, 0x76,
  0x02, 0x26, 0x00, 0x29, 0x00, 0x00, 0x00, 0x27, 0x02, 0x2a, 0x01, 0x32,
  0x01, 0xae, 0x01, 0x07, 0x02, 0x2e, 0x01, 0x32, 0x03, 0x02, 0x00, 0x12,
  0xb1, 0x01, 0x01, 0xb8, 0x01, 0xae, 0xb0, 0x35, 0x2b, 0xb1, 0x02, 0x01,
  0xb8, 0x03, 0x02, 0xb0, 0x35, 0x2b, 0xff, 0xff, 0x00, 0xdc, 0x00, 0x00,
  0x04, 0x9f, 0x07, 0x64, 0x02, 0x26, 0x00, 0x29, 0x00, 0x00, 0x01, 0x07,
  0x02, 0x31, 0x01, 0x32, 0x01, 0xae, 0x00, 0x09, 0xb1, 0x01, 0x02, 0xb8,
  0x01, 0xae, 0xb0, 0x35, 0x2b, 0x00, 0xff, 0xff, 0x00, 0xdc, 0x00, 0x00,
  0x04, 0x9f, 0x07, 0x1c, 0x02, 0x26, 0x00, 0x29, 0x00, 0x00, 0x01, 0x07,
  0x02, 0x24, 0x01, 0x32, 0x01, 0xae, 0x00, 0x09, 0xb1, 0x01, 0x02, 0xb8,
  0x01, 0xae, 0xb0, 0x35, 0x2b, 0x00, 0xff, 0xff, 0x00, 0xdc, 0x00, 0x00,
  0x04, 0x9f, 0x07, 0x34, 0x02, 0x26, 0x00, 0x29, 0x00, 0x00, 0x01, 0x07,
  0x02, 0x25, 0x01, 0x32, 0x01, 0xae, 0x00, 0x09, 0xb1, 0x01, 0x01, 0xb8,
  0x01, 0xae, 0xb0, 0x35, 0x2b, 0x00, 0xff, 0xff, 0x00, 0xdc, 0xfe, 0x77,
  0x04, 0x9f, 0x05, 0xa1, 0x02, 0x26, 0x00, 0x29, 0x00, 0x00, 0x00, 0x07,
  0x02, 0x35, 0x01, 0x32, 0x00, 0x00, 0xff, 0xff, 0x00, 0xdc, 0x00, 0x00,
  0x04, 0x9f, 0x07, 0x64, 0x02, 0x26, 0x00, 0x29, 0x00, 0x00, 0x01, 0x07,
  0x02, 0x26, 0x01, 0x32, 0x01, 0xae, 0x00, 0x09, 0xb1, 0x01, 0x01, 0xb8,
  0x01, 0xae, 0xb0, 0x35, 0x2b, 0x00, 0xff, 0xff, 0x00, 0xdc, 0x00, 0x00,
  0x04, 0x9f, 0x07, 0xc0, 0x02, 0x26, 0x00, 0x29, 0x00, 0x00, 0x01, 0x07,
  0x02, 0x30, 0x01, 0x32, 0x01, 0xae, 0x00, 0x09, 0xb1, 0x01, 0x01, 0xb8,
  0x01, 0xae, 0xb0, 0x35, 0x2b, 0x00, 0xff, 0xff, 0x00, 0xdc, 0x00, 0x00,
  0x04, 0x9f, 0x07, 0x6b, 0x02, 0x26, 0x00, 0x29, 0x00, 0x00, 0x01, 0x07,
  0x02, 0x32, 0x01, 0x32, 0x01, 0xae, 0x00, 0x09, 0xb1, 0x01, 0x01, 0xb8,
  0x01, 0xae, 0xb0, 0x35, 0x2b, 0x00, 0xff, 0xff, 0x00, 0xdc, 0x00, 0x00,
  0x04, 0x9f, 0x06, 0xe4, 0x02, 0x26, 0x00, 0x29, 0x00, 0x00, 0x01, 0x07,
  0x02, 0x2f, 0x01, 0x32, 0x01, 0xae, 0x00, 0x09, 0xb1, 0x01, 0x01, 0xb8,
  0x01, 0xae, 0xb0, 0x35, 0x2b, 0x00, 0xff, 0xff, 0x00, 0xdc, 0xfe, 0x9a,
  0x04, 0xb2, 0x05, 0xa1, 0x02, 0x26, 0x00, 0x29, 0x00, 0x00, 0x01, 0x07,
  0x02, 0x39, 0x02, 0x9a, 0x00, 0x01, 0x00, 0x08, 0xb1, 0x01, 0x01, 0xb0,
  0x01, 0xb0, 0x35, 0x2b, 0x00, 0x00, 0xff, 0xff, 0x00, 0xdc, 0x00, 0x00,
  0x04, 0x9f, 0x07, 0x22, 0x02, 0x26, 0x00, 0x29, 0x00, 0x00, 0x01, 0x07,
  0x02, 0x2e, 0x01, 0x32, 0x01, 0xae, 0x00, 0x09, 0xb1, 0x01, 0x01, 0xb8,
  0x01, 0xae, 0xb0, 0x35, 0x2b, 0x00, 0x00, 0x02, 0x00, 0x7d, 0xff, 0xda,
  0x05, 0x72, 0x05, 0xc0, 0x00, 0x16, 0x00, 0x1f, 0x00, 0x97, 0x4b, 0xb0,
  0x29, 0x50, 0x58, 0x40, 0x26, 0x00, 0x03, 0x02, 0x01, 0x02, 0x03, 0x01,
  0x80, 0x00, 0x01, 0x00, 0x06, 0x05, 0x01, 0x06, 0x67, 0x00, 0x02, 0x02,
  0x04, 0x61, 0x00, 0x04, 0x04, 0x24, 0x4d, 0x07, 0x01, 0x05, 0x05, 0x00,
  0x61, 0x00, 0x00, 0x00, 0x25, 0x00, 0x4e, 0x1b, 0x4b, 0xb0, 0x2b, 0x50,
  0x58, 0x40, 0x26, 0x00, 0x03, 0x02, 0x01, 0x02, 0x03, 0x01, 0x80, 0x00,
  0x01, 0x00, 0x06, 0x05, 0x01, 0x06, 0x67, 0x00, 0x02, 0x02, 0x04, 0x61,
  0x00, 0x04, 0x04, 0x24, 0x4d, 0x07, 0x01, 0x05, 0x05, 0x00, 0x61, 0x00,
  0x00, 0x00, 0x28, 0x00, 0x4e, 0x1b, 0x40, 0x24, 0x00, 0x03, 0x02, 0x01,
  0x02, 0x03, 0x01, 0x80, 0x00, 0x04, 0x00, 0x02, 0x03, 0x04, 0x02, 0x69,
  0x00, 0x01, 0x00, 0x06, 0x05, 0x01, 0x06, 0x67, 0x07, 0x01, 0x05, 0x05,
  0x00, 0x61, 0x00, 0x00, 0x00, 0x28, 0x00, 0x4e, 0x59, 0x59, 0x40, 0x10,
  0x18, 0x17, 0x1c, 0x1b, 0x17, 0x1f, 0x18, 0x1f, 0x22, 0x12, 0x23, 0x13,
  0x23, 0x08, 0x08, 0x1b, 0x2b, 0x01, 0x14, 0x02, 0x04, 0x23, 0x22, 0x24,
  0x02, 0x35, 0x21, 0x26, 0x02, 0x26, 0x23, 0x22, 0x06, 0x15, 0x23, 0x26,
  0x24, 0x21, 0x20, 0x00, 0x01, 0x32, 0x36, 0x36, 0x37, 0x21, 0x1e, 0x02,
  0x05, 0x72, 0x77, 0xfe, 0xeb, 0xee, 0xee, 0xfe, 0xea, 0x77, 0x04, 0x41,
  0x02, 0x5d, 0xc8, 0xa3, 0xc4, 0xd4, 0xa9, 0x03, 0x01, 0x28, 0x01, 0x15,
  0x01, 0x49, 0x01, 0x3c, 0xfd, 0x86, 0xa5, 0xbe, 0x56, 0x09, 0xfc, 0x7a,
  0x0c, 0x5a, 0xbd, 0x02, 0xd8, 0xf9, 0xfe, 0xab, 0xb0, 0xaf, 0x01, 0x58,
  0xfd, 0xd4, 0x01, 0x03, 0x76, 0x96, 0x8c, 0xd3, 0xe4, 0xfe, 0x93, 0xfc,
  0x1b, 0x6d, 0xd3, 0x9a, 0xa1, 0xd2, 0x67, 0x00, 0x00, 0x01, 0x00, 0xdc,
  0x00, 0x00, 0x04, 0x9c, 0x05, 0xa1, 0x00, 0x09, 0x00, 0x4d, 0x4b, 0xb0,
  0x29, 0x50, 0x58, 0x40, 0x19, 0x00, 0x02, 0x00, 0x03, 0x04, 0x02, 0x03,
  0x67, 0x00, 0x01, 0x01, 0x00, 0x5f, 0x00, 0x00, 0x00, 0x1e, 0x4d, 0x05,
  0x01, 0x04, 0x04, 0x1f, 0x04, 0x4e, 0x1b, 0x40, 0x19, 0x00, 0x02, 0x00,
  0x03, 0x04, 0x02, 0x03, 0x67, 0x00, 0x01, 0x01, 0x00, 0x5f, 0x00, 0x00,
  0x00, 0x1e, 0x4d, 0x05, 0x01, 0x04, 0x04, 0x22, 0x04, 0x4e, 0x59, 0x40,
  0x0d, 0x00, 0x00, 0x00, 0x09, 0x00, 0x09, 0x11, 0x11, 0x11, 0x11, 0x06,
  0x08, 0x1a, 0x2b, 0x33, 0x11, 0x21, 0x15, 0x21, 0x11, 0x21, 0x15, 0x21,
  0x11, 0xdc, 0x03, 0xc0, 0xfc, 0xee, 0x02, 0x95, 0xfd, 0x6b, 0x05, 0xa1,
  0x98, 0xfe, 0x32, 0x96, 0xfd, 0x5b, 0x00, 0x01, 0x00, 0x7d, 0xff, 0xd9,
  0x05, 0x47, 0x05, 0xc0, 0x00, 0x20, 0x00, 0xb4, 0xb5, 0x1f, 0x01, 0x04,
  0x05, 0x01, 0x4c, 0x4b, 0xb0, 0x29, 0x50, 0x58, 0x40, 0x2b, 0x00, 0x02,
  0x03, 0x06, 0x03, 0x02, 0x06, 0x80, 0x00, 0x06, 0x00, 0x05, 0x04, 0x06,
  0x05, 0x67, 0x00, 0x03, 0x03, 0x01, 0x61, 0x00, 0x01, 0x01, 0x24, 0x4d,
  0x00, 0x07, 0x07, 0x1f, 0x4d, 0x00, 0x04, 0x04, 0x00, 0x61, 0x08, 0x01,
  0x00, 0x00, 0x25, 0x00, 0x4e, 0x1b, 0x4b, 0xb0, 0x2b, 0x50, 0x58, 0x40,
  0x2b, 0x00, 0x02, 0x03, 0x06, 0x03, 0x02, 0x06, 0x80, 0x00, 0x06, 0x00,
  0x05, 0x04, 0x06, 0x05, 0x67, 0x00, 0x03, 0x03, 0x01, 0x61, 0x00, 0x01,
  0x01, 0x24, 0x4d, 0x00, 0x07, 0x07, 0x22, 0x4d, 0x00, 0x04, 0x04, 0x00,
  0x61, 0x08, 0x01, 0x00, 0x00, 0x28, 0x00, 0x4e, 0x1b, 0x40, 0x29, 0x00,
  0x02, 0x03, 0x06, 0x03, 0x02, 0x06, 0x80, 0x00, 0x01, 0x00, 0x03, 0x02,
  0x01, 0x03, 0x69, 0x00, 0x06, 0x00, 0x05, 0x04, 0x06, 0x05, 0x67, 0x00,
  0x07, 0x07, 0x22, 0x4d, 0x00, 0x04, 0x04, 0x00, 0x61, 0x08, 0x01, 0x00,
  0x00, 0x28, 0x00, 0x4e, 0x59, 0x59, 0x40, 0x17, 0x01, 0x00, 0x1e, 0x1d,
  0x1c, 0x1b, 0x1a, 0x19, 0x16, 0x14, 0x0e, 0x0c, 0x0a, 0x09, 0x07, 0x05,
  0x00, 0x20, 0x01, 0x20, 0x09, 0x08, 0x16, 0x2b, 0x05, 0x20, 0x00, 0x11,
  0x10, 0x00, 0x21, 0x20, 0x04, 0x07, 0x23, 0x34, 0x26, 0x23, 0x22, 0x06,
  0x02, 0x15, 0x14, 0x12, 0x16, 0x33, 0x32, 0x36, 0x35, 0x35, 0x21, 0x35,
  0x21, 0x11, 0x23, 0x27, 0x06, 0x03, 0x02, 0xfe, 0xb7, 0xfe, 0xc4, 0x01,
  0x48, 0x01, 0x55, 0x01, 0x09, 0x01, 0x1c, 0x03, 0xa9, 0xc4, 0xb5, 0xb0,
  0xd7, 0x62, 0x5c, 0xcd, 0xa8, 0xc3, 0xd4, 0xfe, 0x4b, 0x02, 0x63, 0x7c,
  0x11, 0x7d, 0x27, 0x01, 0x6e, 0x01, 0x7d, 0x01, 0x84, 0x01, 0x78, 0xe4,
  0xd3, 0x8b, 0x96, 0x79, 0xfe, 0xf4, 0xdb, 0xd9, 0xfe, 0xf6, 0x79, 0xb9,
  0xaa, 0x57, 0x98, 0xfd, 0x36, 0xcc, 0xe9, 0x00, 0xff, 0xff, 0x00, 0x7d,
  0xff, 0xd9, 0x05, 0x47, 0x07, 0x6b, 0x02, 0x26, 0x00, 0x3f, 0x00, 0x00,
  0x01, 0x07, 0x02, 0x2c, 0x01, 0x5c, 0x01, 0xae, 0x00, 0x09, 0xb1, 0x01,
  0x01, 0xb8, 0x01, 0xae, 0xb0, 0x35, 0x2b, 0x00, 0xff, 0xff, 0x00, 0x7d,
  0xff, 0xd9, 0x05, 0x47, 0x07, 0x83, 0x02, 0x26, 0x00, 0x3f, 0x00, 0x00,
  0x01, 0x07, 0x02, 0x2b, 0x01, 0x5c, 0x01, 0xae, 0x00, 0x09, 0xb1, 0x01,
  0x01, 0xb8, 0x01, 0xae, 0xb0, 0x35, 0x2b, 0x00, 0xff, 0xff, 0x00, 0x7d,
  0xff, 0xd9, 0x05, 0x47, 0x07, 0x83, 0x02, 0x26, 0x00, 0x3f, 0x00, 0x00,
  0x01, 0x07, 0x02, 0x2a, 0x01, 0x5c, 0x01, 0xae, 0x00, 0x09, 0xb1, 0x01,
  0x01, 0xb8, 0x01, 0xae, 0xb0, 0x35, 0x2b, 0x00, 0xff, 0xff, 0x00, 0x7d,
  0xfd, 0xab, 0x05, 0x47, 0x05, 0xc0, 0x02, 0x26, 0x00, 0x3f, 0x00, 0x00,
  0x00, 0x07, 0x02, 0x37, 0x01, 0x5c, 0x00, 0x00, 0xff, 0xff, 0x00, 0x7d,
  0xff, 0xd9, 0x05, 0x47, 0x07, 0x34, 0x02, 0x26, 0x00, 0x3f, 0x00, 0x00,
  0x01, 0x07, 0x02, 0x25, 0x01, 0x5c, 0x01, 0xae, 0x00, 0x09, 0xb1, 0x01,
  0x01, 0xb8, 0x01, 0xae, 0xb0, 0x35, 0x2b, 0x00, 0x00, 0x01, 0x00, 0xdc,
  0x00, 0x00, 0x05, 0x5a, 0x05, 0xa1, 0x00, 0x0b, 0x00, 0x48, 0x4b, 0xb0,
  0x29, 0x50, 0x58, 0x40, 0x16, 0x00, 0x01, 0x00, 0x04, 0x03, 0x01, 0x04,
  0x67, 0x02, 0x01, 0x00, 0x00, 0x1e, 0x4d, 0x06, 0x05, 0x02, 0x03, 0x03,
  0x1f, 0x03, 0x4e, 0x1b, 0x40, 0x16, 0x00, 0x01, 0x00, 0x04, 0x03, 0x01,
  0x04, 0x67, 0x02, 0x01, 0x00, 0x00, 0x1e, 0x4d, 0x06, 0x05, 0x02, 0x03,
  0x03, 0x22, 0x03, 0x4e, 0x59, 0x40, 0x0e, 0x00, 0x00, 0x00, 0x0b, 0x00,
  0x0b, 0x11, 0x11, 0x11, 0x11, 0x11, 0x07, 0x08, 0x1b, 0x2b, 0x33, 0x11,
  0x33, 0x11, 0x21, 0x11, 0x33, 0x11, 0x23, 0x11, 0x21, 0x11, 0xdc, 0xae,
  0x03, 0x22, 0xae, 0xae, 0xfc, 0xde, 0x05, 0xa1, 0xfd, 0x9c, 0x02, 0x64,
  0xfa, 0x5f, 0x02, 0xa5, 0xfd, 0x5b, 0x00, 0x02, 0x00, 0x3e, 0x00, 0x00,
  0x05, 0xf8, 0x05, 0xa1, 0x00, 0x13, 0x00, 0x17, 0x00, 0x62, 0x4b, 0xb0,
  0x29, 0x50, 0x58, 0x40, 0x21, 0x04, 0x02, 0x02, 0x00, 0x0b, 0x09, 0x02,
  0x05, 0x0a, 0x00, 0x05, 0x67, 0x00, 0x0a, 0x00, 0x07, 0x06, 0x0a, 0x07,
  0x67, 0x03, 0x01, 0x01, 0x01, 0x1e, 0x4d, 0x08, 0x01, 0x06, 0x06, 0x1f,
  0x06, 0x4e, 0x1b, 0x40, 0x21, 0x04, 0x02, 0x02, 0x00, 0x0b, 0x09, 0x02,
  0x05, 0x0a, 0x00, 0x05, 0x67, 0x00, 0x0a, 0x00, 0x07, 0x06, 0x0a, 0x07,
  0x67, 0x03, 0x01, 0x01, 0x01, 0x1e, 0x4d, 0x08, 0x01, 0x06, 0x06, 0x22,
  0x06, 0x4e, 0x59, 0x40, 0x12, 0x17, 0x16, 0x15, 0x14, 0x13, 0x12, 0x11,
  0x11, 0x11, 0x11, 0x11, 0x11, 0x11, 0x11, 0x10, 0x0c, 0x08, 0x1f, 0x2b,
  0x13, 0x33, 0x35, 0x33, 0x15, 0x21, 0x35, 0x33, 0x15, 0x33, 0x15, 0x23,
  0x11, 0x23, 0x11, 0x21, 0x11, 0x23, 0x11, 0x23, 0x01, 0x21, 0x11, 0x21,
  0x3e, 0x9e, 0xae, 0x03, 0x22, 0xae, 0x9e, 0x9e, 0xae, 0xfc, 0xde, 0xae,
  0x9e, 0x01, 0x4c, 0x03, 0x22, 0xfc, 0xde, 0x04, 0xd2, 0xcf, 0xcf, 0xcf,
  0xcf, 0x92, 0xfb, 0xc0, 0x02, 0xa5, 0xfd, 0x5b, 0x04, 0x40, 0xfe, 0xfd,
  0x01, 0x03, 0xff, 0xff, 0x00, 0xdc, 0x00, 0x00, 0x05, 0x5a, 0x07, 0x83,
  0x02, 0x26, 0x00, 0x45, 0x00, 0x00, 0x01, 0x07, 0x02, 0x2a, 0x01, 0x8b,
  0x01, 0xae, 0x00, 0x09, 0xb1, 0x01, 0x01, 0xb8, 0x01, 0xae, 0xb0, 0x35,
  0x2b, 0x00, 0x00, 0x01, 0x00, 0xc8, 0x00, 0x00, 0x03, 0x1a, 0x05, 0xa1,
  0x00, 0x0b, 0x00, 0x4c, 0x4b, 0xb0, 0x29, 0x50, 0x58, 0x40, 0x18, 0x06,
  0x05, 0x02, 0x01, 0x01, 0x00, 0x5f, 0x00, 0x00, 0x00, 0x1e, 0x4d, 0x04,
  0x01, 0x02, 0x02, 0x03, 0x5f, 0x00, 0x03, 0x03, 0x1f, 0x03, 0x4e, 0x1b,
  0x40, 0x18, 0x06, 0x05, 0x02, 0x01, 0x01, 0x00, 0x5f, 0x00, 0x00, 0x00,
  0x1e, 0x4d, 0x04, 0x01, 0x02, 0x02, 0x03, 0x5f, 0x00, 0x03, 0x03, 0x22,
  0x03, 0x4e, 0x59, 0x40, 0x0e, 0x00, 0x00, 0x00, 0x0b, 0x00, 0x0b, 0x11,
  0x11, 0x11, 0x11, 0x11, 0x07, 0x08, 0x1b, 0x2b, 0x13, 0x35, 0x21, 0x15,
  0x23, 0x11, 0x33, 0x15, 0x21, 0x35, 0x33, 0x11, 0xc8, 0x02, 0x52, 0xd2,
  0xc8, 0xfd, 0xc2, 0xc8, 0x05, 0x0e, 0x93, 0x93, 0xfb, 0x85, 0x93, 0x93,
  0x04, 0x7b, 0xff, 0xff, 0x00, 0xc8, 0xff, 0xd6, 0x05, 0xfa, 0x05, 0xa1,
  0x00, 0x26, 0x00, 0x48, 0x00, 0x00, 0x00, 0x07, 0x00, 0x57, 0x03, 0x18,
  0x00, 0x00, 0xff, 0xff, 0x00, 0xc8, 0x00, 0x00, 0x03, 0x1a, 0x07, 0x64,
  0x02, 0x26, 0x00, 0x48, 0x00, 0x00, 0x01, 0x07, 0x02, 0x27, 0x00, 0x5f,
  0x01, 0xae, 0x00, 0x09, 0xb1, 0x01, 0x01, 0xb8, 0x01, 0xae, 0xb0, 0x35,
  0x2b, 0x00, 0xff, 0xff, 0x00, 0xc8, 0x00, 0x00, 0x03, 0x1a, 0x07, 0x6b,
  0x02, 0x26, 0x00, 0x48, 0x00, 0x00, 0x01, 0x07, 0x02, 0x2c, 0x00, 0x5f,
  0x01, 0xae, 0x00, 0x09, 0xb1, 0x01, 0x01, 0xb8, 0x01, 0xae, 0xb0, 0x35,
  0x2b, 0x00, 0xff, 0xff, 0x00, 0xc8, 0x00, 0x00, 0x03, 0x1a, 0x07, 0x83,
  0x02, 0x26, 0x00, 0x48, 0x00, 0x00, 0x01, 0x07, 0x02, 0x2a, 0x00, 0x5f,
  0x01, 0xae, 0x00, 0x09, 0xb1, 0x01, 0x01, 0xb8, 0x01, 0xae, 0xb0, 0x35,
  0x2b, 0x00, 0xff, 0xff, 0x00, 0x54, 0x00, 0x00, 0x03, 0x1a, 0x07, 0x64,
  0x02, 0x26, 0x00, 0x48, 0x00, 0x00, 0x01, 0x07, 0x02, 0x31, 0x00, 0x5f,
  0x01, 0xae, 0x00, 0x09, 0xb1, 0x01, 0x02, 0xb8, 0x01, 0xae, 0xb0, 0x35,
  0x2b, 0x00, 0xff, 0xff, 0x00, 0xc8, 0x00, 0x00, 0x03, 0x1a, 0x07, 0x1c,
  0x02, 0x26, 0x00, 0x48, 0x00, 0x00, 0x01, 0x07, 0x02, 0x24, 0x00, 0x5f,
  0x01, 0xae, 0x00, 0x09, 0xb1, 0x01, 0x02, 0xb8, 0x01, 0xae, 0xb0, 0x35,
  0x2b, 0x00, 0xff, 0xff, 0x00, 0xc8, 0x00, 0x00, 0x03, 0x1a, 0x07, 0x34,
  0x02, 0x26, 0x00, 0x48, 0x00, 0x00, 0x01, 0x07, 0x02, 0x25, 0x00, 0x5f,
  0x01, 0xae, 0x00, 0x09, 0xb1, 0x01, 0x01, 0xb8, 0x01, 0xae, 0xb0, 0x35,
  0x2b, 0x00, 0xff, 0xff, 0x00, 0xc8, 0xfe, 0x77, 0x03, 0x1a, 0x05, 0xa1,
  0x02, 0x26, 0x00, 0x48, 0x00, 0x00, 0x00, 0x06, 0x02, 0x35, 0x5f, 0x00,
  0x00, 0x00, 0xff, 0xff, 0x00, 0xc8, 0x00, 0x00, 0x03, 0x1a, 0x07, 0x64,
  0x02, 0x26, 0x00, 0x48, 0x00, 0x00, 0x01, 0x07, 0x02, 0x26, 0x00, 0x5f,
  0x01, 0xae, 0x00, 0x09, 0xb1, 0x01, 0x01, 0xb8, 0x01, 0xae, 0xb0, 0x35,
  0x2b, 0x00, 0xff, 0xff, 0x00, 0xc8, 0x00, 0x00, 0x03, 0x1a, 0x07, 0xc0,
  0x02, 0x26, 0x00, 0x48, 0x00, 0x00, 0x01, 0x07, 0x02, 0x30, 0x00, 0x5f,
  0x01, 0xae, 0x00, 0x09, 0xb1, 0x01, 0x01, 0xb8, 0x01, 0xae, 0xb0, 0x35,
  0x2b, 0x00, 0xff, 0xff, 0x00, 0xc8, 0x00, 0x00, 0x03, 0x1a, 0x07, 0x6b,
  0x02, 0x26, 0x00, 0x48, 0x00, 0x00, 0x01, 0x07, 0x02, 0x32, 0x00, 0x5f,
  0x01, 0xae, 0x00, 0x09, 0xb1, 0x01, 0x01, 0xb8, 0x01, 0xae, 0xb0, 0x35,
  0x2b, 0x00, 0xff, 0xff, 0x00, 0xb9, 0x00, 0x00, 0x03, 0x24, 0x06, 0xe4,
  0x02, 0x26, 0x00, 0x48, 0x00, 0x00, 0x01, 0x07, 0x02, 0x2f, 0x00, 0x5f,
  0x01, 0xae, 0x00, 0x09, 0xb1, 0x01, 0x01, 0xb8, 0x01, 0xae, 0xb0, 0x35,
  0x2b, 0x00, 0xff, 0xff, 0x00, 0xc8, 0xfe, 0x9a, 0x03, 0x1a, 0x05, 0xa1,
  0x02, 0x26, 0x00, 0x48, 0x00, 0x00, 0x01, 0x07, 0x02, 0x39, 0x00, 0x9a,
  0x00, 0x01, 0x00, 0x08, 0xb1, 0x01, 0x01, 0xb0, 0x01, 0xb0, 0x35, 0x2b,
  0x00, 0x00, 0xff, 0xff, 0x00, 0xc8, 0x00, 0x00, 0x03, 0x1a, 0x07, 0x22,
  0x02, 0x26, 0x00, 0x48, 0x00, 0x00, 0x01, 0x07, 0x02, 0x2e, 0x00, 0x5f,
  0x01, 0xae, 0x00, 0x09, 0xb1, 0x01, 0x01, 0xb8, 0x01, 0xae, 0xb0, 0x35,
  0x2b, 0x00, 0x00, 0x01, 0x00, 0x51, 0xff, 0xd6, 0x02, 0xe2, 0x05, 0xa1,
  0x00, 0x0e, 0x00, 0x44, 0x4b, 0xb0, 0x29, 0x50, 0x58, 0x40, 0x18, 0x00,
  0x02, 0x00, 0x03, 0x00, 0x02, 0x03, 0x80, 0x00, 0x00, 0x00, 0x1e, 0x4d,
  0x00, 0x03, 0x03, 0x01, 0x61, 0x00, 0x01, 0x01, 0x25, 0x01, 0x4e, 0x1b,
  0x40, 0x18, 0x00, 0x02, 0x00, 0x03, 0x00, 0x02, 0x03, 0x80, 0x00, 0x00,
  0x00, 0x1e, 0x4d, 0x00, 0x03, 0x03, 0x01, 0x61, 0x00, 0x01, 0x01, 0x28,
  0x01, 0x4e, 0x59, 0xb6, 0x22, 0x12, 0x23, 0x11, 0x04, 0x08, 0x1a, 0x2b,
  0x01, 0x11, 0x33, 0x11, 0x14, 0x06, 0x23, 0x22, 0x26, 0x35, 0x33, 0x14,
  0x16, 0x33, 0x32, 0x02, 0x34, 0xae, 0xaa, 0xa6, 0x9e, 0xa3, 0x96, 0x58,
  0x4b, 0xaa, 0x01, 0x32, 0x04, 0x6f, 0xfb, 0x9d, 0xb8, 0xb0, 0xa3, 0x9a,
  0x67, 0x50, 0xff, 0xff, 0x00, 0x51, 0xff, 0xd6, 0x03, 0x90, 0x07, 0x83,
  0x02, 0x26, 0x00, 0x57, 0x00, 0x00, 0x01, 0x07, 0x02, 0x2a, 0x00, 0xfc,
  0x01, 0xae, 0x00, 0x09, 0xb1, 0x01, 0x01, 0xb8, 0x01, 0xae, 0xb0, 0x35,
  0x2b, 0x00, 0x00, 0x01, 0x00, 0xdc, 0x00, 0x00, 0x05, 0x1f, 0x05, 0xa1,
  0x00, 0x1c, 0x00, 0x54, 0xb5, 0x0b, 0x01, 0x03, 0x00, 0x01, 0x4c, 0x4b,
  0xb0, 0x29, 0x50, 0x58, 0x40, 0x16, 0x06, 0x01, 0x00, 0x00, 0x03, 0x02,
  0x00, 0x03, 0x69, 0x05, 0x01, 0x01, 0x01, 0x1e, 0x4d, 0x04, 0x01, 0x02,
  0x02, 0x1f, 0x02, 0x4e, 0x1b, 0x40, 0x16, 0x06, 0x01, 0x00, 0x00, 0x03,
  0x02, 0x00, 0x03, 0x69, 0x05, 0x01, 0x01, 0x01, 0x1e, 0x4d, 0x04, 0x01,
  0x02, 0x02, 0x22, 0x02, 0x4e, 0x59, 0x40, 0x13, 0x01, 0x00, 0x1b, 0x1a,
  0x19, 0x18, 0x17, 0x15, 0x11, 0x10, 0x06, 0x05, 0x00, 0x1c, 0x01, 0x1c,
  0x07, 0x08, 0x16, 0x2b, 0x01, 0x32, 0x36, 0x36, 0x37, 0x13, 0x33, 0x03,
  0x0e, 0x02, 0x07, 0x1e, 0x02, 0x17, 0x13, 0x23, 0x03, 0x2e, 0x02, 0x23,
  0x23, 0x11, 0x23, 0x11, 0x33, 0x11, 0x01, 0xfd, 0x79, 0x90, 0x60, 0x30,
  0xad, 0xc1, 0xa7, 0x34, 0x5b, 0x7d, 0x68, 0x5d, 0x7d, 0x62, 0x36, 0xc4,
  0xc1, 0xc4, 0x31, 0x5d, 0x90, 0x7f, 0x76, 0xab, 0xab, 0x03, 0x17, 0x3e,
  0x80, 0x64, 0x01, 0x68, 0xfe, 0xa5, 0x6b, 0x92, 0x5c, 0x1b, 0x18, 0x54,
  0x8b, 0x67, 0xfe, 0x8c, 0x01, 0x80, 0x61, 0x6e, 0x2f, 0xfd, 0x82, 0x05,
  0xa1, 0xfd, 0x76, 0x00, 0xff, 0xff, 0x00, 0xdc, 0xfd, 0xab, 0x05, 0x1f,
  0x05, 0xa1, 0x02, 0x26, 0x00, 0x59, 0x00, 0x00, 0x00, 0x07, 0x02, 0x37,
  0x01, 0x63, 0x00, 0x00, 0x00, 0x01, 0x00, 0xdc, 0x00, 0x00, 0x04, 0x2d,
  0x05, 0xa1, 0x00, 0x05, 0x00, 0x33, 0x4b, 0xb0, 0x29, 0x50, 0x58, 0x40,
  0x10, 0x00, 0x01, 0x01, 0x1e, 0x4d, 0x00, 0x02, 0x02, 0x00, 0x5f, 0x00,
  0x00, 0x00, 0x1f, 0x00, 0x4e, 0x1b, 0x40, 0x10, 0x00, 0x01, 0x01, 0x1e,
  0x4d, 0x00, 0x02, 0x02, 0x00, 0x5f, 0x00, 0x00, 0x00, 0x22, 0x00, 0x4e,
  0x59, 0xb5, 0x11, 0x11, 0x10, 0x03, 0x08, 0x19, 0x2b, 0x21, 0x21, 0x11,
  0x33, 0x11, 0x21, 0x04, 0x2d, 0xfc, 0xaf, 0xae, 0x02, 0xa3, 0x05, 0xa1,
  0xfa, 0xf7, 0xff, 0xff, 0x00, 0xdc, 0xff, 0xd6, 0x07, 0x41, 0x05, 0xa1,
  0x00, 0x26, 0x00, 0x5b, 0x00, 0x00, 0x00, 0x07, 0x00, 0x57, 0x04, 0x5f,
  0x00, 0x00, 0xff, 0xff, 0x00, 0xdc, 0x00, 0x00, 0x04, 0x2d, 0x07, 0x64,
  0x02, 0x26, 0x00, 0x5b, 0x00, 0x00, 0x01, 0x07, 0x02, 0x27, 0xff, 0xb4,
  0x01, 0xae, 0x00, 0x09, 0xb1, 0x01, 0x01, 0xb8, 0x01, 0xae, 0xb0, 0x35,
  0x2b, 0x00, 0xff, 0xff, 0x00, 0xdc, 0x00, 0x00, 0x04, 0x2d, 0x05, 0xa2,
  0x02, 0x26, 0x00, 0x5b, 0x00, 0x00, 0x01, 0x06, 0x02, 0x29, 0x62, 0xe2,
  0x00, 0x09, 0xb1, 0x01, 0x01, 0xb8, 0xff, 0xe2, 0xb0, 0x35, 0x2b, 0x00,
  0x00, 0x00, 0xff, 0xff, 0x00, 0xdc, 0xfd, 0xab, 0x04, 0x2d, 0x05, 0xa1,
  0x02, 0x26, 0x00, 0x5b, 0x00, 0x00, 0x00, 0x07, 0x02, 0x37, 0x01, 0x17,
  0x00, 0x00, 0xff, 0xff, 0x00, 0xdc, 0x00, 0x00, 0x04, 0x2d, 0x05, 0xa1,
  0x02, 0x26, 0x00, 0x5b, 0x00, 0x00, 0x01, 0x07, 0x01, 0xc1, 0x04, 0x55,
  0x00, 0x0b, 0x00, 0x08, 0xb1, 0x01, 0x01, 0xb0, 0x0b, 0xb0, 0x35, 0x2b,
  0x00, 0x00, 0xff, 0xff, 0x00, 0xdc, 0xfe, 0x6e, 0x05, 0xde, 0x05, 0xa1,
  0x00, 0x26, 0x00, 0x5b, 0x00, 0x00, 0x00, 0x07, 0x01, 0x1f, 0x04, 0x5f,
  0x00, 0x00, 0x00, 0x01, 0x00, 0x00, 0x00, 0x00, 0x04, 0x2d, 0x05, 0xa1,
  0x00, 0x0d, 0x00, 0x42, 0x40, 0x0d, 0x0d, 0x0a, 0x09, 0x08, 0x07, 0x02,
  0x01, 0x00, 0x08, 0x00, 0x02, 0x01, 0x4c, 0x4b, 0xb0, 0x29, 0x50, 0x58,
  0x40, 0x10, 0x00, 0x02, 0x02, 0x1e, 0x4d, 0x00, 0x00, 0x00, 0x01, 0x5f,
  0x00, 0x01, 0x01, 0x1f, 0x01, 0x4e, 0x1b, 0x40, 0x10, 0x00, 0x02, 0x02,
  0x1e, 0x4d, 0x00, 0x00, 0x00, 0x01, 0x5f, 0x00, 0x01, 0x01, 0x22, 0x01,
  0x4e, 0x59, 0xb5, 0x15, 0x11, 0x13, 0x03, 0x08, 0x19, 0x2b, 0x01, 0x15,
  0x05, 0x11, 0x21, 0x15, 0x21, 0x11, 0x07, 0x35, 0x37, 0x11, 0x33, 0x11,
  0x02, 0xfa, 0xfe, 0x90, 0x02, 0xa3, 0xfc, 0xaf, 0xdc, 0xdc, 0xae, 0x04,
  0x0d, 0xa4, 0xf0, 0xfe, 0x1f, 0x98, 0x02, 0x08, 0x8f, 0xa4, 0x8f, 0x02,
  0xf5, 0xfd, 0x7c, 0x00, 0x00, 0x01, 0x00, 0xdc, 0x00, 0x00, 0x06, 0x86,
  0x05, 0xa1, 0x00, 0x0f, 0x00, 0x56, 0x4b, 0xb0, 0x29, 0x50, 0x58, 0x40,
  0x1c, 0x00, 0x01, 0x00, 0x05, 0x03, 0x01, 0x05, 0x67, 0x06, 0x01, 0x04,
  0x04, 0x00, 0x5f, 0x02, 0x01, 0x00, 0x00, 0x1e, 0x4d, 0x08, 0x07, 0x02,
  0x03, 0x03, 0x1f, 0x03, 0x4e, 0x1b, 0x40, 0x1c, 0x00, 0x01, 0x00, 0x05,
  0x03, 0x01, 0x05, 0x67, 0x06, 0x01, 0x04, 0x04, 0x00, 0x5f, 0x02, 0x01,
  0x00, 0x00, 0x1e, 0x4d, 0x08, 0x07, 0x02, 0x03, 0x03, 0x22, 0x03, 0x4e,
  0x59, 0x40, 0x10, 0x00, 0x00, 0x00, 0x0f, 0x00, 0x0f, 0x11, 0x11, 0x11,
  0x11, 0x11, 0x11, 0x11, 0x09, 0x08, 0x1d, 0x2b, 0x33, 0x11, 0x21, 0x01,
  0x33, 0x01, 0x21, 0x11, 0x23, 0x11, 0x23, 0x01, 0x23, 0x01, 0x23, 0x11,
  0xdc, 0x01, 0x28, 0x01, 0x9a, 0x23, 0x01, 0x9c, 0x01, 0x29, 0x9c, 0x24,
  0xfe, 0x5d, 0xe7, 0xfe, 0x60, 0x24, 0x05, 0xa1, 0xfb, 0xb9, 0x04, 0x47,
  0xfa, 0x5f, 0x05, 0x06, 0xfb, 0xa8, 0x04, 0x58, 0xfa, 0xfa, 0x00, 0x01,
  0x00, 0xdc, 0x00, 0x00, 0x05, 0xb6, 0x05, 0xa1, 0x00, 0x0b, 0x00, 0x4c,
  0x4b, 0xb0, 0x29, 0x50, 0x58, 0x40, 0x18, 0x00, 0x04, 0x04, 0x00, 0x5f,
  0x02, 0x01, 0x00, 0x00, 0x1e, 0x4d, 0x00, 0x01, 0x01, 0x03, 0x5f, 0x06,
  0x05, 0x02, 0x03, 0x03, 0x1f, 0x03, 0x4e, 0x1b, 0x40, 0x18, 0x00, 0x04,
  0x04, 0x00, 0x5f, 0x02, 0x01, 0x00, 0x00, 0x1e, 0x4d, 0x00, 0x01, 0x01,
  0x03, 0x5f, 0x06, 0x05, 0x02, 0x03, 0x03, 0x22, 0x03, 0x4e, 0x59, 0x40,
  0x0e, 0x00, 0x00, 0x00, 0x0b, 0x00, 0x0b, 0x11, 0x11, 0x11, 0x11, 0x11,
  0x07, 0x08, 0x1b, 0x2b, 0x33, 0x11, 0x21, 0x01, 0x33, 0x11, 0x33, 0x11,
  0x21, 0x01, 0x23, 0x11, 0xdc, 0x01, 0x11, 0x03, 0x0d, 0x20, 0x9c, 0xfe,
  0xf9, 0xfc, 0xe9, 0x20, 0x05, 0xa1, 0xfb, 0x0c, 0x04, 0xf4, 0xfa, 0x5f,
  0x05, 0x05, 0xfa, 0xfb, 0xff, 0xff, 0x00, 0xdc, 0xff, 0xd6, 0x09, 0x74,
  0x05, 0xa1, 0x00, 0x26, 0x00, 0x64, 0x00, 0x00, 0x00, 0x07, 0x00, 0x57,
  0x06, 0x92, 0x00, 0x00, 0xff, 0xff, 0x00, 0xdc, 0x00, 0x00, 0x05, 0xb6,
  0x07, 0x64, 0x02, 0x26, 0x00, 0x64, 0x00, 0x00, 0x01, 0x07, 0x02, 0x27,
  0x01, 0xb9, 0x01, 0xae, 0x00, 0x09, 0xb1, 0x01, 0x01, 0xb8, 0x01, 0xae,
  0xb0, 0x35, 0x2b, 0x00, 0xff, 0xff, 0x00, 0xdc, 0x00, 0x00, 0x05, 0xb6,
  0x07, 0x83, 0x02, 0x26, 0x00, 0x64, 0x00, 0x00, 0x01, 0x07, 0x02, 0x2b,
  0x01, 0xb9, 0x01, 0xae, 0x00, 0x09, 0xb1, 0x01, 0x01, 0xb8, 0x01, 0xae,
  0xb0, 0x35, 0x2b, 0x00, 0xff, 0xff, 0x00, 0xdc, 0xfd, 0xab, 0x05, 0xb6,
  0x05, 0xa1, 0x02, 0x26, 0x00, 0x64, 0x00, 0x00, 0x00, 0x07, 0x02, 0x37,
  0x01, 0xb9, 0x00, 0x00, 0xff, 0xff, 0x00, 0xdc, 0xfe, 0x6e, 0x08, 0x11,
  0x05, 0xa1, 0x00, 0x26, 0x00, 0x64, 0x00, 0x00, 0x00, 0x07, 0x01, 0x1f,
  0x06, 0x92, 0x00, 0x00, 0xff, 0xff, 0x00, 0xdc, 0x00, 0x00, 0x05, 0xb6,
  0x07, 0x22, 0x02, 0x26, 0x00, 0x64, 0x00, 0x00, 0x01, 0x07, 0x02, 0x2e,
  0x01, 0xb9, 0x01, 0xae, 0x00, 0x09, 0xb1, 0x01, 0x01, 0xb8, 0x01, 0xae,
  0xb0, 0x35, 0x2b, 0x00, 0x00, 0x01, 0x00, 0xdc, 0xfe, 0x6e, 0x05, 0xb6,
  0x05, 0xa1, 0x00, 0x19, 0x00, 0x6e, 0x40, 0x0a, 0x08, 0x01, 0x01, 0x02,
  0x07, 0x01, 0x00, 0x01, 0x02, 0x4c, 0x4b, 0xb0, 0x29, 0x50, 0x58, 0x40,
  0x22, 0x00, 0x03, 0x03, 0x05, 0x5f, 0x08, 0x07, 0x02, 0x05, 0x05, 0x1e,
  0x4d, 0x00, 0x06, 0x06, 0x02, 0x5f, 0x04, 0x01, 0x02, 0x02, 0x1f, 0x4d,
  0x00, 0x01, 0x01, 0x00, 0x61, 0x00, 0x00, 0x00, 0x29, 0x00, 0x4e, 0x1b,
  0x40, 0x22, 0x00, 0x03, 0x03, 0x05, 0x5f, 0x08, 0x07, 0x02, 0x05, 0x05,
  0x1e, 0x4d, 0x00, 0x06, 0x06, 0x02, 0x5f, 0x04, 0x01, 0x02, 0x02, 0x22,
  0x4d, 0x00, 0x01, 0x01, 0x00, 0x61, 0x00, 0x00, 0x00, 0x29, 0x00, 0x4e,
  0x59, 0x40, 0x10, 0x00, 0x00, 0x00, 0x19, 0x00, 0x19, 0x11, 0x11, 0x11,
  0x11, 0x13, 0x25, 0x23, 0x09, 0x08, 0x1d, 0x2b, 0x01, 0x11, 0x14, 0x06,
  0x23, 0x22, 0x26, 0x27, 0x35, 0x16, 0x16, 0x33, 0x32, 0x36, 0x35, 0x35,
  0x23, 0x01, 0x23, 0x11, 0x23, 0x11, 0x21, 0x01, 0x33, 0x11, 0x05, 0xb6,
  0x93, 0xa2, 0x25, 0x37, 0x18, 0x23, 0x29, 0x1e, 0x59, 0x4b, 0x6c, 0xfc,
  0xea, 0x21, 0x9c, 0x01, 0x12, 0x03, 0x0c, 0x20, 0x05, 0xa1, 0xfa, 0x08,
  0xac, 0x8f, 0x08, 0x06, 0x85, 0x07, 0x04, 0x49, 0x55, 0x6c, 0x05, 0x05,
  0xfa, 0xfb, 0x05, 0xa1, 0xfb, 0x0c, 0x04, 0xf4, 0x00, 0x02, 0x00, 0x7d,
  0xff, 0xda, 0x05, 0x90, 0x05, 0xc0, 0x00, 0x0f, 0x00, 0x1f, 0x00, 0x6d,
  0x4b, 0xb0, 0x29, 0x50, 0x58, 0x40, 0x17, 0x00, 0x03, 0x03, 0x01, 0x61,
  0x00, 0x01, 0x01, 0x24, 0x4d, 0x05, 0x01, 0x02, 0x02, 0x00, 0x61, 0x04,
  0x01, 0x00, 0x00, 0x25, 0x00, 0x4e, 0x1b, 0x4b, 0xb0, 0x2b, 0x50, 0x58,
  0x40, 0x17, 0x00, 0x03, 0x03, 0x01, 0x61, 0x00, 0x01, 0x01, 0x24, 0x4d,
  0x05, 0x01, 0x02, 0x02, 0x00, 0x61, 0x04, 0x01, 0x00, 0x00, 0x28, 0x00,
  0x4e, 0x1b, 0x40, 0x15, 0x00, 0x01, 0x00, 0x03, 0x02, 0x01, 0x03, 0x69,
  0x05, 0x01, 0x02, 0x02, 0x00, 0x61, 0x04, 0x01, 0x00, 0x00, 0x28, 0x00,
  0x4e, 0x59, 0x59, 0x40, 0x13, 0x11, 0x10, 0x01, 0x00, 0x19, 0x17, 0x10,
  0x1f, 0x11, 0x1f, 0x09, 0x07, 0x00, 0x0f, 0x01, 0x0f, 0x06, 0x08, 0x16,
  0x2b, 0x05, 0x22, 0x24, 0x02, 0x35, 0x34, 0x12, 0x24, 0x33, 0x32, 0x04,
  0x12, 0x15, 0x14, 0x02, 0x04, 0x27, 0x32, 0x36, 0x12, 0x35, 0x34, 0x02,
  0x26, 0x23, 0x22, 0x06, 0x02, 0x15, 0x14, 0x12, 0x16, 0x03, 0x07, 0xf3,
  0xfe, 0xe3, 0x7a, 0x7f, 0x01, 0x1e, 0xed, 0xee, 0x01, 0x1d, 0x7e, 0x7a,
  0xfe, 0xe5, 0xf4, 0xc2, 0xca, 0x4a, 0x4d, 0xcb, 0xbe, 0xc1, 0xcb, 0x4b,
  0x4c, 0xcb, 0x26, 0xaf, 0x01, 0x56, 0xf8, 0xf6, 0x01, 0x4b, 0xa8, 0xa9,
  0xfe, 0xb5, 0xf4, 0xf9, 0xfe, 0xab, 0xb0, 0x95, 0x8d, 0x01, 0x13, 0xca,
  0xc8, 0x01, 0x07, 0x83, 0x86, 0xfe, 0xf5, 0xc9, 0xca, 0xfe, 0xf0, 0x88,
  0xff, 0xff, 0x00, 0x7d, 0xff, 0xda, 0x05, 0x90, 0x07, 0x64, 0x02, 0x26,
  0x00, 0x6c, 0x00, 0x00, 0x01, 0x07, 0x02, 0x27, 0x01, 0x77, 0x01, 0xae,
  0x00, 0x09, 0xb1, 0x02, 0x01, 0xb8, 0x01, 0xae, 0xb0, 0x35, 0x2b, 0x00,
  0xff, 0xff, 0x00, 0x7d, 0xff, 0xda, 0x05, 0x90, 0x07, 0x6b, 0x02, 0x26,
  0x00, 0x6c, 0x00, 0x00, 0x01, 0x07, 0x02, 0x2c, 0x01, 0x77, 0x01, 0xae,
  0x00, 0x09, 0xb1, 0x02, 0x01, 0xb8, 0x01, 0xae, 0xb0, 0x35, 0x2b, 0x00,
  0xff, 0xff, 0x00, 0x7d, 0xff, 0xda, 0x05, 0x90, 0x07, 0x83, 0x02, 0x26,
  0x00, 0x6c, 0x00, 0x00, 0x01, 0x07, 0x02, 0x2a, 0x01, 0x77, 0x01, 0xae,
  0x00, 0x09, 0xb1, 0x02, 0x01, 0xb8, 0x01, 0xae, 0xb0, 0x35, 0x2b, 0x00,
  0xff, 0xff, 0x00, 0x7d, 0xff, 0xda, 0x05, 0x90, 0x08, 0x90, 0x02, 0x26,
  0x00, 0x6c, 0x00, 0x00, 0x00, 0x27, 0x02, 0x2a, 0x01, 0x77, 0x01, 0xae,
  0x01, 0x07, 0x02, 0x27, 0x02, 0x4f, 0x02, 0xda, 0x00, 0x12, 0xb1, 0x02,
  0x01, 0xb8, 0x01, 0xae, 0xb0, 0x35, 0x2b, 0xb1, 0x03, 0x01, 0xb8, 0x02,
  0xda, 0xb0, 0x35, 0x2b, 0xff, 0xff, 0x00, 0x7d, 0xfe, 0x77, 0x05, 0x90,
  0x07, 0x83, 0x02, 0x26, 0x00, 0x6c, 0x00, 0x00, 0x00, 0x27, 0x02, 0x35,
  0x01, 0x77, 0x00, 0x00, 0x01, 0x07, 0x02, 0x2a, 0x01, 0x77, 0x01, 0xae,
  0x00, 0x09, 0xb1, 0x03, 0x01, 0xb8, 0x01, 0xae, 0xb0, 0x35, 0x2b, 0x00,
  0xff, 0xff, 0x00, 0x7d, 0xff, 0xda, 0x05, 0x90, 0x08, 0x90, 0x02, 0x26,
  0x00, 0x6c, 0x00, 0x00, 0x00, 0x27, 0x02, 0x2a, 0x01, 0x77, 0x01, 0xae,
  0x01, 0x07, 0x02, 0x26, 0x02, 0x4f, 0x02, 0xda, 0x00, 0x12, 0xb1, 0x02,
  0x01, 0xb8, 0x01, 0xae, 0xb0, 0x35, 0x2b, 0xb1, 0x03, 0x01, 0xb8, 0x02,
  0xda, 0xb0, 0x35, 0x2b, 0xff, 0xff, 0x00, 0x7d, 0xff, 0xda, 0x05, 0x90,
  0x08, 0xec, 0x02, 0x26, 0x00, 0x6c, 0x00, 0x00, 0x00, 0x27, 0x02, 0x2a,
  0x01, 0x77, 0x01, 0xae, 0x01, 0x07, 0x02, 0x30, 0x02, 0x4f, 0x02, 0xda,
  0x00, 0x12, 0xb1, 0x02, 0x01, 0xb8, 0x01, 0xae, 0xb0, 0x35, 0x2b, 0xb1,
  0x03, 0x01, 0xb8, 0x02, 0xda, 0xb0, 0x35, 0x2b, 0xff, 0xff, 0x00, 0x7d,
  0xff, 0xda, 0x05, 0x90, 0x08, 0x76, 0x02, 0x26, 0x00, 0x6c, 0x00, 0x00,
  0x00, 0x27, 0x02, 0x2a, 0x01, 0x77, 0x01, 0xae, 0x01, 0x07, 0x02, 0x2e,
  0x01, 0x77, 0x03, 0x02, 0x00, 0x12, 0xb1, 0x02, 0x01, 0xb8, 0x01, 0xae,
  0xb0, 0x35, 0x2b, 0xb1, 0x03, 0x01, 0xb8, 0x03, 0x02, 0xb0, 0x35, 0x2b,
  0xff, 0xff, 0x00, 0x7d, 0xff, 0xda, 0x05, 0x90, 0x07, 0x64, 0x02, 0x26,
  0x00, 0x6c, 0x00, 0x00, 0x01, 0x07, 0x02, 0x31, 0x01, 0x77, 0x01, 0xae,
  0x00, 0x09, 0xb1, 0x02, 0x02, 0xb8, 0x01, 0xae, 0xb0, 0x35, 0x2b, 0x00,
  0xff, 0xff, 0x00, 0x7d, 0xff, 0xda, 0x05, 0x90, 0x07, 0x1c, 0x02, 0x26,
  0x00, 0x6c, 0x00, 0x00, 0x01, 0x07, 0x02, 0x24, 0x01, 0x77, 0x01, 0xae,
  0x00, 0x09, 0xb1, 0x02, 0x02, 0xb8, 0x01, 0xae, 0xb0, 0x35, 0x2b, 0x00,
  0xff, 0xff, 0x00, 0x7d, 0xff, 0xda, 0x05, 0x90, 0x07, 0xfb, 0x02, 0x26,
  0x00, 0x6c, 0x00, 0x00, 0x00, 0x27, 0x02, 0x24, 0x01, 0x77, 0x01, 0xae,
  0x01, 0x07, 0x02, 0x2f, 0x01, 0x77, 0x02, 0xc5, 0x00, 0x12, 0xb1, 0x02,
  0x02, 0xb8, 0x01, 0xae, 0xb0, 0x35, 0x2b, 0xb1, 0x04, 0x01, 0xb8, 0x02,
  0xc5, 0xb0, 0x35, 0x2b, 0xff, 0xff, 0x00, 0x7d, 0xff, 0xda, 0x05, 0x90,
  0x07, 0xfb, 0x02, 0x26, 0x00, 0x6c, 0x00, 0x00, 0x00, 0x27, 0x02, 0x25,
  0x01, 0x77, 0x01, 0xae, 0x01, 0x07, 0x02, 0x2f, 0x01, 0x77, 0x02, 0xc5,
  0x00, 0x12, 0xb1, 0x02, 0x01, 0xb8, 0x01, 0xae, 0xb0, 0x35, 0x2b, 0xb1,
  0x03, 0x01, 0xb8, 0x02, 0xc5, 0xb0, 0x35, 0x2b, 0xff, 0xff, 0x00, 0x7d,
  0xfe, 0x77, 0x05, 0x90, 0x05, 0xc0, 0x02, 0x26, 0x00, 0x6c, 0x00, 0x00,
  0x00, 0x07, 0x02, 0x35, 0x01, 0x77, 0x00, 0x00, 0xff, 0xff, 0x00, 0x7d,
  0xff, 0xda, 0x05, 0x90, 0x07, 0x64, 0x02, 0x26, 0x00, 0x6c, 0x00, 0x00,
  0x01, 0x07, 0x02, 0x26, 0x01, 0x77, 0x01, 0xae, 0x00, 0x09, 0xb1, 0x02,
  0x01, 0xb8, 0x01, 0xae, 0xb0, 0x35, 0x2b, 0x00, 0xff, 0xff, 0x00, 0x7d,
  0xff, 0xda, 0x05, 0x90, 0x07, 0xc0, 0x02, 0x26, 0x00, 0x6c, 0x00, 0x00,
  0x01, 0x07, 0x02, 0x30, 0x01, 0x77, 0x01, 0xae, 0x00, 0x09, 0xb1, 0x02,
  0x01, 0xb8, 0x01, 0xae, 0xb0, 0x35, 0x2b, 0x00, 0xff, 0xff, 0x00, 0x7d,
  0xff, 0xda, 0x05, 0xb2, 0x06, 0x63, 0x02, 0x26, 0x00, 0x6c, 0x00, 0x00,
  0x01, 0x07, 0x02, 0x34, 0x03, 0xd2, 0x01, 0x8f, 0x00, 0x09, 0xb1, 0x02,
  0x01, 0xb8, 0x01, 0x8f, 0xb0, 0x35, 0x2b, 0x00, 0xff, 0xff, 0x00, 0x7d,
  0xff, 0xda, 0x05, 0xb2, 0x07, 0x64, 0x02, 0x26, 0x00, 0x6c, 0x00, 0x00,
  0x00, 0x27, 0x02, 0x34, 0x03, 0xd2, 0x01, 0x8f, 0x01, 0x07, 0x02, 0x27,
  0x01, 0x77, 0x01, 0xae, 0x00, 0x12, 0xb1, 0x02, 0x01, 0xb8, 0x01, 0x8f,
  0xb0, 0x35, 0x2b, 0xb1, 0x03, 0x01, 0xb8, 0x01, 0xae, 0xb0, 0x35, 0x2b,
  0xff, 0xff, 0x00, 0x7d, 0xfe, 0x77, 0x05, 0xb2, 0x06, 0x63, 0x02, 0x26,
  0x00, 0x6c, 0x00, 0x00, 0x00, 0x27, 0x02, 0x34, 0x03, 0xd2, 0x01, 0x8f,
  0x01, 0x07, 0x02, 0x35, 0x01, 0x77, 0x00, 0x00, 0x00, 0x09, 0xb1, 0x02,
  0x01, 0xb8, 0x01, 0x8f, 0xb0, 0x35, 0x2b, 0x00, 0xff, 0xff, 0x00, 0x7d,
  0xff, 0xda, 0x05, 0xb2, 0x07, 0x64, 0x02, 0x26, 0x00, 0x6c, 0x00, 0x00,
  0x00, 0x27, 0x02, 0x34, 0x03, 0xd2, 0x01, 0x8f, 0x01, 0x07, 0x02, 0x26,
  0x01, 0x77, 0x01, 0xae, 0x00, 0x12, 0xb1, 0x02, 0x01, 0xb8, 0x01, 0x8f,
  0xb0, 0x35, 0x2b, 0xb1, 0x03, 0x01, 0xb8, 0x01, 0xae, 0xb0, 0x35, 0x2b,
  0xff, 0xff, 0x00, 0x7d, 0xff, 0xda, 0x05, 0xb2, 0x07, 0xc0, 0x02, 0x26,
  0x00, 0x6c, 0x00, 0x00, 0x00, 0x27, 0x02, 0x34, 0x03, 0xd2, 0x01, 0x8f,
  0x01, 0x07, 0x02, 0x30, 0x01, 0x77, 0x01, 0xae, 0x00, 0x12, 0xb1, 0x02,
  0x01, 0xb8, 0x01, 0x8f, 0xb0, 0x35, 0x2b, 0xb1, 0x03, 0x01, 0xb8, 0x01,
  0xae, 0xb0, 0x35, 0x2b, 0xff, 0xff, 0x00, 0x7d, 0xff, 0xda, 0x05, 0xb2,
  0x07, 0x22, 0x02, 0x26, 0x00, 0x6c, 0x00, 0x00, 0x00, 0x27, 0x02, 0x34,
  0x03, 0xd2, 0x01, 0x8f, 0x01, 0x07, 0x02, 0x2e, 0x01, 0x77, 0x01, 0xae,
  0x00, 0x12, 0xb1, 0x02, 0x01, 0xb8, 0x01, 0x8f, 0xb0, 0x35, 0x2b, 0xb1,
  0x03, 0x01, 0xb8, 0x01, 0xae, 0xb0, 0x35, 0x2b, 0xff, 0xff, 0x00, 0x7d,
  0xff, 0xda, 0x05, 0x90, 0x07, 0x64, 0x02, 0x26, 0x00, 0x6c, 0x00, 0x00,
  0x01, 0x07, 0x02, 0x28, 0x01, 0x77, 0x01, 0xae, 0x00, 0x09, 0xb1, 0x02,
  0x02, 0xb8, 0x01, 0xae, 0xb0, 0x35, 0x2b, 0x00, 0xff, 0xff, 0x00, 0x7d,
  0xff, 0xda, 0x05, 0x90, 0x07, 0x6b, 0x02, 0x26, 0x00, 0x6c, 0x00, 0x00,
  0x01, 0x07, 0x02, 0x32, 0x01, 0x77, 0x01, 0xae, 0x00, 0x09, 0xb1, 0x02,
  0x01, 0xb8, 0x01, 0xae, 0xb0, 0x35, 0x2b, 0x00, 0xff, 0xff, 0x00, 0x7d,
  0xff, 0xda, 0x05, 0x90, 0x06, 0xe4, 0x02, 0x26, 0x00, 0x6c, 0x00, 0x00,
  0x01, 0x07, 0x02, 0x2f, 0x01, 0x77, 0x01, 0xae, 0x00, 0x09, 0xb1, 0x02,
  0x01, 0xb8, 0x01, 0xae, 0xb0, 0x35, 0x2b, 0x00, 0xff, 0xff, 0x00, 0x7d,
  0xfe, 0x88, 0x05, 0x90, 0x05, 0xc0, 0x02, 0x26, 0x00, 0x6c, 0x00, 0x00,
  0x01, 0x07, 0x02, 0x39, 0x01, 0xc7, 0xff, 0xef, 0x00, 0x09, 0xb1, 0x02,
  0x01, 0xb8, 0xff, 0xef, 0xb0, 0x35, 0x2b, 0x00, 0xff, 0xff, 0x00, 0x7d,
  0xff, 0x3f, 0x05, 0x90, 0x06, 0x70, 0x02, 0x26, 0x00, 0x6c, 0x00, 0x00,
  0x01, 0x07, 0x02, 0x3d, 0x01, 0x9e, 0x00, 0x07, 0x00, 0x08, 0xb1, 0x02,
  0x01, 0xb0, 0x07, 0xb0, 0x35, 0x2b, 0x00, 0x00, 0xff, 0xff, 0x00, 0x7d,
  0xff, 0x3f, 0x05, 0x90, 0x07, 0x64, 0x02, 0x26, 0x00, 0x6c, 0x00, 0x00,
  0x00, 0x27, 0x02, 0x3d, 0x01, 0x9e, 0x00, 0x07, 0x01, 0x07, 0x02, 0x27,
  0x01, 0x77, 0x01, 0xae, 0x00, 0x11, 0xb1, 0x02, 0x01, 0xb0, 0x07, 0xb0,
  0x35, 0x2b, 0xb1, 0x03, 0x01, 0xb8, 0x01, 0xae, 0xb0, 0x35, 0x2b, 0x00,
  0xff, 0xff, 0x00, 0x7d, 0xff, 0xda, 0x05, 0x90, 0x07, 0x22, 0x02, 0x26,
  0x00, 0x6c, 0x00, 0x00, 0x01, 0x07, 0x02, 0x2e, 0x01, 0x77, 0x01, 0xae,
  0x00, 0x09, 0xb1, 0x02, 0x01, 0xb8, 0x01, 0xae, 0xb0, 0x35, 0x2b, 0x00,
  0xff, 0xff, 0x00, 0x7d, 0xff, 0xda, 0x05, 0x90, 0x07, 0xfb, 0x02, 0x26,
  0x00, 0x6c, 0x00, 0x00, 0x00, 0x27, 0x02, 0x2e, 0x01, 0x77, 0x01, 0xae,
  0x01, 0x07, 0x02, 0x2f, 0x01, 0x77, 0x02, 0xc5, 0x00, 0x12, 0xb1, 0x02,
  0x01, 0xb8, 0x01, 0xae, 0xb0, 0x35, 0x2b, 0xb1, 0x03, 0x01, 0xb8, 0x02,
  0xc5, 0xb0, 0x35, 0x2b, 0x00, 0x02, 0x00, 0x7d, 0x00, 0x00, 0x08, 0x0a,
  0x05, 0xa1, 0x00, 0x10, 0x00, 0x1b, 0x00, 0x65, 0x4b, 0xb0, 0x29, 0x50,
  0x58, 0x40, 0x20, 0x00, 0x02, 0x00, 0x03, 0x04, 0x02, 0x03, 0x67, 0x07,
  0x01, 0x01, 0x01, 0x00, 0x5f, 0x08, 0x01, 0x00, 0x00, 0x1e, 0x4d, 0x06,
  0x01, 0x04, 0x04, 0x05, 0x5f, 0x00, 0x05, 0x05, 0x1f, 0x05, 0x4e, 0x1b,
  0x40, 0x20, 0x00, 0x02, 0x00, 0x03, 0x04, 0x02, 0x03, 0x67, 0x07, 0x01,
  0x01, 0x01, 0x00, 0x5f, 0x08, 0x01, 0x00, 0x00, 0x1e, 0x4d, 0x06, 0x01,
  0x04, 0x04, 0x05, 0x5f, 0x00, 0x05, 0x05, 0x22, 0x05, 0x4e, 0x59, 0x40,
  0x17, 0x01, 0x00, 0x19, 0x17, 0x16, 0x14, 0x0c, 0x0a, 0x09, 0x08, 0x07,
  0x06, 0x05, 0x04, 0x03, 0x02, 0x00, 0x10, 0x01, 0x10, 0x09, 0x08, 0x16,
  0x2b, 0x01, 0x21, 0x15, 0x21, 0x11, 0x21, 0x15, 0x21, 0x11, 0x21, 0x15,
  0x21, 0x20, 0x00, 0x11, 0x10, 0x00, 0x03, 0x14, 0x16, 0x16, 0x33, 0x21,
  0x11, 0x21, 0x22, 0x06, 0x06, 0x03, 0x19, 0x04, 0xee, 0xfc, 0xee, 0x02,
  0x9c, 0xfd, 0x64, 0x03, 0x15, 0xfb, 0x0b, 0xfe, 0xad, 0xfe, 0xbb, 0x01,
  0x48, 0x95, 0x5c, 0xda, 0xbe, 0x01, 0x21, 0xfe, 0xcd, 0xad, 0xd5, 0x60,
  0x05, 0xa1, 0x98, 0xfe, 0x32, 0x96, 0xfd, 0xf3, 0x98, 0x01, 0x5e, 0x01,
  0x6c, 0x01, 0x73, 0x01, 0x64, 0xfd, 0x2d, 0xd7, 0xf7, 0x68, 0x04, 0x71,
  0x72, 0xfb, 0x00, 0x02, 0x00, 0xdc, 0x00, 0x00, 0x04, 0xcb, 0x05, 0xa1,
  0x00, 0x0c, 0x00, 0x17, 0x00, 0x4f, 0x4b, 0xb0, 0x29, 0x50, 0x58, 0x40,
  0x19, 0x00, 0x03, 0x00, 0x01, 0x02, 0x03, 0x01, 0x67, 0x00, 0x04, 0x04,
  0x00, 0x5f, 0x00, 0x00, 0x00, 0x1e, 0x4d, 0x05, 0x01, 0x02, 0x02, 0x1f,
  0x02, 0x4e, 0x1b, 0x40, 0x19, 0x00, 0x03, 0x00, 0x01, 0x02, 0x03, 0x01,
  0x67, 0x00, 0x04, 0x04, 0x00, 0x5f, 0x00, 0x00, 0x00, 0x1e, 0x4d, 0x05,
  0x01, 0x02, 0x02, 0x22, 0x02, 0x4e, 0x59, 0x40, 0x0f, 0x00, 0x00, 0x17,
  0x15, 0x0f, 0x0d, 0x00, 0x0c, 0x00, 0x0c, 0x26, 0x21, 0x06, 0x08, 0x18,
  0x2b, 0x33, 0x11, 0x21, 0x32, 0x16, 0x16, 0x15, 0x14, 0x06, 0x06, 0x23,
  0x21, 0x11, 0x11, 0x21, 0x32, 0x36, 0x36, 0x35, 0x34, 0x26, 0x26, 0x23,
  0x21, 0xdc, 0x01, 0xb7, 0xd8, 0xf8, 0x68, 0x72, 0xf9, 0xcd, 0xfe, 0xf7,
  0x01, 0x09, 0xa0, 0xaa, 0x41, 0x41, 0xaa, 0xa0, 0xfe, 0xf7, 0x05, 0xa1,
  0x51, 0xc9, 0xb3, 0xa8, 0xc8, 0x58, 0xfd, 0xf4, 0x02, 0x9e, 0x31, 0x86,
  0x7f, 0x83, 0x8a, 0x33, 0x00, 0x02, 0x00, 0xdc, 0x00, 0x00, 0x04, 0xcb,
  0x05, 0xa1, 0x00, 0x0e, 0x00, 0x19, 0x00, 0x56, 0x4b, 0xb0, 0x29, 0x50,
  0x58, 0x40, 0x1c, 0x00, 0x01, 0x00, 0x05, 0x04, 0x01, 0x05, 0x67, 0x00,
  0x04, 0x00, 0x02, 0x03, 0x04, 0x02, 0x67, 0x00, 0x00, 0x00, 0x1e, 0x4d,
  0x06, 0x01, 0x03, 0x03, 0x1f, 0x03, 0x4e, 0x1b, 0x40, 0x1c, 0x00, 0x01,
  0x00, 0x05, 0x04, 0x01, 0x05, 0x67, 0x00, 0x04, 0x00, 0x02, 0x03, 0x04,
  0x02, 0x67, 0x00, 0x00, 0x00, 0x1e, 0x4d, 0x06, 0x01, 0x03, 0x03, 0x22,
  0x03, 0x4e, 0x59, 0x40, 0x10, 0x00, 0x00, 0x19, 0x17, 0x11, 0x0f, 0x00,
  0x0e, 0x00, 0x0e, 0x26, 0x21, 0x11, 0x07, 0x08, 0x19, 0x2b, 0x33, 0x11,
  0x33, 0x15, 0x21, 0x32, 0x16, 0x16, 0x15, 0x14, 0x06, 0x06, 0x23, 0x21,
  0x11, 0x11, 0x21, 0x32, 0x36, 0x36, 0x35, 0x34, 0x26, 0x26, 0x23, 0x21,
  0xdc, 0xae, 0x01, 0x09, 0xd8, 0xf8, 0x68, 0x72, 0xf9, 0xcd, 0xfe, 0xf7,
  0x01, 0x09, 0xa0, 0xaa, 0x41, 0x41, 0xaa, 0xa0, 0xfe, 0xf7, 0x05, 0xa1,
  0xe6, 0x51, 0xc9, 0xb3, 0xa8, 0xc8, 0x58, 0xfe, 0xda, 0x01, 0xb8, 0x31,
  0x86, 0x7f, 0x83, 0x8a, 0x33, 0x00, 0x00, 0x03, 0x00, 0x7d, 0xfe, 0xcc,
  0x05, 0x95, 0x05, 0xc0, 0x00, 0x0f, 0x00, 0x1f, 0x00, 0x23, 0x00, 0x8d,
  0x4b, 0xb0, 0x29, 0x50, 0x58, 0x40, 0x1f, 0x00, 0x04, 0x08, 0x01, 0x05,
  0x04, 0x05, 0x63, 0x00, 0x03, 0x03, 0x01, 0x61, 0x00, 0x01, 0x01, 0x24,
  0x4d, 0x07, 0x01, 0x02, 0x02, 0x00, 0x61, 0x06, 0x01, 0x00, 0x00, 0x25,
  0x00, 0x4e, 0x1b, 0x4b, 0xb0, 0x2b, 0x50, 0x58, 0x40, 0x1f, 0x00, 0x04,
  0x08, 0x01, 0x05, 0x04, 0x05, 0x63, 0x00, 0x03, 0x03, 0x01, 0x61, 0x00,
  0x01, 0x01, 0x24, 0x4d, 0x07, 0x01, 0x02, 0x02, 0x00, 0x61, 0x06, 0x01,
  0x00, 0x00, 0x28, 0x00, 0x4e, 0x1b, 0x40, 0x1d, 0x00, 0x01, 0x00, 0x03,
  0x02, 0x01, 0x03, 0x69, 0x00, 0x04, 0x08, 0x01, 0x05, 0x04, 0x05, 0x63,
  0x07, 0x01, 0x02, 0x02, 0x00, 0x61, 0x06, 0x01, 0x00, 0x00, 0x28, 0x00,
  0x4e, 0x59, 0x59, 0x40, 0x1b, 0x20, 0x20, 0x11, 0x10, 0x01, 0x00, 0x20,
  0x23, 0x20, 0x23, 0x22, 0x21, 0x19, 0x17, 0x10, 0x1f, 0x11, 0x1f, 0x09,
  0x07, 0x00, 0x0f, 0x01, 0x0f, 0x09, 0x08, 0x16, 0x2b, 0x05, 0x22, 0x24,
  0x02, 0x35, 0x34, 0x12, 0x24, 0x33, 0x32, 0x04, 0x12, 0x15, 0x14, 0x02,
  0x04, 0x27, 0x32, 0x36, 0x12, 0x35, 0x34, 0x02, 0x26, 0x23, 0x22, 0x06,
  0x02, 0x15, 0x14, 0x12, 0x16, 0x13, 0x35, 0x21, 0x15, 0x03, 0x07, 0xf3,
  0xfe, 0xe3, 0x7a, 0x7f, 0x01, 0x1e, 0xed, 0xee, 0x01, 0x1d, 0x7e, 0x7a,
  0xfe, 0xe5, 0xf4, 0xc2, 0xca, 0x4a, 0x4d, 0xcb, 0xbe, 0xc1, 0xcb, 0x4b,
  0x4c, 0xcb, 0xbf, 0x02, 0x8f, 0x26, 0xaf, 0x01, 0x56, 0xf8, 0xf6, 0x01,
  0x4b, 0xa8, 0xa9, 0xfe, 0xb5, 0xf4, 0xf9, 0xfe, 0xab, 0xb0, 0x94, 0x8d,
  0x01, 0x14, 0xca, 0xc8, 0x01, 0x07, 0x83, 0x86, 0xfe, 0xf5, 0xc9, 0xca,
  0xfe, 0xf0, 0x89, 0xfe, 0x5e, 0x96, 0x96, 0x00, 0x00, 0x02, 0x00, 0xdc,
  0x00, 0x00, 0x04, 0xf8, 0x05, 0xa1, 0x00, 0x15, 0x00, 0x1f, 0x00, 0x59,
  0xb5, 0x08, 0x01, 0x02, 0x04, 0x01, 0x4c, 0x4b, 0xb0, 0x29, 0x50, 0x58,
  0x40, 0x1a, 0x00, 0x04, 0x00, 0x02, 0x01, 0x04, 0x02, 0x67, 0x00, 0x05,
  0x05, 0x00, 0x5f, 0x00, 0x00, 0x00, 0x1e, 0x4d, 0x06, 0x03, 0x02, 0x01,
  0x01, 0x1f, 0x01, 0x4e, 0x1b, 0x40, 0x1a, 0x00, 0x04, 0x00, 0x02, 0x01,
  0x04, 0x02, 0x67, 0x00, 0x05, 0x05, 0x00, 0x5f, 0x00, 0x00, 0x00, 0x1e,
  0x4d, 0x06, 0x03, 0x02, 0x01, 0x01, 0x22, 0x01, 0x4e, 0x59, 0x40, 0x10,
  0x00, 0x00, 0x1f, 0x1d, 0x18, 0x16, 0x00, 0x15, 0x00, 0x15, 0x24, 0x1a,
  0x21, 0x07, 0x08, 0x19, 0x2b, 0x33, 0x11, 0x21, 0x32, 0x16, 0x16, 0x15,
  0x10, 0x05, 0x1e, 0x02, 0x17, 0x13, 0x23, 0x03, 0x2e, 0x02, 0x23, 0x21,
  0x11, 0x11, 0x21, 0x32, 0x36, 0x35, 0x34, 0x26, 0x26, 0x23, 0x21, 0xdc,
  0x01, 0xdb, 0xca, 0xe8, 0x62, 0xfe, 0xe3, 0x48, 0x57, 0x36, 0x15, 0x60,
  0xb0, 0x51, 0x17, 0x45, 0x80, 0x71, 0xfe, 0xe0, 0x01, 0x48, 0xa4, 0xa8,
  0x39, 0x8d, 0x7d, 0xfe, 0xaf, 0x05, 0xa1, 0x4d, 0xab, 0x8f, 0xfe, 0xf6,
  0x49, 0x12, 0x3a, 0x6d, 0x5e, 0xfe, 0x50, 0x01, 0x73, 0x6b, 0x74, 0x2d,
  0xfd, 0x81, 0x03, 0x11, 0x75, 0x8a, 0x60, 0x6f, 0x2e, 0x00, 0xff, 0xff,
  0x00, 0xdc, 0x00, 0x00, 0x04, 0xf8, 0x07, 0x64, 0x02, 0x26, 0x00, 0x8e,
  0x00, 0x00, 0x01, 0x07, 0x02, 0x27, 0x01, 0x31, 0x01, 0xae, 0x00, 0x09,
  0xb1, 0x02, 0x01, 0xb8, 0x01, 0xae, 0xb0, 0x35, 0x2b, 0x00, 0xff, 0xff,
  0x00, 0xdc, 0x00, 0x00, 0x04, 0xf8, 0x07, 0x83, 0x02, 0x26, 0x00, 0x8e,
  0x00, 0x00, 0x01, 0x07, 0x02, 0x2b, 0x01, 0x31, 0x01, 0xae, 0x00, 0x09,
  0xb1, 0x02, 0x01, 0xb8, 0x01, 0xae, 0xb0, 0x35, 0x2b, 0x00, 0xff, 0xff,
  0x00, 0xdc, 0xfd, 0xab, 0x04, 0xf8, 0x05, 0xa1, 0x02, 0x26, 0x00, 0x8e,
  0x00, 0x00, 0x00, 0x07, 0x02, 0x37, 0x01, 0x4f, 0x00, 0x00, 0xff, 0xff,
  0x00, 0xdc, 0x00, 0x00, 0x04, 0xf8, 0x07, 0x64, 0x02, 0x26, 0x00, 0x8e,
  0x00, 0x00, 0x01, 0x07, 0x02, 0x31, 0x01, 0x31, 0x01, 0xae, 0x00, 0x09,
  0xb1, 0x02, 0x02, 0xb8, 0x01, 0xae, 0xb0, 0x35, 0x2b, 0x00, 0xff, 0xff,
  0x00, 0xdc, 0x00, 0x00, 0x04, 0xf8, 0x07, 0x6b, 0x02, 0x26, 0x00, 0x8e,
  0x00, 0x00, 0x01, 0x07, 0x02, 0x32, 0x01, 0x31, 0x01, 0xae, 0x00, 0x09,
  0xb1, 0x02, 0x01, 0xb8, 0x01, 0xae, 0xb0, 0x35, 0x2b, 0x00, 0x00, 0x01,
  0x00, 0x96, 0xff, 0xe3, 0x04, 0xa0, 0x05, 0xc5, 0x00, 0x28, 0x00, 0x5d,
  0x4b, 0xb0, 0x23, 0x50, 0x58, 0x40, 0x24, 0x00, 0x03, 0x04, 0x00, 0x04,
  0x03, 0x00, 0x80, 0x00, 0x00, 0x01, 0x04, 0x00, 0x01, 0x7e, 0x00, 0x04,
  0x04, 0x02, 0x61, 0x00, 0x02, 0x02, 0x24, 0x4d, 0x00, 0x01, 0x01, 0x05,
  0x61, 0x00, 0x05, 0x05, 0x28, 0x05, 0x4e, 0x1b, 0x40, 0x22, 0x00, 0x03,
  0x04, 0x00, 0x04, 0x03, 0x00, 0x80, 0x00, 0x00, 0x01, 0x04, 0x00, 0x01,
  0x7e, 0x00, 0x02, 0x00, 0x04, 0x03, 0x02, 0x04, 0x69, 0x00, 0x01, 0x01,
  0x05, 0x61, 0x00, 0x05, 0x05, 0x28, 0x05, 0x4e, 0x59, 0x40, 0x09, 0x2b,
  0x23, 0x12, 0x2b, 0x22, 0x10, 0x06, 0x08, 0x1c, 0x2b, 0x13, 0x33, 0x14,
  0x16, 0x33, 0x32, 0x36, 0x35, 0x34, 0x26, 0x27, 0x27, 0x26, 0x26, 0x35,
  0x34, 0x24, 0x21, 0x32, 0x16, 0x15, 0x23, 0x34, 0x26, 0x26, 0x23, 0x22,
  0x06, 0x15, 0x14, 0x16, 0x17, 0x17, 0x16, 0x16, 0x15, 0x14, 0x06, 0x21,
  0x20, 0x26, 0x96, 0xa5, 0x9e, 0xc9, 0xba, 0x96, 0x74, 0x95, 0xb2, 0xd0,
  0xc9, 0x01, 0x01, 0x01, 0x0f, 0xf8, 0xd6, 0x9f, 0x36, 0x86, 0x78, 0xb8,
  0xa5, 0x6b, 0x91, 0xb2, 0xd7, 0xcf, 0xfb, 0xfe, 0xec, 0xfe, 0xfc, 0xf7,
  0x01, 0x6e, 0x8b, 0x6f, 0x83, 0x91, 0x6e, 0x81, 0x1b, 0x20, 0x26, 0xb8,
  0xaf, 0xbd, 0xc9, 0xa8, 0xc6, 0x52, 0x60, 0x2b, 0x72, 0x7d, 0x65, 0x73,
  0x1a, 0x20, 0x27, 0xc8, 0xb4, 0xd3, 0xda, 0xb6, 0xff, 0xff, 0x00, 0x96,
  0xff, 0xe3, 0x04, 0xa0, 0x07, 0x64, 0x02, 0x26, 0x00, 0x94, 0x00, 0x00,
  0x01, 0x07, 0x02, 0x27, 0x00, 0xff, 0x01, 0xae, 0x00, 0x09, 0xb1, 0x01,
  0x01, 0xb8, 0x01, 0xae, 0xb0, 0x35, 0x2b, 0x00, 0xff, 0xff, 0x00, 0x96,
  0xff, 0xe3, 0x04, 0xa0, 0x07, 0x83, 0x02, 0x26, 0x00, 0x94, 0x00, 0x00,
  0x01, 0x07, 0x02, 0x2b, 0x00, 0xff, 0x01, 0xae, 0x00, 0x09, 0xb1, 0x01,
  0x01, 0xb8, 0x01, 0xae, 0xb0, 0x35, 0x2b, 0x00, 0xff, 0xff, 0x00, 0x96,
  0xfe, 0x77, 0x04, 0xa0, 0x05, 0xc5, 0x02, 0x26, 0x00, 0x94, 0x00, 0x00,
  0x00, 0x07, 0x02, 0x38, 0x00, 0xff, 0x00, 0x00, 0xff, 0xff, 0x00, 0x96,
  0xff, 0xe3, 0x04, 0xa0, 0x07, 0x83, 0x02, 0x26, 0x00, 0x94, 0x00, 0x00,
  0x01, 0x07, 0x02, 0x2a, 0x00, 0xff, 0x01, 0xae, 0x00, 0x09, 0xb1, 0x01,
  0x01, 0xb8, 0x01, 0xae, 0xb0, 0x35, 0x2b, 0x00, 0xff, 0xff, 0x00, 0x96,
  0xfd, 0xab, 0x04, 0xa0, 0x05, 0xc5, 0x02, 0x26, 0x00, 0x94, 0x00, 0x00,
  0x00, 0x07, 0x02, 0x37, 0x00, 0xff, 0x00, 0x00, 0x00, 0x01, 0x00, 0xd2,
  0xff, 0xe3, 0x06, 0x45, 0x05, 0xa1, 0x00, 0x2e, 0x00, 0x5e, 0x4b, 0xb0,
  0x29, 0x50, 0x58, 0x40, 0x23, 0x00, 0x01, 0x03, 0x02, 0x03, 0x01, 0x02,
  0x80, 0x06, 0x01, 0x03, 0x03, 0x05, 0x5f, 0x00, 0x05, 0x05, 0x1e, 0x4d,
  0x00, 0x04, 0x04, 0x1f, 0x4d, 0x00, 0x02, 0x02, 0x00, 0x61, 0x00, 0x00,
  0x00, 0x28, 0x00, 0x4e, 0x1b, 0x40, 0x23, 0x00, 0x01, 0x03, 0x02, 0x03,
  0x01, 0x02, 0x80, 0x06, 0x01, 0x03, 0x03, 0x05, 0x5f, 0x00, 0x05, 0x05,
  0x1e, 0x4d, 0x00, 0x04, 0x04, 0x22, 0x4d, 0x00, 0x02, 0x02, 0x00, 0x61,
  0x00, 0x00, 0x00, 0x28, 0x00, 0x4e, 0x59, 0x40, 0x0a, 0x21, 0x24, 0x14,
  0x2b, 0x22, 0x12, 0x25, 0x07, 0x08, 0x1d, 0x2b, 0x01, 0x16, 0x16, 0x15,
  0x14, 0x06, 0x23, 0x22, 0x26, 0x35, 0x33, 0x14, 0x16, 0x33, 0x32, 0x36,
  0x35, 0x34, 0x26, 0x27, 0x27, 0x26, 0x26, 0x35, 0x34, 0x37, 0x23, 0x22,
  0x06, 0x06, 0x15, 0x11, 0x23, 0x11, 0x34, 0x36, 0x24, 0x33, 0x21, 0x15,
  0x23, 0x22, 0x06, 0x15, 0x14, 0x16, 0x17, 0x04, 0xed, 0xb0, 0xa8, 0xdb,
  0xf1, 0xe2, 0xdf, 0xa5, 0x88, 0xa0, 0x93, 0x83, 0x62, 0x7b, 0x92, 0xac,
  0xa3, 0x83, 0x09, 0xc1, 0xcc, 0x4a, 0xae, 0x74, 0x01, 0x15, 0xf2, 0x02,
  0x33, 0xcf, 0x94, 0x8f, 0x57, 0x76, 0x03, 0x1c, 0x25, 0xc1, 0xb0, 0xcf,
  0xd4, 0xb2, 0xd0, 0x86, 0x68, 0x7b, 0x8c, 0x6b, 0x80, 0x1a, 0x1f, 0x25,
  0xaf, 0x91, 0xaf, 0x58, 0x5a, 0xb7, 0x8e, 0xfc, 0x90, 0x03, 0x74, 0xb0,
  0xfa, 0x84, 0x94, 0x69, 0x7a, 0x63, 0x73, 0x19, 0x00, 0x01, 0x00, 0x32,
  0xff, 0xff, 0x04, 0x5d, 0x05, 0xa1, 0x00, 0x07, 0x00, 0x3e, 0x4b, 0xb0,
  0x29, 0x50, 0x58, 0x40, 0x12, 0x04, 0x03, 0x02, 0x01, 0x01, 0x00, 0x5f,
  0x00, 0x00, 0x00, 0x1e, 0x4d, 0x00, 0x02, 0x02, 0x1f, 0x02, 0x4e, 0x1b,
  0x40, 0x12, 0x04, 0x03, 0x02, 0x01, 0x01, 0x00, 0x5f, 0x00, 0x00, 0x00,
  0x1e, 0x4d, 0x00, 0x02, 0x02, 0x22, 0x02, 0x4e, 0x59, 0x40, 0x0c, 0x00,
  0x00, 0x00, 0x07, 0x00, 0x07, 0x11, 0x11, 0x11, 0x05, 0x08, 0x19, 0x2b,
  0x13, 0x35, 0x21, 0x15, 0x21, 0x11, 0x23, 0x11, 0x32, 0x04, 0x2b, 0xfe,
  0x41, 0xad, 0x05, 0x09, 0x98, 0x98, 0xfa, 0xf6, 0x05, 0x0a, 0x00, 0x01,
  0x00, 0x2d, 0xff, 0xff, 0x04, 0x58, 0x05, 0xa1, 0x00, 0x0f, 0x00, 0x56,
  0x4b, 0xb0, 0x29, 0x50, 0x58, 0x40, 0x1c, 0x06, 0x01, 0x02, 0x05, 0x01,
  0x03, 0x04, 0x02, 0x03, 0x67, 0x08, 0x07, 0x02, 0x01, 0x01, 0x00, 0x5f,
  0x00, 0x00, 0x00, 0x1e, 0x4d, 0x00, 0x04, 0x04, 0x1f, 0x04, 0x4e, 0x1b,
  0x40, 0x1c, 0x06, 0x01, 0x02, 0x05, 0x01, 0x03, 0x04, 0x02, 0x03, 0x67,
  0x08, 0x07, 0x02, 0x01, 0x01, 0x00, 0x5f, 0x00, 0x00, 0x00, 0x1e, 0x4d,
  0x00, 0x04, 0x04, 0x22, 0x04, 0x4e, 0x59, 0x40, 0x10, 0x00, 0x00, 0x00,
  0x0f, 0x00, 0x0f, 0x11, 0x11, 0x11, 0x11, 0x11, 0x11, 0x11, 0x09, 0x08,
  0x1d, 0x2b, 0x13, 0x35, 0x21, 0x15, 0x21, 0x11, 0x21, 0x15, 0x21, 0x11,
  0x23, 0x11, 0x21, 0x35, 0x21, 0x11, 0x2d, 0x04, 0x2b, 0xfe, 0x41, 0x01,
  0x45, 0xfe, 0xbb, 0xad, 0xfe, 0xbe, 0x01, 0x42, 0x05, 0x09, 0x98, 0x98,
  0xfe, 0x03, 0x76, 0xfd, 0x69, 0x02, 0x97, 0x76, 0x01, 0xfd, 0xff, 0xff,
  0x00, 0x32, 0xff, 0xff, 0x04, 0x5d, 0x07, 0x83, 0x02, 0x26, 0x00, 0x9b,
  0x00, 0x00, 0x01, 0x07, 0x02, 0x2b, 0x00, 0xb9, 0x01, 0xae, 0x00, 0x09,
  0xb1, 0x01, 0x01, 0xb8, 0x01, 0xae, 0xb0, 0x35, 0x2b, 0x00, 0xff, 0xff,
  0x00, 0x32, 0xfe, 0x77, 0x04, 0x5d, 0x05, 0xa1, 0x02, 0x26, 0x00, 0x9b,
  0x00, 0x00, 0x00, 0x07, 0x02, 0x38, 0x00, 0xb9, 0x00, 0x00, 0xff, 0xff,
  0x00, 0x32, 0xfd, 0xab, 0x04, 0x5d, 0x05, 0xa1, 0x02, 0x26, 0x00, 0x9b,
  0x00, 0x00, 0x00, 0x07, 0x02, 0x37, 0x00, 0xb9, 0x00, 0x00, 0x00, 0x01,
  0x00, 0xd2, 0xff, 0xd0, 0x05, 0x59, 0x05, 0xa1, 0x00, 0x11, 0x00, 0x33,
  0x4b, 0xb0, 0x29, 0x50, 0x58, 0x40, 0x11, 0x03, 0x01, 0x01, 0x01, 0x1e,
  0x4d, 0x00, 0x00, 0x00, 0x02, 0x61, 0x00, 0x02, 0x02, 0x25, 0x02, 0x4e,
  0x1b, 0x40, 0x0e, 0x00, 0x00, 0x00, 0x02, 0x00, 0x02, 0x65, 0x03, 0x01,
  0x01, 0x01, 0x1e, 0x01, 0x4e, 0x59, 0xb6, 0x13, 0x23, 0x13, 0x22, 0x04,
  0x08, 0x1a, 0x2b, 0x01, 0x14, 0x16, 0x33, 0x32, 0x36, 0x35, 0x11, 0x33,
  0x11, 0x10, 0x00, 0x21, 0x20, 0x00, 0x11, 0x11, 0x33, 0x01, 0x80, 0xd3,
  0xc3, 0xc2, 0xd3, 0xae, 0xfe, 0xd3, 0xfe, 0xea, 0xfe, 0xea, 0xfe, 0xd2,
  0xae, 0x02, 0x13, 0xca, 0xdc, 0xdc, 0xca, 0x03, 0x8e, 0xfc, 0x75, 0xfe,
  0xe9, 0xfe, 0xd1, 0x01, 0x2f, 0x01, 0x17, 0x03, 0x8b, 0x00, 0xff, 0xff,
  0x00, 0xd2, 0xff, 0xd0, 0x05, 0x59, 0x07, 0x64, 0x02, 0x26, 0x00, 0xa0,
  0x00, 0x00, 0x01, 0x07, 0x02, 0x27, 0x01, 0x86, 0x01, 0xae, 0x00, 0x09,
  0xb1, 0x01, 0x01, 0xb8, 0x01, 0xae, 0xb0, 0x35, 0x2b, 0x00, 0xff, 0xff,
  0x00, 0xd2, 0xff, 0xd0, 0x05, 0x59, 0x07, 0x6b, 0x02, 0x26, 0x00, 0xa0,
  0x00, 0x00, 0x01, 0x07, 0x02, 0x2c, 0x01, 0x86, 0x01, 0xae, 0x00, 0x09,
  0xb1, 0x01, 0x01, 0xb8, 0x01, 0xae, 0xb0, 0x35, 0x2b, 0x00, 0xff, 0xff,
  0x00, 0xd2, 0xff, 0xd0, 0x05, 0x59, 0x07, 0x83, 0x02, 0x26, 0x00, 0xa0,
  0x00, 0x00, 0x01, 0x07, 0x02, 0x2a, 0x01, 0x86, 0x01, 0xae, 0x00, 0x09,
  0xb1, 0x01, 0x01, 0xb8, 0x01, 0xae, 0xb0, 0x35, 0x2b, 0x00, 0xff, 0xff,
  0x00, 0xd2, 0xff, 0xd0, 0x05, 0x59, 0x07, 0x64, 0x02, 0x26, 0x00, 0xa0,
  0x00, 0x00, 0x01, 0x07, 0x02, 0x31, 0x01, 0x86, 0x01, 0xae, 0x00, 0x09,
  0xb1, 0x01, 0x02, 0xb8, 0x01, 0xae, 0xb0, 0x35, 0x2b, 0x00, 0xff, 0xff,
  0x00, 0xd2, 0xff, 0xd0, 0x05, 0x59, 0x07, 0x1c, 0x02, 0x26, 0x00, 0xa0,
  0x00, 0x00, 0x01, 0x07, 0x02, 0x24, 0x01, 0x86, 0x01, 0xae, 0x00, 0x09,
  0xb1, 0x01, 0x02, 0xb8, 0x01, 0xae, 0xb0, 0x35, 0x2b, 0x00, 0xff, 0xff,
  0x00, 0xd2, 0xfe, 0x77, 0x05, 0x59, 0x05, 0xa1, 0x02, 0x26, 0x00, 0xa0,
  0x00, 0x00, 0x00, 0x07, 0x02, 0x35, 0x01, 0x86, 0x00, 0x00, 0xff, 0xff,
  0x00, 0xd2, 0xff, 0xd0, 0x05, 0x59, 0x07, 0x64, 0x02, 0x26, 0x00, 0xa0,
  0x00, 0x00, 0x01, 0x07, 0x02, 0x26, 0x01, 0x86, 0x01, 0xae, 0x00, 0x09,
  0xb1, 0x01, 0x01, 0xb8, 0x01, 0xae, 0xb0, 0x35, 0x2b, 0x00, 0xff, 0xff,
  0x00, 0xd2, 0xff, 0xd0, 0x05, 0x59, 0x07, 0xc0, 0x02, 0x26, 0x00, 0xa0,
  0x00, 0x00, 0x01, 0x07, 0x02, 0x30, 0x01, 0x86, 0x01, 0xae, 0x00, 0x09,
  0xb1, 0x01, 0x01, 0xb8, 0x01, 0xae, 0xb0, 0x35, 0x2b, 0x00, 0xff, 0xff,
  0x00, 0xd2, 0xff, 0xd0, 0x06, 0x71, 0x06, 0x83, 0x02, 0x26, 0x00, 0xa0,
  0x00, 0x00, 0x01, 0x07, 0x02, 0x34, 0x04, 0x91, 0x01, 0xaf, 0x00, 0x09,
  0xb1, 0x01, 0x01, 0xb8, 0x01, 0xaf, 0xb0, 0x35, 0x2b, 0x00, 0xff, 0xff,
  0x00, 0xd2, 0xff, 0xd0, 0x06, 0x71, 0x07, 0x64, 0x02, 0x26, 0x00, 0xa0,
  0x00, 0x00, 0x00, 0x27, 0x02, 0x34, 0x04, 0x91, 0x01, 0xaf, 0x01, 0x07,
  0x02, 0x27, 0x01, 0x86, 0x01, 0xae, 0x00, 0x12, 0xb1, 0x01, 0x01, 0xb8,
  0x01, 0xaf, 0xb0, 0x35, 0x2b, 0xb1, 0x02, 0x01, 0xb8, 0x01, 0xae, 0xb0,
  0x35, 0x2b, 0xff, 0xff, 0x00, 0xd2, 0xfe, 0x77, 0x06, 0x71, 0x06, 0x83,
  0x02, 0x26, 0x00, 0xa0, 0x00, 0x00, 0x00, 0x27, 0x02, 0x34, 0x04, 0x91,
  0x01, 0xaf, 0x01, 0x07, 0x02, 0x35, 0x01, 0x86, 0x00, 0x00, 0x00, 0x09,
  0xb1, 0x01, 0x01, 0xb8, 0x01, 0xaf, 0xb0, 0x35, 0x2b, 0x00, 0xff, 0xff,
  0x00, 0xd2, 0xff, 0xd0, 0x06, 0x71, 0x07, 0x64, 0x02, 0x26, 0x00, 0xa0,
  0x00, 0x00, 0x00, 0x27, 0x02, 0x34, 0x04, 0x91, 0x01, 0xaf, 0x01, 0x07,
  0x02, 0x26, 0x01, 0x86, 0x01, 0xae, 0x00, 0x12, 0xb1, 0x01, 0x01, 0xb8,
  0x01, 0xaf, 0xb0, 0x35, 0x2b, 0xb1, 0x02, 0x01, 0xb8, 0x01, 0xae, 0xb0,
  0x35, 0x2b, 0xff, 0xff, 0x00, 0xd2, 0xff, 0xd0, 0x06, 0x71, 0x07, 0xc0,
  0x02, 0x26, 0x00, 0xa0, 0x00, 0x00, 0x00, 0x27, 0x02, 0x34, 0x04, 0x91,
  0x01, 0xaf, 0x01, 0x07, 0x02, 0x30, 0x01, 0x86, 0x01, 0xae, 0x00, 0x12,
  0xb1, 0x01, 0x01, 0xb8, 0x01, 0xaf, 0xb0, 0x35, 0x2b, 0xb1, 0x02, 0x01,
  0xb8, 0x01, 0xae, 0xb0, 0x35, 0x2b, 0xff, 0xff, 0x00, 0xd2, 0xff, 0xd0,
  0x06, 0x71, 0x07, 0x22, 0x02, 0x26, 0x00, 0xa0, 0x00, 0x00, 0x00, 0x27,
  0x02, 0x34, 0x04, 0x91, 0x01, 0xaf, 0x01, 0x07, 0x02, 0x2e, 0x01, 0x86,
  0x01, 0xae, 0x00, 0x12, 0xb1, 0x01, 0x01, 0xb8, 0x01, 0xaf, 0xb0, 0x35,
  0x2b, 0xb1, 0x02, 0x01, 0xb8, 0x01, 0xae, 0xb0, 0x35, 0x2b, 0xff, 0xff,
  0x00, 0xd2, 0xff, 0xd0, 0x05, 0x59, 0x07, 0x64, 0x02, 0x26, 0x00, 0xa0,
  0x00, 0x00, 0x01, 0x07, 0x02, 0x28, 0x01, 0x86, 0x01, 0xae, 0x00, 0x09,
  0xb1, 0x01, 0x02, 0xb8, 0x01, 0xae, 0xb0, 0x35, 0x2b, 0x00, 0xff, 0xff,
  0x00, 0xd2, 0xff, 0xd0, 0x05, 0x59, 0x07, 0x6b, 0x02, 0x26, 0x00, 0xa0,
  0x00, 0x00, 0x01, 0x07, 0x02, 0x32, 0x01, 0x86, 0x01, 0xae, 0x00, 0x09,
  0xb1, 0x01, 0x01, 0xb8, 0x01, 0xae, 0xb0, 0x35, 0x2b, 0x00, 0xff, 0xff,
  0x00, 0xd2, 0xff, 0xd0, 0x05, 0x59, 0x06, 0xe4, 0x02, 0x26, 0x00, 0xa0,
  0x00, 0x00, 0x01, 0x07, 0x02, 0x2f, 0x01, 0x86, 0x01, 0xae, 0x00, 0x09,
  0xb1, 0x01, 0x01, 0xb8, 0x01, 0xae, 0xb0, 0x35, 0x2b, 0x00, 0xff, 0xff,
  0x00, 0xd2, 0xfe, 0x9a, 0x05, 0x59, 0x05, 0xa1, 0x02, 0x26, 0x00, 0xa0,
  0x00, 0x00, 0x01, 0x07, 0x02, 0x39, 0x01, 0xd6, 0x00, 0x01, 0x00, 0x08,
  0xb1, 0x01, 0x01, 0xb0, 0x01, 0xb0, 0x35, 0x2b, 0x00, 0x00, 0xff, 0xff,
  0x00, 0xd2, 0xff, 0xd0, 0x05, 0x59, 0x07, 0xc7, 0x02, 0x26, 0x00, 0xa0,
  0x00, 0x00, 0x01, 0x07, 0x02, 0x2d, 0x01, 0x86, 0x01, 0xae, 0x00, 0x09,
  0xb1, 0x01, 0x02, 0xb8, 0x01, 0xae, 0xb0, 0x35, 0x2b, 0x00, 0xff, 0xff,
  0x00, 0xd2, 0xff, 0xd0, 0x05, 0x59, 0x07, 0x22, 0x02, 0x26, 0x00, 0xa0,
  0x00, 0x00, 0x01, 0x07, 0x02, 0x2e, 0x01, 0x86, 0x01, 0xae, 0x00, 0x09,
  0xb1, 0x01, 0x01, 0xb8, 0x01, 0xae, 0xb0, 0x35, 0x2b, 0x00, 0x00, 0x01,
  0x00, 0x2d, 0x00, 0x00, 0x04, 0xeb, 0x05, 0xa1, 0x00, 0x09, 0x00, 0x36,
  0x4b, 0xb0, 0x29, 0x50, 0x58, 0x40, 0x11, 0x03, 0x01, 0x01, 0x01, 0x1e,
  0x4d, 0x00, 0x02, 0x02, 0x00, 0x5f, 0x00, 0x00, 0x00, 0x1f, 0x00, 0x4e,
  0x1b, 0x40, 0x11, 0x03, 0x01, 0x01, 0x01, 0x1e, 0x4d, 0x00, 0x02, 0x02,
  0x00, 0x5f, 0x00, 0x00, 0x00, 0x22, 0x00, 0x4e, 0x59, 0xb6, 0x12, 0x12,
  0x11, 0x10, 0x04, 0x08, 0x1a, 0x2b, 0x21, 0x23, 0x01, 0x33, 0x01, 0x17,
  0x33, 0x37, 0x01, 0x33, 0x02, 0xfd, 0xd6, 0xfe, 0x06, 0xb8, 0x01, 0x5f,
  0x3a, 0x21, 0x3a, 0x01, 0x5a, 0xb8, 0x05, 0xa1, 0xfb, 0xd3, 0xb7, 0xb7,
  0x04, 0x2d, 0x00, 0x01, 0x00, 0x82, 0x00, 0x00, 0x07, 0x55, 0x05, 0xa1,
  0x00, 0x11, 0x00, 0x4b, 0x4b, 0xb0, 0x29, 0x50, 0x58, 0x40, 0x19, 0x00,
  0x06, 0x06, 0x00, 0x5f, 0x04, 0x02, 0x02, 0x00, 0x00, 0x1e, 0x4d, 0x03,
  0x01, 0x01, 0x01, 0x05, 0x5f, 0x07, 0x01, 0x05, 0x05, 0x1f, 0x05, 0x4e,
  0x1b, 0x40, 0x19, 0x00, 0x06, 0x06, 0x00, 0x5f, 0x04, 0x02, 0x02, 0x00,
  0x00, 0x1e, 0x4d, 0x03, 0x01, 0x01, 0x01, 0x05, 0x5f, 0x07, 0x01, 0x05,
  0x05, 0x22, 0x05, 0x4e, 0x59, 0x40, 0x0b, 0x11, 0x11, 0x11, 0x11, 0x12,
  0x12, 0x11, 0x10, 0x08, 0x08, 0x1e, 0x2b, 0x13, 0x33, 0x01, 0x33, 0x13,
  0x13, 0x33, 0x13, 0x13, 0x33, 0x01, 0x33, 0x01, 0x23, 0x01, 0x23, 0x01,
  0x23, 0x82, 0xae, 0x01, 0x14, 0x1d, 0x3a, 0xd6, 0xf5, 0xd5, 0x3c, 0x1d,
  0x01, 0x13, 0xae, 0xfe, 0xaa, 0xea, 0xfe, 0xed, 0x23, 0xfe, 0xe2, 0xea,
  0x05, 0xa1, 0xfb, 0x21, 0x01, 0x1a, 0x03, 0xc5, 0xfc, 0x39, 0xfe, 0xe7,
  0x04, 0xe0, 0xfa, 0x5f, 0x04, 0xd3, 0xfb, 0x2d, 0xff, 0xff, 0x00, 0x82,
  0x00, 0x00, 0x07, 0x55, 0x07, 0x64, 0x02, 0x26, 0x00, 0xb6, 0x00, 0x00,
  0x01, 0x07, 0x02, 0x27, 0x02, 0x4e, 0x01, 0xae, 0x00, 0x09, 0xb1, 0x01,
  0x01, 0xb8, 0x01, 0xae, 0xb0, 0x35, 0x2b, 0x00, 0xff, 0xff, 0x00, 0x82,
  0x00, 0x00, 0x07, 0x55, 0x07, 0x83, 0x02, 0x26, 0x00, 0xb6, 0x00, 0x00,
  0x01, 0x07, 0x02, 0x2a, 0x02, 0x4e, 0x01, 0xae, 0x00, 0x09, 0xb1, 0x01,
  0x01, 0xb8, 0x01, 0xae, 0xb0, 0x35, 0x2b, 0x00, 0xff, 0xff, 0x00, 0x82,
  0x00, 0x00, 0x07, 0x55, 0x07, 0x1c, 0x02, 0x26, 0x00, 0xb6, 0x00, 0x00,
  0x01, 0x07, 0x02, 0x24, 0x02, 0x4e, 0x01, 0xae, 0x00, 0x09, 0xb1, 0x01,
  0x02, 0xb8, 0x01, 0xae, 0xb0, 0x35, 0x2b, 0x00, 0xff, 0xff, 0x00, 0x82,
  0x00, 0x00, 0x07, 0x55, 0x07, 0x64, 0x02, 0x26, 0x00, 0xb6, 0x00, 0x00,
  0x01, 0x07, 0x02, 0x26, 0x02, 0x4e, 0x01, 0xae, 0x00, 0x09, 0xb1, 0x01,
  0x01, 0xb8, 0x01, 0xae, 0xb0, 0x35, 0x2b, 0x00, 0x00, 0x01, 0x00, 0x41,
  0x00, 0x00, 0x04, 0xd7, 0x05, 0xa1, 0x00, 0x0b, 0x00, 0x39, 0x40, 0x09,
  0x0b, 0x08, 0x05, 0x02, 0x04, 0x02, 0x00, 0x01, 0x4c, 0x4b, 0xb0, 0x29,
  0x50, 0x58, 0x40, 0x0d, 0x01, 0x01, 0x00, 0x00, 0x1e, 0x4d, 0x03, 0x01,
  0x02, 0x02, 0x1f, 0x02, 0x4e, 0x1b, 0x40, 0x0d, 0x01, 0x01, 0x00, 0x00,
  0x1e, 0x4d, 0x03, 0x01, 0x02, 0x02, 0x22, 0x02, 0x4e, 0x59, 0xb6, 0x12,
  0x12, 0x12, 0x10, 0x04, 0x08, 0x1a, 0x2b, 0x13, 0x33, 0x01, 0x01, 0x33,
  0x01, 0x01, 0x23, 0x01, 0x01, 0x23, 0x01, 0x41, 0xc2, 0x01, 0x8b, 0x01,
  0x88, 0xbf, 0xfe, 0x1e, 0x01, 0xe4, 0xc2, 0xfe, 0x76, 0xfe, 0x76, 0xbf,
  0x01, 0xe3, 0x05, 0xa1, 0xfd, 0xa5, 0x02, 0x5b, 0xfd, 0x25, 0xfd, 0x3a,
  0x02, 0x48, 0xfd, 0xb8, 0x02, 0xc7, 0x00, 0x01, 0x00, 0x0f, 0x00, 0x00,
  0x04, 0x93, 0x05, 0xa1, 0x00, 0x09, 0x00, 0x46, 0xb6, 0x08, 0x01, 0x02,
  0x03, 0x01, 0x01, 0x4c, 0x4b, 0xb0, 0x29, 0x50, 0x58, 0x40, 0x12, 0x02,
  0x01, 0x00, 0x00, 0x1e, 0x4d, 0x00, 0x01, 0x01, 0x03, 0x5f, 0x04, 0x01,
  0x03, 0x03, 0x1f, 0x03, 0x4e, 0x1b, 0x40, 0x12, 0x02, 0x01, 0x00, 0x00,
  0x1e, 0x4d, 0x00, 0x01, 0x01, 0x03, 0x5f, 0x04, 0x01, 0x03, 0x03, 0x22,
  0x03, 0x4e, 0x59, 0x40, 0x0c, 0x00, 0x00, 0x00, 0x09, 0x00, 0x09, 0x11,
  0x11, 0x12, 0x05, 0x08, 0x19, 0x2b, 0x21, 0x11, 0x01, 0x33, 0x01, 0x33,
  0x01, 0x33, 0x01, 0x11, 0x01, 0xf8, 0xfe, 0x17, 0xb8, 0x01, 0x7b, 0x1c,
  0x01, 0x80, 0xb5, 0xfe, 0x13, 0x02, 0x54, 0x03, 0x4d, 0xfd, 0x64, 0x02,
  0x9c, 0xfc, 0xb3, 0xfd, 0xac, 0x00, 0xff, 0xff, 0x00, 0x0f, 0x00, 0x00,
  0x04, 0x93, 0x07, 0x64, 0x02, 0x26, 0x00, 0xbc, 0x00, 0x00, 0x01, 0x07,
  0x02, 0x27, 0x00, 0xc1, 0x01, 0xae, 0x00, 0x09, 0xb1, 0x01, 0x01, 0xb8,
  0x01, 0xae, 0xb0, 0x35, 0x2b, 0x00, 0xff, 0xff, 0x00, 0x0f, 0x00, 0x00,
  0x04, 0x93, 0x07, 0x83, 0x02, 0x26, 0x00, 0xbc, 0x00, 0x00, 0x01, 0x07,
  0x02, 0x2a, 0x00, 0xc1, 0x01, 0xae, 0x00, 0x09, 0xb1, 0x01, 0x01, 0xb8,
  0x01, 0xae, 0xb0, 0x35, 0x2b, 0x00, 0xff, 0xff, 0x00, 0x0f, 0x00, 0x00,
  0x04, 0x93, 0x07, 0x1c, 0x02, 0x26, 0x00, 0xbc, 0x00, 0x00, 0x01, 0x07,
  0x02, 0x24, 0x00, 0xc1, 0x01, 0xae, 0x00, 0x09, 0xb1, 0x01, 0x02, 0xb8,
  0x01, 0xae, 0xb0, 0x35, 0x2b, 0x00, 0xff, 0xff, 0x00, 0x0f, 0xfe, 0x77,
  0x04, 0x93, 0x05, 0xa1, 0x02, 0x26, 0x00, 0xbc, 0x00, 0x00, 0x00, 0x07,
  0x02, 0x35, 0x00, 0xc1, 0x00, 0x00, 0xff, 0xff, 0x00, 0x0f, 0x00, 0x00,
  0x04, 0x93, 0x07, 0x64, 0x02, 0x26, 0x00, 0xbc, 0x00, 0x00, 0x01, 0x07,
  0x02, 0x26, 0x00, 0xc1, 0x01, 0xae, 0x00, 0x09, 0xb1, 0x01, 0x01, 0xb8,
  0x01, 0xae, 0xb0, 0x35, 0x2b, 0x00, 0xff, 0xff, 0x00, 0x0f, 0x00, 0x00,
  0x04, 0x93, 0x07, 0xc0, 0x02, 0x26, 0x00, 0xbc, 0x00, 0x00, 0x01, 0x07,
  0x02, 0x30, 0x00, 0xc1, 0x01, 0xae, 0x00, 0x09, 0xb1, 0x01, 0x01, 0xb8,
  0x01, 0xae, 0xb0, 0x35, 0x2b, 0x00, 0xff, 0xff, 0x00, 0x0f, 0x00, 0x00,
  0x04, 0x93, 0x06, 0xe4, 0x02, 0x26, 0x00, 0xbc, 0x00, 0x00, 0x01, 0x07,
  0x02, 0x2f, 0x00, 0xc1, 0x01, 0xae, 0x00, 0x09, 0xb1, 0x01, 0x01, 0xb8,
  0x01, 0xae, 0xb0, 0x35, 0x2b, 0x00, 0xff, 0xff, 0x00, 0x0f, 0x00, 0x00,
  0x04, 0x93, 0x07, 0x22, 0x02, 0x26, 0x00, 0xbc, 0x00, 0x00, 0x01, 0x07,
  0x02, 0x2e, 0x00, 0xc1, 0x01, 0xae, 0x00, 0x09, 0xb1, 0x01, 0x01, 0xb8,
  0x01, 0xae, 0xb0, 0x35, 0x2b, 0x00, 0x00, 0x01, 0x00, 0x64, 0x00, 0x00,
  0x04, 0x79, 0x05, 0xa1, 0x00, 0x09, 0x00, 0x52, 0x40, 0x0a, 0x03, 0x01,
  0x03, 0x00, 0x08, 0x01, 0x02, 0x01, 0x02, 0x4c, 0x4b, 0xb0, 0x29, 0x50,
  0x58, 0x40, 0x16, 0x04, 0x01, 0x03, 0x03, 0x00, 0x5f, 0x00, 0x00, 0x00,
  0x1e, 0x4d, 0x00, 0x01, 0x01, 0x02, 0x5f, 0x00, 0x02, 0x02, 0x1f, 0x02,
  0x4e, 0x1b, 0x40, 0x16, 0x04, 0x01, 0x03, 0x03, 0x00, 0x5f, 0x00, 0x00,
  0x00, 0x1e, 0x4d, 0x00, 0x01, 0x01, 0x02, 0x5f, 0x00, 0x02, 0x02, 0x22,
  0x02, 0x4e, 0x59, 0x40, 0x0c, 0x00, 0x00, 0x00, 0x09, 0x00, 0x09, 0x11,
  0x12, 0x11, 0x05, 0x08, 0x19, 0x2b, 0x13, 0x35, 0x21, 0x15, 0x01, 0x21,
  0x15, 0x21, 0x35, 0x01, 0x72, 0x04, 0x04, 0xfc, 0xc9, 0x03, 0x3a, 0xfb,
  0xeb, 0x03, 0x48, 0x05, 0x09, 0x98, 0x80, 0xfb, 0x77, 0x98, 0x7e, 0x04,
  0x8b, 0x00, 0xff, 0xff, 0x00, 0x64, 0x00, 0x00, 0x04, 0x79, 0x07, 0x64,
  0x02, 0x26, 0x00, 0xc5, 0x00, 0x00, 0x01, 0x07, 0x02, 0x27, 0x00, 0xd5,
  0x01, 0xae, 0x00, 0x09, 0xb1, 0x01, 0x01, 0xb8, 0x01, 0xae, 0xb0, 0x35,
  0x2b, 0x00, 0xff, 0xff, 0x00, 0x64, 0x00, 0x00, 0x04, 0x79, 0x07, 0x83,
  0x02, 0x26, 0x00, 0xc5, 0x00, 0x00, 0x01, 0x07, 0x02, 0x2b, 0x00, 0xd5,
  0x01, 0xae, 0x00, 0x09, 0xb1, 0x01, 0x01, 0xb8, 0x01, 0xae, 0xb0, 0x35,
  0x2b, 0x00, 0xff, 0xff, 0x00, 0x64, 0x00, 0x00, 0x04, 0x79, 0x07, 0x34,
  0x02, 0x26, 0x00, 0xc5, 0x00, 0x00, 0x01, 0x07, 0x02, 0x25, 0x00, 0xd5,
  0x01, 0xae, 0x00, 0x09, 0xb1, 0x01, 0x01, 0xb8, 0x01, 0xae, 0xb0, 0x35,
  0x2b, 0x00, 0x00, 0x02, 0x00, 0x77, 0xff, 0xe8, 0x04, 0x1b, 0x04, 0x09,
  0x00, 0x22, 0x00, 0x2d, 0x00, 0x3f, 0x40, 0x3c, 0x12, 0x0b, 0x02, 0x07,
  0x06, 0x0c, 0x01, 0x02, 0x07, 0x02, 0x4c, 0x00, 0x00, 0x05, 0x04, 0x05,
  0x00, 0x04, 0x80, 0x00, 0x04, 0x00, 0x06, 0x07, 0x04, 0x06, 0x67, 0x00,
  0x05, 0x05, 0x01, 0x61, 0x00, 0x01, 0x01, 0x27, 0x4d, 0x00, 0x07, 0x07,
  0x02, 0x61, 0x03, 0x01, 0x02, 0x02, 0x28, 0x02, 0x4e, 0x24, 0x23, 0x23,
  0x24, 0x24, 0x38, 0x22, 0x10, 0x08, 0x08, 0x1e, 0x2b, 0x01, 0x23, 0x34,
  0x36, 0x33, 0x32, 0x16, 0x15, 0x11, 0x14, 0x16, 0x37, 0x15, 0x06, 0x06,
  0x23, 0x22, 0x26, 0x35, 0x06, 0x06, 0x23, 0x22, 0x26, 0x35, 0x34, 0x36,
  0x33, 0x33, 0x35, 0x34, 0x26, 0x23, 0x22, 0x06, 0x01, 0x35, 0x23, 0x22,
  0x06, 0x15, 0x14, 0x16, 0x33, 0x32, 0x36, 0x01, 0x24, 0x8b, 0xc2, 0xca,
  0xcd, 0xc5, 0x28, 0x3c, 0x13, 0x1e, 0x15, 0x49, 0x59, 0x32, 0xb5, 0x76,
  0xa9, 0xb6, 0xd7, 0xfd, 0xd2, 0x72, 0x86, 0x8b, 0x76, 0x01, 0xfa, 0xd4,
  0xa6, 0x8f, 0x78, 0x6e, 0x8c, 0x97, 0x02, 0xe2, 0x97, 0x90, 0x96, 0x9c,
  0xfd, 0xfc, 0x43, 0x2a, 0x05, 0x7a, 0x07, 0x02, 0x4e, 0x40, 0x43, 0x4a,
  0x9f, 0x92, 0xa8, 0x8f, 0x87, 0x62, 0x53, 0x4f, 0xfd, 0xf3, 0xae, 0x59,
  0x69, 0x59, 0x5e, 0x68, 0xff, 0xff, 0x00, 0x77, 0xff, 0xe8, 0x04, 0x1b,
  0x05, 0xb6, 0x02, 0x26, 0x00, 0xc9, 0x00, 0x00, 0x00, 0x07, 0x02, 0x27,
  0x00, 0xa6, 0x00, 0x00, 0xff, 0xff, 0x00, 0x77, 0xff, 0xe8, 0x04, 0x1b,
  0x05, 0xbd, 0x02, 0x26, 0x00, 0xc9, 0x00, 0x00, 0x00, 0x07, 0x02, 0x2c,
  0x00, 0xa6, 0x00, 0x00, 0xff, 0xff, 0x00, 0x77, 0xff, 0xe8, 0x04, 0x1b,
  0x06, 0xe2, 0x02, 0x26, 0x00, 0xc9, 0x00, 0x00, 0x00, 0x27, 0x02, 0x2c,
  0x00, 0xa6, 0x00, 0x00, 0x01, 0x07, 0x02, 0x27, 0x00, 0xa6, 0x01, 0x2c,
  0x00, 0x09, 0xb1, 0x03, 0x01, 0xb8, 0x01, 0x2c, 0xb0, 0x35, 0x2b, 0x00,
  0xff, 0xff, 0x00, 0x77, 0xfe, 0x77, 0x04, 0x1b, 0x05, 0xbd, 0x02, 0x26,
  0x00, 0xc9, 0x00, 0x00, 0x00, 0x27, 0x02, 0x2c, 0x00, 0xa6, 0x00, 0x00,
  0x00, 0x07, 0x02, 0x35, 0x00, 0xa6, 0x00, 0x00, 0xff, 0xff, 0x00, 0x77,
  0xff, 0xe8, 0x04, 0x1b, 0x06, 0xe2, 0x02, 0x26, 0x00, 0xc9, 0x00, 0x00,
  0x00, 0x27, 0x02, 0x2c, 0x00, 0xa6, 0x00, 0x00, 0x01, 0x07, 0x02, 0x26,
  0x00, 0xa6, 0x01, 0x2c, 0x00, 0x09, 0xb1, 0x03, 0x01, 0xb8, 0x01, 0x2c,
  0xb0, 0x35, 0x2b, 0x00, 0xff, 0xff, 0x00, 0x77, 0xff, 0xe8, 0x04, 0x1b,
  0x07, 0x3e, 0x02, 0x26, 0x00, 0xc9, 0x00, 0x00, 0x00, 0x27, 0x02, 0x2c,
  0x00, 0xa6, 0x00, 0x00, 0x01, 0x07, 0x02, 0x30, 0x00, 0xa6, 0x01, 0x2c,
  0x00, 0x09, 0xb1, 0x03, 0x01, 0xb8, 0x01, 0x2c, 0xb0, 0x35, 0x2b, 0x00,
  0xff, 0xff, 0x00, 0x77, 0xff, 0xe8, 0x04, 0x1b, 0x06, 0xc8, 0x02, 0x26,
  0x00, 0xc9, 0x00, 0x00, 0x00, 0x27, 0x02, 0x2c, 0x00, 0xa6, 0x00, 0x00,
  0x01, 0x07, 0x02, 0x2e, 0x00, 0xba, 0x01, 0x54, 0x00, 0x09, 0xb1, 0x03,
  0x01, 0xb8, 0x01, 0x54, 0xb0, 0x35, 0x2b, 0x00, 0xff, 0xff, 0x00, 0x77,
  0xff, 0xe8, 0x04, 0x1b, 0x05, 0xd5, 0x02, 0x26, 0x00, 0xc9, 0x00, 0x00,
  0x00, 0x07, 0x02, 0x2a, 0x00, 0xa6, 0x00, 0x00, 0xff, 0xff, 0x00, 0x77,
  0xff, 0xe8, 0x04, 0x1b, 0x06, 0xe2, 0x02, 0x26, 0x00, 0xc9, 0x00, 0x00,
  0x00, 0x27, 0x02, 0x2a, 0x00, 0xa6, 0x00, 0x00, 0x01, 0x07, 0x02, 0x27,
  0x01, 0x7e, 0x01, 0x2c, 0x00, 0x09, 0xb1, 0x03, 0x01, 0xb8, 0x01, 0x2c,
  0xb0, 0x35, 0x2b, 0x00, 0xff, 0xff, 0x00, 0x77, 0xfe, 0x77, 0x04, 0x1b,
  0x05, 0xd5, 0x02, 0x26, 0x00, 0xc9, 0x00, 0x00, 0x00, 0x27, 0x02, 0x2a,
  0x00, 0xa6, 0x00, 0x00, 0x00, 0x07, 0x02, 0x35, 0x00, 0xa6, 0x00, 0x00,
  0xff, 0xff, 0x00, 0x77, 0xff, 0xe8, 0x04, 0x1b, 0x06, 0xe2, 0x02, 0x26,
  0x00, 0xc9, 0x00, 0x00, 0x00, 0x27, 0x02, 0x2a, 0x00, 0xa6, 0x00, 0x00,
  0x01, 0x07, 0x02, 0x26, 0x01, 0x7e, 0x01, 0x2c, 0x00, 0x09, 0xb1, 0x03,
  0x01, 0xb8, 0x01, 0x2c, 0xb0, 0x35, 0x2b, 0x00, 0xff, 0xff, 0x00, 0x77,
  0xff, 0xe8, 0x04, 0x1b, 0x07, 0x3e, 0x02, 0x26, 0x00, 0xc9, 0x00, 0x00,
  0x00, 0x27, 0x02, 0x2a, 0x00, 0xa6, 0x00, 0x00, 0x01, 0x07, 0x02, 0x30,
  0x01, 0x7e, 0x01, 0x2c, 0x00, 0x09, 0xb1, 0x03, 0x01, 0xb8, 0x01, 0x2c,
  0xb0, 0x35, 0x2b, 0x00, 0xff, 0xff, 0x00, 0x77, 0xff, 0xe8, 0x04, 0x1b,
  0x06, 0xc8, 0x02, 0x26, 0x00, 0xc9, 0x00, 0x00, 0x00, 0x27, 0x02, 0x2a,
  0x00, 0xa6, 0x00, 0x00, 0x01, 0x07, 0x02, 0x2e, 0x00, 0xa6, 0x01, 0x54,
  0x00, 0x09, 0xb1, 0x03, 0x01, 0xb8, 0x01, 0x54, 0xb0, 0x35, 0x2b, 0x00,
  0xff, 0xff, 0x00, 0x77, 0xff, 0xe8, 0x04, 0x1b, 0x05, 0xb6, 0x02, 0x26,
  0x00, 0xc9, 0x00, 0x00, 0x00, 0x07, 0x02, 0x31, 0x00, 0xa6, 0x00, 0x00,
  0xff, 0xff, 0x00, 0x77, 0xff, 0xe8, 0x04, 0x1b, 0x05, 0x6e, 0x02, 0x26,
  0x00, 0xc9, 0x00, 0x00, 0x00, 0x07, 0x02, 0x24, 0x00, 0xa6, 0x00, 0x00,
  0xff, 0xff, 0x00, 0x77, 0xfe, 0x77, 0x04, 0x1b, 0x04, 0x09, 0x02, 0x26,
  0x00, 0xc9, 0x00, 0x00, 0x00, 0x07, 0x02, 0x35, 0x00, 0xa6, 0x00, 0x00,
  0xff, 0xff, 0x00, 0x77, 0xff, 0xe8, 0x04, 0x1b, 0x05, 0xb6, 0x02, 0x26,
  0x00, 0xc9, 0x00, 0x00, 0x00, 0x07, 0x02, 0x26, 0x00, 0xa6, 0x00, 0x00,
  0xff, 0xff, 0x00, 0x77, 0xff, 0xe8, 0x04, 0x1b, 0x06, 0x12, 0x02, 0x26,
  0x00, 0xc9, 0x00, 0x00, 0x00, 0x07, 0x02, 0x30, 0x00, 0xa6, 0x00, 0x00,
  0xff, 0xff, 0x00, 0x77, 0xff, 0xe8, 0x04, 0x1b, 0x05, 0xbd, 0x02, 0x26,
  0x00, 0xc9, 0x00, 0x00, 0x00, 0x07, 0x02, 0x32, 0x00, 0xa6, 0x00, 0x00,
  0xff, 0xff, 0x00, 0x77, 0xff, 0xe8, 0x04, 0x1b, 0x05, 0x36, 0x02, 0x26,
  0x00, 0xc9, 0x00, 0x00, 0x00, 0x07, 0x02, 0x2f, 0x00, 0xa6, 0x00, 0x00,
  0xff, 0xff, 0x00, 0x77, 0xfe, 0x8c, 0x04, 0x32, 0x04, 0x09, 0x02, 0x26,
  0x00, 0xc9, 0x00, 0x00, 0x01, 0x07, 0x02, 0x39, 0x02, 0x1a, 0xff, 0xf3,
  0x00, 0x09, 0xb1, 0x02, 0x01, 0xb8, 0xff, 0xf3, 0xb0, 0x35, 0x2b, 0x00,
  0xff, 0xff, 0x00, 0x77, 0xff, 0xe8, 0x04, 0x1b, 0x06, 0x19, 0x02, 0x26,
  0x00, 0xc9, 0x00, 0x00, 0x00, 0x07, 0x02, 0x2d, 0x00, 0xa6, 0x00, 0x00,
  0xff, 0xff, 0x00, 0x77, 0xff, 0xe8, 0x04, 0x1b, 0x07, 0x0a, 0x02, 0x26,
  0x00, 0xc9, 0x00, 0x00, 0x00, 0x27, 0x02, 0x2d, 0x00, 0xa6, 0x00, 0x00,
  0x01, 0x07, 0x02, 0x27, 0x00, 0xa9, 0x01, 0x54, 0x00, 0x09, 0xb1, 0x04,
  0x01, 0xb8, 0x01, 0x54, 0xb0, 0x35, 0x2b, 0x00, 0xff, 0xff, 0x00, 0x77,
  0xff, 0xe8, 0x04, 0x1b, 0x05, 0x74, 0x02, 0x26, 0x00, 0xc9, 0x00, 0x00,
  0x00, 0x07, 0x02, 0x2e, 0x00, 0xa6, 0x00, 0x00, 0x00, 0x03, 0x00, 0x77,
  0xff, 0xe9, 0x06, 0x87, 0x04, 0x0a, 0x00, 0x2b, 0x00, 0x34, 0x00, 0x3f,
  0x00, 0x69, 0x40, 0x66, 0x15, 0x01, 0x03, 0x02, 0x29, 0x01, 0x07, 0x08,
  0x02, 0x4c, 0x00, 0x03, 0x02, 0x01, 0x02, 0x03, 0x01, 0x80, 0x00, 0x08,
  0x06, 0x07, 0x06, 0x08, 0x07, 0x80, 0x0a, 0x01, 0x01, 0x0d, 0x01, 0x06,
  0x08, 0x01, 0x06, 0x67, 0x0b, 0x01, 0x02, 0x02, 0x04, 0x61, 0x05, 0x01,
  0x04, 0x04, 0x27, 0x4d, 0x0f, 0x0c, 0x02, 0x07, 0x07, 0x00, 0x61, 0x09,
  0x0e, 0x02, 0x00, 0x00, 0x28, 0x00, 0x4e, 0x36, 0x35, 0x01, 0x00, 0x3b,
  0x39, 0x35, 0x3f, 0x36, 0x3f, 0x32, 0x30, 0x2d, 0x2c, 0x28, 0x26, 0x24,
  0x23, 0x21, 0x1f, 0x1d, 0x1c, 0x19, 0x17, 0x13, 0x11, 0x0f, 0x0e, 0x0c,
  0x0a, 0x07, 0x05, 0x00, 0x2b, 0x01, 0x2b, 0x10, 0x08, 0x16, 0x2b, 0x05,
  0x22, 0x26, 0x35, 0x34, 0x36, 0x33, 0x33, 0x35, 0x34, 0x26, 0x23, 0x22,
  0x06, 0x15, 0x23, 0x34, 0x36, 0x33, 0x32, 0x16, 0x17, 0x36, 0x36, 0x33,
  0x32, 0x16, 0x16, 0x15, 0x21, 0x14, 0x16, 0x33, 0x32, 0x36, 0x37, 0x33,
  0x14, 0x06, 0x23, 0x20, 0x27, 0x06, 0x06, 0x01, 0x21, 0x2e, 0x02, 0x23,
  0x22, 0x06, 0x06, 0x01, 0x32, 0x36, 0x35, 0x35, 0x23, 0x22, 0x06, 0x15,
  0x14, 0x16, 0x01, 0xd6, 0xa9, 0xb6, 0xd7, 0xfd, 0xd2, 0x72, 0x86, 0x8b,
  0x76, 0x8b, 0xc2, 0xca, 0x8f, 0xab, 0x25, 0x33, 0x9f, 0x7c, 0xa9, 0xbe,
  0x4e, 0xfd, 0x2f, 0x8b, 0xa3, 0x85, 0x75, 0x04, 0x9d, 0xcb, 0xd4, 0xfe,
  0xdb, 0x66, 0x26, 0xc5, 0x01, 0x4e, 0x02, 0x33, 0x04, 0x37, 0x78, 0x66,
  0x66, 0x79, 0x37, 0xfe, 0x3f, 0x8c, 0x97, 0xd4, 0xa6, 0x8f, 0x78, 0x17,
  0x9f, 0x92, 0xa8, 0x8f, 0x87, 0x62, 0x53, 0x4f, 0x5c, 0x97, 0x90, 0x48,
  0x4b, 0x50, 0x44, 0x77, 0xf6, 0xbd, 0xcb, 0xaf, 0x4f, 0x61, 0x9a, 0x93,
  0xd3, 0x6d, 0x66, 0x02, 0x69, 0x79, 0x8a, 0x3a, 0x3a, 0x8a, 0xfd, 0x9b,
  0x68, 0x63, 0xae, 0x59, 0x69, 0x59, 0x5e, 0x00, 0xff, 0xff, 0x00, 0x77,
  0xff, 0xe9, 0x06, 0x87, 0x05, 0xb6, 0x02, 0x26, 0x00, 0xe2, 0x00, 0x00,
  0x00, 0x07, 0x02, 0x27, 0x01, 0xe6, 0x00, 0x00, 0x00, 0x02, 0x00, 0xb4,
  0xff, 0xe9, 0x04, 0x2f, 0x05, 0xa1, 0x00, 0x11, 0x00, 0x21, 0x00, 0x95,
  0xb6, 0x09, 0x04, 0x02, 0x04, 0x05, 0x01, 0x4c, 0x4b, 0xb0, 0x17, 0x50,
  0x58, 0x40, 0x1d, 0x00, 0x02, 0x02, 0x1e, 0x4d, 0x00, 0x05, 0x05, 0x03,
  0x61, 0x00, 0x03, 0x03, 0x27, 0x4d, 0x07, 0x01, 0x04, 0x04, 0x00, 0x61,
  0x01, 0x06, 0x02, 0x00, 0x00, 0x28, 0x00, 0x4e, 0x1b, 0x4b, 0xb0, 0x29,
  0x50, 0x58, 0x40, 0x21, 0x00, 0x02, 0x02, 0x1e, 0x4d, 0x00, 0x05, 0x05,
  0x03, 0x61, 0x00, 0x03, 0x03, 0x27, 0x4d, 0x00, 0x01, 0x01, 0x1f, 0x4d,
  0x07, 0x01, 0x04, 0x04, 0x00, 0x61, 0x06, 0x01, 0x00, 0x00, 0x28, 0x00,
  0x4e, 0x1b, 0x40, 0x21, 0x00, 0x02, 0x02, 0x1e, 0x4d, 0x00, 0x05, 0x05,
  0x03, 0x61, 0x00, 0x03, 0x03, 0x27, 0x4d, 0x00, 0x01, 0x01, 0x22, 0x4d,
  0x07, 0x01, 0x04, 0x04, 0x00, 0x61, 0x06, 0x01, 0x00, 0x00, 0x28, 0x00,
  0x4e, 0x59, 0x59, 0x40, 0x17, 0x13, 0x12, 0x01, 0x00, 0x1b, 0x19, 0x12,
  0x21, 0x13, 0x21, 0x0d, 0x0b, 0x08, 0x07, 0x06, 0x05, 0x00, 0x11, 0x01,
  0x11, 0x08, 0x08, 0x16, 0x2b, 0x05, 0x22, 0x26, 0x26, 0x27, 0x07, 0x23,
  0x11, 0x33, 0x11, 0x36, 0x36, 0x33, 0x32, 0x16, 0x11, 0x10, 0x06, 0x27,
  0x32, 0x36, 0x36, 0x35, 0x34, 0x26, 0x26, 0x23, 0x22, 0x06, 0x06, 0x15,
  0x14, 0x16, 0x16, 0x02, 0x9b, 0x6d, 0x87, 0x4e, 0x18, 0x12, 0x7b, 0x9a,
  0x32, 0x99, 0x80, 0xcf, 0xc7, 0xc6, 0xf1, 0x6c, 0x7b, 0x34, 0x35, 0x7c,
  0x6d, 0x76, 0x80, 0x31, 0x37, 0x82, 0x17, 0x2f, 0x49, 0x25, 0x86, 0x05,
  0xa1, 0xfd, 0xe1, 0x49, 0x3f, 0xf1, 0xfe, 0xd8, 0xfe, 0xe8, 0xf0, 0x7d,
  0x48, 0xac, 0x95, 0x9e, 0xb4, 0x4c, 0x43, 0xaf, 0xa2, 0x99, 0xb0, 0x4a,
  0x00, 0x01, 0x00, 0x78, 0xff, 0xe9, 0x03, 0xd5, 0x04, 0x0b, 0x00, 0x1d,
  0x00, 0x30, 0x40, 0x2d, 0x00, 0x03, 0x04, 0x00, 0x04, 0x03, 0x00, 0x80,
  0x00, 0x00, 0x05, 0x04, 0x00, 0x05, 0x7e, 0x00, 0x04, 0x04, 0x02, 0x61,
  0x00, 0x02, 0x02, 0x27, 0x4d, 0x00, 0x05, 0x05, 0x01, 0x61, 0x00, 0x01,
  0x01, 0x28, 0x01, 0x4e, 0x26, 0x22, 0x12, 0x26, 0x22, 0x10, 0x06, 0x08,
  0x1c, 0x2b, 0x01, 0x33, 0x06, 0x06, 0x23, 0x22, 0x26, 0x26, 0x35, 0x34,
  0x36, 0x36, 0x33, 0x32, 0x16, 0x17, 0x23, 0x26, 0x26, 0x23, 0x22, 0x06,
  0x06, 0x15, 0x14, 0x16, 0x16, 0x33, 0x32, 0x36, 0x03, 0x38, 0x9d, 0x01,
  0xb6, 0xd4, 0xa8, 0xcd, 0x5d, 0x5e, 0xcd, 0xa8, 0xc6, 0xc1, 0x03, 0x9d,
  0x08, 0x6f, 0x7a, 0x74, 0x86, 0x38, 0x39, 0x8a, 0x77, 0x7d, 0x6a, 0x01,
  0x36, 0xb4, 0x99, 0x6a, 0xeb, 0xbf, 0xbe, 0xe7, 0x69, 0xa3, 0xaa, 0x71,
  0x5f, 0x4a, 0xb0, 0x99, 0x9a, 0xb1, 0x4a, 0x5d, 0xff, 0xff, 0x00, 0x78,
  0xff, 0xe9, 0x03, 0xd5, 0x05, 0xb6, 0x02, 0x26, 0x00, 0xe5, 0x00, 0x00,
  0x00, 0x07, 0x02, 0x27, 0x00, 0x91, 0x00, 0x00, 0xff, 0xff, 0x00, 0x78,
  0xff, 0xe9, 0x03, 0xd5, 0x05, 0xd5, 0x02, 0x26, 0x00, 0xe5, 0x00, 0x00,
  0x00, 0x07, 0x02, 0x2b, 0x00, 0x91, 0x00, 0x00, 0xff, 0xff, 0x00, 0x78,
  0xfe, 0x77, 0x03, 0xd5, 0x04, 0x0b, 0x02, 0x26, 0x00, 0xe5, 0x00, 0x00,
  0x00, 0x07, 0x02, 0x38, 0x00, 0x91, 0x00, 0x00, 0xff, 0xff, 0x00, 0x78,
  0xff, 0xe9, 0x03, 0xd5, 0x05, 0xd5, 0x02, 0x26, 0x00, 0xe5, 0x00, 0x00,
  0x00, 0x07, 0x02, 0x2a, 0x00, 0x91, 0x00, 0x00, 0xff, 0xff, 0x00, 0x78,
  0xff, 0xe9, 0x03, 0xd5, 0x05, 0x86, 0x02, 0x26, 0x00, 0xe5, 0x00, 0x00,
  0x00, 0x07, 0x02, 0x25, 0x00, 0x91, 0x00, 0x00, 0x00, 0x02, 0x00, 0x78,
  0xff, 0xe9, 0x03, 0xf3, 0x05, 0xa1, 0x00, 0x11, 0x00, 0x21, 0x00, 0x95,
  0xb6, 0x0e, 0x09, 0x02, 0x04, 0x05, 0x01, 0x4c, 0x4b, 0xb0, 0x17, 0x50,
  0x58, 0x40, 0x1d, 0x00, 0x02, 0x02, 0x1e, 0x4d, 0x00, 0x05, 0x05, 0x01,
  0x61, 0x00, 0x01, 0x01, 0x27, 0x4d, 0x07, 0x01, 0x04, 0x04, 0x00, 0x61,
  0x03, 0x06, 0x02, 0x00, 0x00, 0x28, 0x00, 0x4e, 0x1b, 0x4b, 0xb0, 0x29,
  0x50, 0x58, 0x40, 0x21, 0x00, 0x02, 0x02, 0x1e, 0x4d, 0x00, 0x05, 0x05,
  0x01, 0x61, 0x00, 0x01, 0x01, 0x27, 0x4d, 0x00, 0x03, 0x03, 0x1f, 0x4d,
  0x07, 0x01, 0x04, 0x04, 0x00, 0x61, 0x06, 0x01, 0x00, 0x00, 0x28, 0x00,
  0x4e, 0x1b, 0x40, 0x21, 0x00, 0x02, 0x02, 0x1e, 0x4d, 0x00, 0x05, 0x05,
  0x01, 0x61, 0x00, 0x01, 0x01, 0x27, 0x4d, 0x00, 0x03, 0x03, 0x22, 0x4d,
  0x07, 0x01, 0x04, 0x04, 0x00, 0x61, 0x06, 0x01, 0x00, 0x00, 0x28, 0x00,
  0x4e, 0x59, 0x59, 0x40, 0x17, 0x13, 0x12, 0x01, 0x00, 0x1b, 0x19, 0x12,
  0x21, 0x13, 0x21, 0x0d, 0x0c, 0x0b, 0x0a, 0x07, 0x05, 0x00, 0x11, 0x01,
  0x11, 0x08, 0x08, 0x16, 0x2b, 0x05, 0x22, 0x26, 0x11, 0x10, 0x36, 0x33,
  0x32, 0x16, 0x17, 0x11, 0x33, 0x11, 0x23, 0x27, 0x0e, 0x02, 0x27, 0x32,
  0x36, 0x36, 0x35, 0x34, 0x26, 0x26, 0x23, 0x22, 0x06, 0x06, 0x15, 0x14,
  0x16, 0x16, 0x02, 0x0c, 0xcd, 0xc7, 0xc7, 0xcf, 0x80, 0x99, 0x32, 0x9a,
  0x7b, 0x12, 0x18, 0x4e, 0x87, 0x4a, 0x71, 0x82, 0x37, 0x31, 0x80, 0x76,
  0x6c, 0x7d, 0x35, 0x34, 0x7c, 0x17, 0xf0, 0x01, 0x18, 0x01, 0x28, 0xf1,
  0x3f, 0x49, 0x02, 0x1f, 0xfa, 0x5f, 0x86, 0x25, 0x49, 0x2f, 0x7d, 0x4a,
  0xb0, 0x99, 0xa2, 0xaf, 0x43, 0x4c, 0xb4, 0x9e, 0x95, 0xac, 0x48, 0x00,
  0x00, 0x02, 0x00, 0x78, 0xff, 0xe0, 0x04, 0x5e, 0x05, 0xbf, 0x00, 0x23,
  0x00, 0x2f, 0x00, 0xbc, 0x40, 0x17, 0x1c, 0x1b, 0x02, 0x02, 0x04, 0x1e,
  0x1d, 0x10, 0x03, 0x03, 0x02, 0x0f, 0x0e, 0x02, 0x01, 0x03, 0x28, 0x09,
  0x02, 0x05, 0x06, 0x04, 0x4c, 0x4b, 0xb0, 0x29, 0x50, 0x58, 0x40, 0x27,
  0x00, 0x03, 0x02, 0x01, 0x02, 0x03, 0x01, 0x80, 0x00, 0x01, 0x00, 0x06,
  0x05, 0x01, 0x06, 0x69, 0x00, 0x02, 0x02, 0x04, 0x61, 0x00, 0x04, 0x04,
  0x24, 0x4d, 0x08, 0x01, 0x05, 0x05, 0x00, 0x61, 0x07, 0x01, 0x00, 0x00,
  0x25, 0x00, 0x4e, 0x1b, 0x4b, 0xb0, 0x2d, 0x50, 0x58, 0x40, 0x27, 0x00,
  0x03, 0x02, 0x01, 0x02, 0x03, 0x01, 0x80, 0x00, 0x01, 0x00, 0x06, 0x05,
  0x01, 0x06, 0x69, 0x00, 0x02, 0x02, 0x04, 0x61, 0x00, 0x04, 0x04, 0x24,
  0x4d, 0x08, 0x01, 0x05, 0x05, 0x00, 0x61, 0x07, 0x01, 0x00, 0x00, 0x28,
  0x00, 0x4e, 0x1b, 0x40, 0x25, 0x00, 0x03, 0x02, 0x01, 0x02, 0x03, 0x01,
  0x80, 0x00, 0x04, 0x00, 0x02, 0x03, 0x04, 0x02, 0x69, 0x00, 0x01, 0x00,
  0x06, 0x05, 0x01, 0x06, 0x69, 0x08, 0x01, 0x05, 0x05, 0x00, 0x61, 0x07,
  0x01, 0x00, 0x00, 0x28, 0x00, 0x4e, 0x59, 0x59, 0x40, 0x19, 0x25, 0x24,
  0x01, 0x00, 0x2c, 0x2a, 0x24, 0x2f, 0x25, 0x2f, 0x1a, 0x18, 0x16, 0x15,
  0x13, 0x11, 0x07, 0x05, 0x00, 0x23, 0x01, 0x23, 0x09, 0x08, 0x16, 0x2b,
  0x05, 0x22, 0x26, 0x35, 0x34, 0x36, 0x33, 0x32, 0x16, 0x17, 0x11, 0x34,
  0x26, 0x27, 0x07, 0x27, 0x37, 0x26, 0x23, 0x22, 0x06, 0x15, 0x23, 0x34,
  0x36, 0x33, 0x32, 0x17, 0x37, 0x17, 0x07, 0x16, 0x15, 0x11, 0x14, 0x06,
  0x27, 0x32, 0x36, 0x35, 0x35, 0x26, 0x26, 0x23, 0x20, 0x11, 0x14, 0x16,
  0x02, 0x2d, 0xd7, 0xde, 0xd5, 0xbf, 0x84, 0x99, 0x30, 0x02, 0x03, 0xd1,
  0x48, 0xe7, 0x40, 0xa6, 0x95, 0x80, 0x8e, 0xcc, 0xd3, 0xf2, 0x6c, 0x80,
  0x48, 0x88, 0x16, 0xdb, 0xe2, 0x99, 0x91, 0x1f, 0x90, 0x89, 0xfe, 0xef,
  0x8d, 0x20, 0xdb, 0xe2, 0xda, 0xd1, 0x3d, 0x4a, 0x01, 0x78, 0x14, 0x23,
  0x10, 0x93, 0x6a, 0xa2, 0x49, 0x67, 0x7a, 0xb3, 0xab, 0x75, 0x5a, 0x6a,
  0x5f, 0x41, 0x55, 0xfd, 0x7d, 0xf6, 0xec, 0x7d, 0x8c, 0x93, 0xaa, 0x56,
  0x4a, 0xfe, 0xd7, 0xa3, 0x9d, 0x00, 0xff, 0xff, 0x00, 0x78, 0xff, 0xe9,
  0x05, 0x3b, 0x05, 0xc0, 0x02, 0x26, 0x00, 0xeb, 0x00, 0x00, 0x00, 0x07,
  0x02, 0x29, 0x02, 0x93, 0x00, 0x00, 0x00, 0x02, 0x00, 0x78, 0xff, 0xe9,
  0x04, 0x6e, 0x05, 0xa1, 0x00, 0x19, 0x00, 0x29, 0x00, 0xb4, 0xb6, 0x16,
  0x09, 0x02, 0x08, 0x09, 0x01, 0x4c, 0x4b, 0xb0, 0x17, 0x50, 0x58, 0x40,
  0x26, 0x05, 0x01, 0x03, 0x06, 0x01, 0x02, 0x01, 0x03, 0x02, 0x67, 0x00,
  0x04, 0x04, 0x1e, 0x4d, 0x00, 0x09, 0x09, 0x01, 0x61, 0x00, 0x01, 0x01,
  0x27, 0x4d, 0x00, 0x08, 0x08, 0x00, 0x61, 0x07, 0x0a, 0x02, 0x00, 0x00,
  0x28, 0x00, 0x4e, 0x1b, 0x4b, 0xb0, 0x29, 0x50, 0x58, 0x40, 0x2a, 0x05,
  0x01, 0x03, 0x06, 0x01, 0x02, 0x01, 0x03, 0x02, 0x67, 0x00, 0x04, 0x04,
  0x1e, 0x4d, 0x00, 0x09, 0x09, 0x01, 0x61, 0x00, 0x01, 0x01, 0x27, 0x4d,
  0x00, 0x07, 0x07, 0x1f, 0x4d, 0x00, 0x08, 0x08, 0x00, 0x61, 0x0a, 0x01,
  0x00, 0x00, 0x28, 0x00, 0x4e, 0x1b, 0x40, 0x2a, 0x05, 0x01, 0x03, 0x06,
  0x01, 0x02, 0x01, 0x03, 0x02, 0x67, 0x00, 0x04, 0x04, 0x1e, 0x4d, 0x00,
  0x09, 0x09, 0x01, 0x61, 0x00, 0x01, 0x01, 0x27, 0x4d, 0x00, 0x07, 0x07,
  0x22, 0x4d, 0x00, 0x08, 0x08, 0x00, 0x61, 0x0a, 0x01, 0x00, 0x00, 0x28,
  0x00, 0x4e, 0x59, 0x59, 0x40, 0x1b, 0x01, 0x00, 0x27, 0x25, 0x1f, 0x1d,
  0x15, 0x14, 0x13, 0x12, 0x11, 0x10, 0x0f, 0x0e, 0x0d, 0x0c, 0x0b, 0x0a,
  0x07, 0x05, 0x00, 0x19, 0x01, 0x19, 0x0b, 0x08, 0x16, 0x2b, 0x05, 0x22,
  0x26, 0x11, 0x10, 0x36, 0x33, 0x32, 0x16, 0x17, 0x11, 0x21, 0x35, 0x21,
  0x35, 0x33, 0x15, 0x33, 0x15, 0x23, 0x11, 0x23, 0x27, 0x0e, 0x02, 0x01,
  0x14, 0x16, 0x16, 0x33, 0x32, 0x36, 0x36, 0x35, 0x34, 0x26, 0x26, 0x23,
  0x22, 0x06, 0x06, 0x02, 0x0c, 0xcd, 0xc7, 0xc7, 0xcf, 0x80, 0x99, 0x32,
  0xfe, 0x85, 0x01, 0x7b, 0x9a, 0x7b, 0x7b, 0x7b, 0x12, 0x18, 0x4e, 0x87,
  0xfe, 0x9b, 0x34, 0x7c, 0x6b, 0x71, 0x82, 0x37, 0x31, 0x80, 0x76, 0x6c,
  0x7d, 0x35, 0x17, 0xf0, 0x01, 0x18, 0x01, 0x28, 0xf1, 0x3f, 0x49, 0x01,
  0x01, 0x76, 0xa8, 0xa8, 0x76, 0xfb, 0x7d, 0x86, 0x25, 0x49, 0x2f, 0x02,
  0x06, 0x95, 0xac, 0x48, 0x4a, 0xb0, 0x99, 0xa2, 0xaf, 0x43, 0x4c, 0xb4,
  0xff, 0xff, 0x00, 0x78, 0xff, 0xe9, 0x07, 0xd3, 0x05, 0xd5, 0x00, 0x26,
  0x00, 0xeb, 0x00, 0x00, 0x00, 0x27, 0x01, 0x8d, 0x04, 0xa7, 0x00, 0x00,
  0x00, 0x07, 0x02, 0x2b, 0x04, 0xe1, 0x00, 0x00, 0x00, 0x02, 0x00, 0x78,
  0xff, 0xe9, 0x03, 0xe5, 0x04, 0x0a, 0x00, 0x15, 0x00, 0x1e, 0x00, 0x3e,
  0x40, 0x3b, 0x00, 0x04, 0x02, 0x03, 0x02, 0x04, 0x03, 0x80, 0x00, 0x05,
  0x00, 0x02, 0x04, 0x05, 0x02, 0x67, 0x00, 0x06, 0x06, 0x01, 0x61, 0x00,
  0x01, 0x01, 0x27, 0x4d, 0x00, 0x03, 0x03, 0x00, 0x61, 0x07, 0x01, 0x00,
  0x00, 0x28, 0x00, 0x4e, 0x01, 0x00, 0x1c, 0x1a, 0x17, 0x16, 0x13, 0x12,
  0x10, 0x0e, 0x0c, 0x0b, 0x08, 0x06, 0x00, 0x15, 0x01, 0x15, 0x08, 0x08,
  0x16, 0x2b, 0x05, 0x22, 0x26, 0x26, 0x35, 0x10, 0x12, 0x33, 0x32, 0x16,
  0x16, 0x15, 0x21, 0x14, 0x16, 0x33, 0x32, 0x36, 0x37, 0x33, 0x14, 0x06,
  0x01, 0x21, 0x2e, 0x02, 0x23, 0x22, 0x06, 0x06, 0x02, 0x3e, 0xa3, 0xc8,
  0x5b, 0xc3, 0xf5, 0xa9, 0xbe, 0x4e, 0xfd, 0x2f, 0x8b, 0xa3, 0x85, 0x75,
  0x04, 0x9d, 0xcb, 0xfe, 0x04, 0x02, 0x33, 0x04, 0x37, 0x78, 0x66, 0x66,
  0x79, 0x37, 0x17, 0x6a, 0xe8, 0xbe, 0x01, 0x09, 0x01, 0x08, 0x77, 0xf6,
  0xbd, 0xcb, 0xaf, 0x4f, 0x61, 0x9a, 0x93, 0x02, 0x69, 0x79, 0x8a, 0x3a,
  0x3a, 0x8a, 0xff, 0xff, 0x00, 0x78, 0xff, 0xe9, 0x03, 0xe5, 0x05, 0xb6,
  0x02, 0x26, 0x00, 0xf0, 0x00, 0x00, 0x00, 0x07, 0x02, 0x27, 0x00, 0x9e,
  0x00, 0x00, 0xff, 0xff, 0x00, 0x78, 0xff, 0xe9, 0x03, 0xe5, 0x05, 0xbd,
  0x02, 0x26, 0x00, 0xf0, 0x00, 0x00, 0x00, 0x07, 0x02, 0x2c, 0x00, 0x9e,
  0x00, 0x00, 0xff, 0xff, 0x00, 0x78, 0xff, 0xe9, 0x03, 0xe5, 0x05, 0xd5,
  0x02, 0x26, 0x00, 0xf0, 0x00, 0x00, 0x00, 0x07, 0x02, 0x2b, 0x00, 0x9e,
  0x00, 0x00, 0xff, 0xff, 0x00, 0x78, 0xff, 0xe9, 0x03, 0xe5, 0x05, 0xd5,
  0x02, 0x26, 0x00, 0xf0, 0x00, 0x00, 0x00, 0x07, 0x02, 0x2a, 0x00, 0x9e,
  0x00, 0x00, 0xff, 0xff, 0x00, 0x78, 0xff, 0xe9, 0x04, 0x10, 0x06, 0xe2,
  0x02, 0x26, 0x00, 0xf0, 0x00, 0x00, 0x00, 0x27, 0x02, 0x2a, 0x00, 0x9e,
  0x00, 0x00, 0x01, 0x07, 0x02, 0x27, 0x01, 0x76, 0x01, 0x2c, 0x00, 0x09,
  0xb1, 0x03, 0x01, 0xb8, 0x01, 0x2c, 0xb0, 0x35, 0x2b, 0x00, 0xff, 0xff,
  0x00, 0x78, 0xfe, 0x77, 0x03, 0xe5, 0x05, 0xd5, 0x02, 0x26, 0x00, 0xf0,
  0x00, 0x00, 0x00, 0x27, 0x02, 0x35, 0x00, 0x9e, 0x00, 0x00, 0x00, 0x07,
  0x02, 0x2a, 0x00, 0x9e, 0x00, 0x00, 0xff, 0xff, 0x00, 0x78, 0xff, 0xe9,
  0x03, 0xe5, 0x06, 0xe2, 0x02, 0x26, 0x00, 0xf0, 0x00, 0x00, 0x00, 0x27,
  0x02, 0x2a, 0x00, 0x9e, 0x00, 0x00, 0x01, 0x07, 0x02, 0x26, 0x01, 0x76,
  0x01, 0x2c, 0x00, 0x09, 0xb1, 0x03, 0x01, 0xb8, 0x01, 0x2c, 0xb0, 0x35,
  0x2b, 0x00, 0xff, 0xff, 0x00, 0x78, 0xff, 0xe9, 0x03, 0xe8, 0x07, 0x3e,
  0x02, 0x26, 0x00, 0xf0, 0x00, 0x00, 0x00, 0x27, 0x02, 0x2a, 0x00, 0x9e,
  0x00, 0x00, 0x01, 0x07, 0x02, 0x30, 0x01, 0x76, 0x01, 0x2c, 0x00, 0x09,
  0xb1, 0x03, 0x01, 0xb8, 0x01, 0x2c, 0xb0, 0x35, 0x2b, 0x00, 0xff, 0xff,
  0x00, 0x78, 0xff, 0xe9, 0x03, 0xe5, 0x06, 0xc8, 0x02, 0x26, 0x00, 0xf0,
  0x00, 0x00, 0x00, 0x27, 0x02, 0x2a, 0x00, 0x9e, 0x00, 0x00, 0x01, 0x07,
  0x02, 0x2e, 0x00, 0x9e, 0x01, 0x54, 0x00, 0x09, 0xb1, 0x03, 0x01, 0xb8,
  0x01, 0x54, 0xb0, 0x35, 0x2b, 0x00, 0xff, 0xff, 0x00, 0x78, 0xff, 0xe9,
  0x03, 0xe5, 0x05, 0xb6, 0x02, 0x26, 0x00, 0xf0, 0x00, 0x00, 0x00, 0x07,
  0x02, 0x31, 0x00, 0x9e, 0x00, 0x00, 0xff, 0xff, 0x00, 0x78, 0xff, 0xe9,
  0x03, 0xe5, 0x05, 0x6e, 0x02, 0x26, 0x00, 0xf0, 0x00, 0x00, 0x00, 0x07,
  0x02, 0x24, 0x00, 0x9e, 0x00, 0x00, 0xff, 0xff, 0x00, 0x78, 0xff, 0xe9,
  0x03, 0xe5, 0x05, 0x86, 0x02, 0x26, 0x00, 0xf0, 0x00, 0x00, 0x00, 0x07,
  0x02, 0x25, 0x00, 0x9e, 0x00, 0x00, 0xff, 0xff, 0x00, 0x78, 0xfe, 0x77,
  0x03, 0xe5, 0x04, 0x0a, 0x02, 0x26, 0x00, 0xf0, 0x00, 0x00, 0x00, 0x07,
  0x02, 0x35, 0x00, 0x9e, 0x00, 0x00, 0xff, 0xff, 0x00, 0x78, 0xff, 0xe9,
  0x03, 0xe5, 0x05, 0xb6, 0x02, 0x26, 0x00, 0xf0, 0x00, 0x00, 0x00, 0x07,
  0x02, 0x26, 0x00, 0x9e, 0x00, 0x00, 0xff, 0xff, 0x00, 0x78, 0xff, 0xe9,
  0x03, 0xe5, 0x06, 0x12, 0x02, 0x26, 0x00, 0xf0, 0x00, 0x00, 0x00, 0x07,
  0x02, 0x30, 0x00, 0x9e, 0x00, 0x00, 0xff, 0xff, 0x00, 0x78, 0xff, 0xe9,
  0x03, 0xe5, 0x05, 0xbd, 0x02, 0x26, 0x00, 0xf0, 0x00, 0x00, 0x00, 0x07,
  0x02, 0x32, 0x00, 0x9e, 0x00, 0x00, 0xff, 0xff, 0x00, 0x78, 0xff, 0xe9,
  0x03, 0xe5, 0x05, 0x36, 0x02, 0x26, 0x00, 0xf0, 0x00, 0x00, 0x00, 0x07,
  0x02, 0x2f, 0x00, 0x9e, 0x00, 0x00, 0xff, 0xff, 0x00, 0x78, 0xfe, 0x9a,
  0x03, 0xe5, 0x04, 0x0a, 0x02, 0x26, 0x00, 0xf0, 0x00, 0x00, 0x01, 0x07,
  0x02, 0x39, 0x01, 0x78, 0x00, 0x01, 0x00, 0x08, 0xb1, 0x02, 0x01, 0xb0,
  0x01, 0xb0, 0x35, 0x2b, 0x00, 0x00, 0xff, 0xff, 0x00, 0x78, 0xff, 0xe9,
  0x03, 0xe5, 0x05, 0x74, 0x02, 0x26, 0x00, 0xf0, 0x00, 0x00, 0x00, 0x07,
  0x02, 0x2e, 0x00, 0x9e, 0x00, 0x00, 0x00, 0x02, 0x00, 0x6e, 0xff, 0xe9,
  0x03, 0xdb, 0x04, 0x0a, 0x00, 0x15, 0x00, 0x1e, 0x00, 0x43, 0x40, 0x40,
  0x00, 0x03, 0x02, 0x01, 0x02, 0x03, 0x01, 0x80, 0x00, 0x01, 0x00, 0x06,
  0x05, 0x01, 0x06, 0x67, 0x00, 0x02, 0x02, 0x04, 0x61, 0x00, 0x04, 0x04,
  0x27, 0x4d, 0x08, 0x01, 0x05, 0x05, 0x00, 0x61, 0x07, 0x01, 0x00, 0x00,
  0x28, 0x00, 0x4e, 0x17, 0x16, 0x01, 0x00, 0x1b, 0x1a, 0x16, 0x1e, 0x17,
  0x1e, 0x10, 0x0e, 0x0c, 0x0b, 0x09, 0x07, 0x05, 0x04, 0x00, 0x15, 0x01,
  0x15, 0x09, 0x08, 0x16, 0x2b, 0x05, 0x22, 0x26, 0x26, 0x35, 0x21, 0x34,
  0x26, 0x23, 0x22, 0x06, 0x07, 0x23, 0x36, 0x36, 0x33, 0x32, 0x16, 0x16,
  0x15, 0x10, 0x02, 0x27, 0x32, 0x36, 0x36, 0x37, 0x21, 0x1e, 0x02, 0x02,
  0x23, 0xa8, 0xbf, 0x4e, 0x02, 0xd1, 0x8b, 0xa3, 0x76, 0x83, 0x05, 0x9d,
  0x08, 0xd3, 0xc4, 0xa4, 0xc7, 0x5b, 0xc3, 0xf3, 0x66, 0x78, 0x36, 0x04,
  0xfd, 0xd1, 0x04, 0x36, 0x77, 0x17, 0x77, 0xf6, 0xbd, 0xcb, 0xaf, 0x62,
  0x62, 0x9a, 0xa7, 0x6a, 0xe8, 0xbe, 0xfe, 0xff, 0xfe, 0xf0, 0x7b, 0x3a,
  0x8b, 0x78, 0x78, 0x8b, 0x3a, 0x00, 0x00, 0x01, 0x00, 0x32, 0x00, 0x00,
  0x02, 0x8b, 0x05, 0xa8, 0x00, 0x15, 0x00, 0x63, 0x40, 0x0a, 0x0e, 0x01,
  0x05, 0x04, 0x0f, 0x01, 0x03, 0x05, 0x02, 0x4c, 0x4b, 0xb0, 0x29, 0x50,
  0x58, 0x40, 0x1d, 0x00, 0x05, 0x05, 0x04, 0x61, 0x00, 0x04, 0x04, 0x24,
  0x4d, 0x02, 0x01, 0x00, 0x00, 0x03, 0x5f, 0x07, 0x06, 0x02, 0x03, 0x03,
  0x21, 0x4d, 0x00, 0x01, 0x01, 0x1f, 0x01, 0x4e, 0x1b, 0x40, 0x1d, 0x00,
  0x05, 0x05, 0x04, 0x61, 0x00, 0x04, 0x04, 0x24, 0x4d, 0x02, 0x01, 0x00,
  0x00, 0x03, 0x5f, 0x07, 0x06, 0x02, 0x03, 0x03, 0x21, 0x4d, 0x00, 0x01,
  0x01, 0x22, 0x01, 0x4e, 0x59, 0x40, 0x0f, 0x00, 0x00, 0x00, 0x15, 0x00,
  0x15, 0x23, 0x23, 0x11, 0x11, 0x11, 0x11, 0x08, 0x08, 0x1c, 0x2b, 0x01,
  0x15, 0x23, 0x11, 0x23, 0x11, 0x23, 0x35, 0x33, 0x35, 0x34, 0x36, 0x33,
  0x32, 0x17, 0x15, 0x26, 0x23, 0x22, 0x06, 0x15, 0x15, 0x02, 0x7a, 0xf8,
  0x9a, 0xb6, 0xb6, 0x81, 0xa9, 0x37, 0x42, 0x48, 0x2d, 0x54, 0x40, 0x03,
  0xf3, 0x7a, 0xfc, 0x87, 0x03, 0x79, 0x7a, 0x90, 0xa4, 0x81, 0x0b, 0x7c,
  0x08, 0x36, 0x47, 0xb9, 0x00, 0x02, 0x00, 0x78, 0xfe, 0x69, 0x03, 0xf2,
  0x04, 0x0a, 0x00, 0x1d, 0x00, 0x2c, 0x01, 0xf6, 0xb6, 0x18, 0x0c, 0x02,
  0x06, 0x07, 0x01, 0x4c, 0x4b, 0xb0, 0x09, 0x50, 0x58, 0x40, 0x2a, 0x00,
  0x01, 0x03, 0x02, 0x03, 0x01, 0x02, 0x80, 0x00, 0x07, 0x07, 0x04, 0x61,
  0x05, 0x01, 0x04, 0x04, 0x27, 0x4d, 0x09, 0x01, 0x06, 0x06, 0x03, 0x61,
  0x00, 0x03, 0x03, 0x1f, 0x4d, 0x00, 0x02, 0x02, 0x00, 0x61, 0x08, 0x01,
  0x00, 0x00, 0x29, 0x00, 0x4e, 0x1b, 0x4b, 0xb0, 0x0b, 0x50, 0x58, 0x40,
  0x2a, 0x00, 0x01, 0x03, 0x02, 0x03, 0x01, 0x02, 0x80, 0x00, 0x07, 0x07,
  0x04, 0x61, 0x05, 0x01, 0x04, 0x04, 0x27, 0x4d, 0x09, 0x01, 0x06, 0x06,
  0x03, 0x61, 0x00, 0x03, 0x03, 0x28, 0x4d, 0x00, 0x02, 0x02, 0x00, 0x61,
  0x08, 0x01, 0x00, 0x00, 0x29, 0x00, 0x4e, 0x1b, 0x4b, 0xb0, 0x0f, 0x50,
  0x58, 0x40, 0x2a, 0x00, 0x01, 0x03, 0x02, 0x03, 0x01, 0x02, 0x80, 0x00,
  0x07, 0x07, 0x04, 0x61, 0x05, 0x01, 0x04, 0x04, 0x27, 0x4d, 0x09, 0x01,
  0x06, 0x06, 0x03, 0x61, 0x00, 0x03, 0x03, 0x1f, 0x4d, 0x00, 0x02, 0x02,
  0x00, 0x61, 0x08, 0x01, 0x00, 0x00, 0x29, 0x00, 0x4e, 0x1b, 0x4b, 0xb0,
  0x13, 0x50, 0x58, 0x40, 0x2a, 0x00, 0x01, 0x03, 0x02, 0x03, 0x01, 0x02,
  0x80, 0x00, 0x07, 0x07, 0x04, 0x61, 0x05, 0x01, 0x04, 0x04, 0x27, 0x4d,
  0x09, 0x01, 0x06, 0x06, 0x03, 0x61, 0x00, 0x03, 0x03, 0x28, 0x4d, 0x00,
  0x02, 0x02, 0x00, 0x61, 0x08, 0x01, 0x00, 0x00, 0x29, 0x00, 0x4e, 0x1b,
  0x4b, 0xb0, 0x15, 0x50, 0x58, 0x40, 0x2a, 0x00, 0x01, 0x03, 0x02, 0x03,
  0x01, 0x02, 0x80, 0x00, 0x07, 0x07, 0x04, 0x61, 0x05, 0x01, 0x04, 0x04,
  0x27, 0x4d, 0x09, 0x01, 0x06, 0x06, 0x03, 0x61, 0x00, 0x03, 0x03, 0x1f,
  0x4d, 0x00, 0x02, 0x02, 0x00, 0x61, 0x08, 0x01, 0x00, 0x00, 0x29, 0x00,
  0x4e, 0x1b, 0x4b, 0xb0, 0x17, 0x50, 0x58, 0x40, 0x2a, 0x00, 0x01, 0x03,
  0x02, 0x03, 0x01, 0x02, 0x80, 0x00, 0x07, 0x07, 0x04, 0x61, 0x05, 0x01,
  0x04, 0x04, 0x27, 0x4d, 0x09, 0x01, 0x06, 0x06, 0x03, 0x61, 0x00, 0x03,
  0x03, 0x28, 0x4d, 0x00, 0x02, 0x02, 0x00, 0x61, 0x08, 0x01, 0x00, 0x00,
  0x29, 0x00, 0x4e, 0x1b, 0x4b, 0xb0, 0x1b, 0x50, 0x58, 0x40, 0x2e, 0x00,
  0x01, 0x03, 0x02, 0x03, 0x01, 0x02, 0x80, 0x00, 0x05, 0x05, 0x21, 0x4d,
  0x00, 0x07, 0x07, 0x04, 0x61, 0x00, 0x04, 0x04, 0x27, 0x4d, 0x09, 0x01,
  0x06, 0x06, 0x03, 0x61, 0x00, 0x03, 0x03, 0x28, 0x4d, 0x00, 0x02, 0x02,
  0x00, 0x61, 0x08, 0x01, 0x00, 0x00, 0x29, 0x00, 0x4e, 0x1b, 0x4b, 0xb0,
  0x1d, 0x50, 0x58, 0x40, 0x2e, 0x00, 0x01, 0x03, 0x02, 0x03, 0x01, 0x02,
  0x80, 0x00, 0x05, 0x05, 0x21, 0x4d, 0x00, 0x07, 0x07, 0x04, 0x61, 0x00,
  0x04, 0x04, 0x27, 0x4d, 0x09, 0x01, 0x06, 0x06, 0x03, 0x61, 0x00, 0x03,
  0x03, 0x1f, 0x4d, 0x00, 0x02, 0x02, 0x00, 0x61, 0x08, 0x01, 0x00, 0x00,
  0x29, 0x00, 0x4e, 0x1b, 0x40, 0x2e, 0x00, 0x01, 0x03, 0x02, 0x03, 0x01,
  0x02, 0x80, 0x00, 0x05, 0x05, 0x21, 0x4d, 0x00, 0x07, 0x07, 0x04, 0x61,
  0x00, 0x04, 0x04, 0x27, 0x4d, 0x09, 0x01, 0x06, 0x06, 0x03, 0x61, 0x00,
  0x03, 0x03, 0x28, 0x4d, 0x00, 0x02, 0x02, 0x00, 0x61, 0x08, 0x01, 0x00,
  0x00, 0x29, 0x00, 0x4e, 0x59, 0x59, 0x59, 0x59, 0x59, 0x59, 0x59, 0x59,
  0x40, 0x1b, 0x1f, 0x1e, 0x01, 0x00, 0x26, 0x24, 0x1e, 0x2c, 0x1f, 0x2c,
  0x1a, 0x19, 0x16, 0x14, 0x10, 0x0e, 0x08, 0x06, 0x04, 0x03, 0x00, 0x1d,
  0x01, 0x1d, 0x0a, 0x08, 0x16, 0x2b, 0x01, 0x22, 0x26, 0x27, 0x33, 0x16,
  0x16, 0x33, 0x32, 0x36, 0x36, 0x35, 0x35, 0x06, 0x06, 0x23, 0x22, 0x26,
  0x11, 0x10, 0x36, 0x33, 0x32, 0x16, 0x17, 0x37, 0x33, 0x11, 0x14, 0x06,
  0x03, 0x32, 0x36, 0x36, 0x35, 0x34, 0x26, 0x23, 0x22, 0x06, 0x06, 0x15,
  0x14, 0x16, 0x16, 0x02, 0x38, 0xcd, 0xc6, 0x02, 0x9d, 0x03, 0x71, 0x82,
  0x78, 0x80, 0x30, 0x32, 0xaf, 0x74, 0xd6, 0xbb, 0xbc, 0xdb, 0x88, 0xa1,
  0x34, 0x10, 0x76, 0xcb, 0xf2, 0x74, 0x7f, 0x31, 0x7f, 0xa8, 0x72, 0x7b,
  0x30, 0x30, 0x7d, 0xfe, 0x69, 0x8d, 0x92, 0x58, 0x4a, 0x3e, 0x94, 0x80,
  0x41, 0x4e, 0x37, 0xf3, 0x01, 0x19, 0x01, 0x19, 0xf1, 0x48, 0x56, 0x87,
  0xfc, 0x4b, 0xfd, 0xd8, 0x02, 0x09, 0x4f, 0xaf, 0x90, 0xd9, 0xb5, 0x4f,
  0xae, 0x91, 0x90, 0xaf, 0x4f, 0x00, 0xff, 0xff, 0x00, 0x78, 0xfe, 0x69,
  0x03, 0xf2, 0x05, 0xbd, 0x02, 0x26, 0x01, 0x06, 0x00, 0x00, 0x00, 0x07,
  0x02, 0x2c, 0x00, 0xba, 0x00, 0x00, 0xff, 0xff, 0x00, 0x78, 0xfe, 0x69,
  0x03, 0xf2, 0x05, 0xd5, 0x02, 0x26, 0x01, 0x06, 0x00, 0x00, 0x00, 0x07,
  0x02, 0x2b, 0x00, 0xba, 0x00, 0x00, 0xff, 0xff, 0x00, 0x78, 0xfe, 0x69,
  0x03, 0xf2, 0x05, 0xd5, 0x02, 0x26, 0x01, 0x06, 0x00, 0x00, 0x00, 0x07,
  0x02, 0x2a, 0x00, 0xba, 0x00, 0x00, 0xff, 0xff, 0x00, 0x78, 0xfe, 0x69,
  0x03, 0xf2, 0x06, 0x6f, 0x02, 0x26, 0x01, 0x06, 0x00, 0x00, 0x00, 0x07,
  0x02, 0x33, 0x00, 0xba, 0x00, 0x00, 0xff, 0xff, 0x00, 0x78, 0xfe, 0x69,
  0x03, 0xf2, 0x05, 0x86, 0x02, 0x26, 0x01, 0x06, 0x00, 0x00, 0x00, 0x07,
  0x02, 0x25, 0x00, 0xba, 0x00, 0x00, 0x00, 0x01, 0x00, 0xb4, 0x00, 0x00,
  0x04, 0x08, 0x05, 0xa2, 0x00, 0x13, 0x00, 0x50, 0xb5, 0x03, 0x01, 0x02,
  0x03, 0x01, 0x4c, 0x4b, 0xb0, 0x29, 0x50, 0x58, 0x40, 0x17, 0x00, 0x00,
  0x00, 0x1e, 0x4d, 0x00, 0x03, 0x03, 0x01, 0x61, 0x00, 0x01, 0x01, 0x27,
  0x4d, 0x05, 0x04, 0x02, 0x02, 0x02, 0x1f, 0x02, 0x4e, 0x1b, 0x40, 0x17,
  0x00, 0x00, 0x00, 0x1e, 0x4d, 0x00, 0x03, 0x03, 0x01, 0x61, 0x00, 0x01,
  0x01, 0x27, 0x4d, 0x05, 0x04, 0x02, 0x02, 0x02, 0x22, 0x02, 0x4e, 0x59,
  0x40, 0x0d, 0x00, 0x00, 0x00, 0x13, 0x00, 0x13, 0x23, 0x13, 0x23, 0x11,
  0x06, 0x08, 0x1a, 0x2b, 0x33, 0x11, 0x33, 0x11, 0x36, 0x36, 0x33, 0x32,
  0x16, 0x15, 0x11, 0x23, 0x11, 0x34, 0x26, 0x23, 0x22, 0x06, 0x15, 0x11,
  0xb4, 0x9a, 0x32, 0x93, 0x8e, 0xc2, 0xa5, 0x9a, 0x73, 0x87, 0x9f, 0x87,
  0x05, 0xa2, 0xfd, 0xd8, 0x4b, 0x45, 0xc1, 0xe3, 0xfd, 0x9a, 0x02, 0x66,
  0x9d, 0x86, 0x8a, 0xa1, 0xfd, 0xa2, 0x00, 0x01, 0x00, 0x39, 0x00, 0x00,
  0x04, 0x08, 0x05, 0xa2, 0x00, 0x1b, 0x00, 0x61, 0xb5, 0x16, 0x01, 0x00,
  0x01, 0x01, 0x4c, 0x4b, 0xb0, 0x29, 0x50, 0x58, 0x40, 0x20, 0x06, 0x01,
  0x04, 0x07, 0x01, 0x03, 0x08, 0x04, 0x03, 0x67, 0x00, 0x05, 0x05, 0x1e,
  0x4d, 0x00, 0x01, 0x01, 0x08, 0x61, 0x00, 0x08, 0x08, 0x27, 0x4d, 0x02,
  0x01, 0x00, 0x00, 0x1f, 0x00, 0x4e, 0x1b, 0x40, 0x20, 0x06, 0x01, 0x04,
  0x07, 0x01, 0x03, 0x08, 0x04, 0x03, 0x67, 0x00, 0x05, 0x05, 0x1e, 0x4d,
  0x00, 0x01, 0x01, 0x08, 0x61, 0x00, 0x08, 0x08, 0x27, 0x4d, 0x02, 0x01,
  0x00, 0x00, 0x22, 0x00, 0x4e, 0x59, 0x40, 0x0c, 0x23, 0x11, 0x11, 0x11,
  0x11, 0x11, 0x13, 0x23, 0x11, 0x09, 0x08, 0x1f, 0x2b, 0x01, 0x11, 0x23,
  0x11, 0x34, 0x26, 0x23, 0x22, 0x06, 0x15, 0x11, 0x23, 0x11, 0x23, 0x35,
  0x33, 0x35, 0x33, 0x15, 0x21, 0x15, 0x21, 0x11, 0x36, 0x36, 0x33, 0x32,
  0x16, 0x04, 0x08, 0x9a, 0x73, 0x87, 0x9f, 0x87, 0x9a, 0x7b, 0x7b, 0x9a,
  0x01, 0x7b, 0xfe, 0x85, 0x32, 0x93, 0x8e, 0xc2, 0xa5, 0x02, 0x66, 0xfd,
  0x9a, 0x02, 0x66, 0x9d, 0x86, 0x8a, 0xa1, 0xfd, 0xa2, 0x04, 0x85, 0x76,
  0xa7, 0xa7, 0x76, 0xfe, 0xf5, 0x4b, 0x45, 0xc1, 0xff, 0xff, 0x00, 0xb4,
  0x00, 0x00, 0x04, 0x08, 0x07, 0x83, 0x02, 0x26, 0x01, 0x0c, 0x00, 0x00,
  0x01, 0x07, 0x02, 0x2a, 0x00, 0xce, 0x01, 0xae, 0x00, 0x09, 0xb1, 0x01,
  0x01, 0xb8, 0x01, 0xae, 0xb0, 0x35, 0x2b, 0x00, 0x00, 0x02, 0x00, 0x9b,
  0x00, 0x00, 0x01, 0x69, 0x05, 0x6a, 0x00, 0x03, 0x00, 0x07, 0x00, 0x3a,
  0x4b, 0xb0, 0x29, 0x50, 0x58, 0x40, 0x13, 0x00, 0x00, 0x00, 0x01, 0x03,
  0x00, 0x01, 0x67, 0x00, 0x03, 0x03, 0x21, 0x4d, 0x00, 0x02, 0x02, 0x1f,
  0x02, 0x4e, 0x1b, 0x40, 0x13, 0x00, 0x00, 0x00, 0x01, 0x03, 0x00, 0x01,
  0x67, 0x00, 0x03, 0x03, 0x21, 0x4d, 0x00, 0x02, 0x02, 0x22, 0x02, 0x4e,
  0x59, 0xb6, 0x11, 0x11, 0x11, 0x10, 0x04, 0x08, 0x1a, 0x2b, 0x13, 0x33,
  0x15, 0x23, 0x13, 0x23, 0x11, 0x33, 0x9b, 0xce, 0xce, 0xb4, 0x9a, 0x9a,
  0x05, 0x6a, 0xc0, 0xfb, 0x56, 0x03, 0xf3, 0x00, 0x00, 0x01, 0x00, 0xb4,
  0x00, 0x00, 0x01, 0x4e, 0x03, 0xf3, 0x00, 0x03, 0x00, 0x28, 0x4b, 0xb0,
  0x29, 0x50, 0x58, 0x40, 0x0b, 0x00, 0x01, 0x01, 0x21, 0x4d, 0x00, 0x00,
  0x00, 0x1f, 0x00, 0x4e, 0x1b, 0x40, 0x0b, 0x00, 0x01, 0x01, 0x21, 0x4d,
  0x00, 0x00, 0x00, 0x22, 0x00, 0x4e, 0x59, 0xb4, 0x11, 0x10, 0x02, 0x08,
  0x18, 0x2b, 0x21, 0x23, 0x11, 0x33, 0x01, 0x4e, 0x9a, 0x9a, 0x03, 0xf3,
  0xff, 0xff, 0x00, 0xb4, 0x00, 0x00, 0x02, 0x0b, 0x05, 0xb6, 0x02, 0x26,
  0x01, 0x10, 0x00, 0x00, 0x00, 0x07, 0x02, 0x27, 0xff, 0x71, 0x00, 0x00,
  0xff, 0xff, 0xff, 0xfa, 0x00, 0x00, 0x02, 0x07, 0x05, 0xbd, 0x02, 0x26,
  0x01, 0x10, 0x00, 0x00, 0x00, 0x07, 0x02, 0x2c, 0xff, 0x71, 0x00, 0x00,
  0xff, 0xff, 0xff, 0xfc, 0x00, 0x00, 0x02, 0x05, 0x05, 0xd5, 0x02, 0x26,
  0x01, 0x10, 0x00, 0x00, 0x00, 0x07, 0x02, 0x2a, 0xff, 0x71, 0x00, 0x00,
  0xff, 0xff, 0xff, 0x66, 0x00, 0x00, 0x01, 0xcf, 0x05, 0xb6, 0x02, 0x26,
  0x01, 0x10, 0x00, 0x00, 0x00, 0x07, 0x02, 0x31, 0xff, 0x71, 0x00, 0x00,
  0xff, 0xff, 0xff, 0xe7, 0x00, 0x00, 0x02, 0x1b, 0x05, 0x6e, 0x02, 0x26,
  0x01, 0x10, 0x00, 0x00, 0x00, 0x07, 0x02, 0x24, 0xff, 0x71, 0x00, 0x00,
  0xff, 0xff, 0x00, 0x8d, 0x00, 0x00, 0x01, 0x6c, 0x05, 0x86, 0x02, 0x26,
  0x01, 0x10, 0x00, 0x00, 0x00, 0x07, 0x02, 0x25, 0xff, 0x71, 0x00, 0x00,
  0xff, 0xff, 0x00, 0x92, 0xfe, 0x77, 0x01, 0x71, 0x05, 0x6a, 0x02, 0x26,
  0x01, 0x0f, 0x00, 0x00, 0x00, 0x07, 0x02, 0x35, 0xff, 0x72, 0x00, 0x00,
  0xff, 0xff, 0xff, 0xf7, 0x00, 0x00, 0x01, 0x4e, 0x05, 0xb6, 0x02, 0x26,
  0x01, 0x10, 0x00, 0x00, 0x00, 0x07, 0x02, 0x26, 0xff, 0x71, 0x00, 0x00,
  0xff, 0xff, 0x00, 0x4b, 0x00, 0x00, 0x01, 0xe3, 0x06, 0x12, 0x02, 0x26,
  0x01, 0x10, 0x00, 0x00, 0x00, 0x07, 0x02, 0x30, 0xff, 0x71, 0x00, 0x00,
  0xff, 0xff, 0xff, 0xfa, 0x00, 0x00, 0x02, 0x07, 0x05, 0xbd, 0x02, 0x26,
  0x01, 0x10, 0x00, 0x00, 0x00, 0x07, 0x02, 0x32, 0xff, 0x71, 0x00, 0x00,
  0xff, 0xff, 0x00, 0x9b, 0xfe, 0x6e, 0x03, 0x82, 0x05, 0x6a, 0x00, 0x26,
  0x01, 0x0f, 0x00, 0x00, 0x00, 0x07, 0x01, 0x1f, 0x02, 0x03, 0x00, 0x00,
  0xff, 0xff, 0xff, 0xcb, 0x00, 0x00, 0x02, 0x36, 0x05, 0x36, 0x02, 0x26,
  0x01, 0x10, 0x00, 0x00, 0x00, 0x07, 0x02, 0x2f, 0xff, 0x71, 0x00, 0x00,
  0xff, 0xff, 0x00, 0x6a, 0xfe, 0x9a, 0x01, 0xd6, 0x05, 0x6a, 0x02, 0x26,
  0x01, 0x0f, 0x00, 0x00, 0x01, 0x06, 0x02, 0x39, 0xbe, 0x01, 0x00, 0x08,
  0xb1, 0x02, 0x01, 0xb0, 0x01, 0xb0, 0x35, 0x2b, 0xff, 0xff, 0xff, 0xe4,
  0x00, 0x00, 0x02, 0x29, 0x05, 0x74, 0x02, 0x26, 0x01, 0x10, 0x00, 0x00,
  0x00, 0x07, 0x02, 0x2e, 0xff, 0x71, 0x00, 0x00, 0x00, 0x02, 0xff, 0xba,
  0xfe, 0x6e, 0x01, 0x7f, 0x05, 0x6a, 0x00, 0x03, 0x00, 0x11, 0x00, 0x2d,
  0x40, 0x2a, 0x0c, 0x01, 0x04, 0x02, 0x0b, 0x01, 0x03, 0x04, 0x02, 0x4c,
  0x00, 0x00, 0x00, 0x01, 0x02, 0x00, 0x01, 0x67, 0x00, 0x02, 0x02, 0x21,
  0x4d, 0x00, 0x04, 0x04, 0x03, 0x61, 0x00, 0x03, 0x03, 0x29, 0x03, 0x4e,
  0x23, 0x23, 0x11, 0x11, 0x10, 0x05, 0x08, 0x1b, 0x2b, 0x13, 0x33, 0x15,
  0x23, 0x17, 0x33, 0x11, 0x14, 0x06, 0x23, 0x22, 0x27, 0x35, 0x16, 0x33,
  0x32, 0x36, 0x35, 0xb1, 0xce, 0xce, 0x17, 0x9a, 0x89, 0xa1, 0x46, 0x38,
  0x32, 0x38, 0x62, 0x42, 0x05, 0x6a, 0xc0, 0xb7, 0xfb, 0xb6, 0xaa, 0x91,
  0x0e, 0x85, 0x0b, 0x40, 0x5e, 0x00, 0x00, 0x01, 0xff, 0xba, 0xfe, 0x6e,
  0x01, 0x62, 0x03, 0xf3, 0x00, 0x0d, 0x00, 0x23, 0x40, 0x20, 0x08, 0x01,
  0x02, 0x00, 0x07, 0x01, 0x01, 0x02, 0x02, 0x4c, 0x00, 0x00, 0x00, 0x21,
  0x4d, 0x00, 0x02, 0x02, 0x01, 0x61, 0x00, 0x01, 0x01, 0x29, 0x01, 0x4e,
  0x23, 0x23, 0x10, 0x03, 0x08, 0x19, 0x2b, 0x13, 0x33, 0x11, 0x14, 0x06,
  0x23, 0x22, 0x27, 0x35, 0x16, 0x33, 0x32, 0x36, 0x35, 0xc8, 0x9a, 0x89,
  0xa1, 0x46, 0x38, 0x32, 0x38, 0x62, 0x42, 0x03, 0xf3, 0xfb, 0xb6, 0xaa,
  0x91, 0x0e, 0x85, 0x0b, 0x40, 0x5e, 0xff, 0xff, 0xff, 0xba, 0xfe, 0x6e,
  0x02, 0x19, 0x05, 0xd5, 0x02, 0x26, 0x01, 0x20, 0x00, 0x00, 0x00, 0x06,
  0x02, 0x2a, 0x85, 0x00, 0x00, 0x00, 0x00, 0x01, 0x00, 0xb4, 0x00, 0x00,
  0x03, 0xe3, 0x05, 0xa1, 0x00, 0x1c, 0x00, 0x57, 0xb5, 0x0f, 0x01, 0x04,
  0x01, 0x01, 0x4c, 0x4b, 0xb0, 0x29, 0x50, 0x58, 0x40, 0x1a, 0x00, 0x01,
  0x00, 0x04, 0x03, 0x01, 0x04, 0x69, 0x00, 0x00, 0x00, 0x1e, 0x4d, 0x00,
  0x02, 0x02, 0x21, 0x4d, 0x06, 0x05, 0x02, 0x03, 0x03, 0x1f, 0x03, 0x4e,
  0x1b, 0x40, 0x1a, 0x00, 0x01, 0x00, 0x04, 0x03, 0x01, 0x04, 0x69, 0x00,
  0x00, 0x00, 0x1e, 0x4d, 0x00, 0x02, 0x02, 0x21, 0x4d, 0x06, 0x05, 0x02,
  0x03, 0x03, 0x22, 0x03, 0x4e, 0x59, 0x40, 0x0e, 0x00, 0x00, 0x00, 0x1c,
  0x00, 0x1c, 0x24, 0x1a, 0x14, 0x21, 0x11, 0x07, 0x08, 0x1b, 0x2b, 0x33,
  0x11, 0x33, 0x11, 0x33, 0x32, 0x36, 0x36, 0x37, 0x37, 0x33, 0x07, 0x0e,
  0x02, 0x07, 0x1e, 0x02, 0x17, 0x13, 0x23, 0x27, 0x2e, 0x02, 0x23, 0x23,
  0x11, 0xb4, 0x99, 0x5d, 0x49, 0x5f, 0x45, 0x22, 0x5c, 0xa3, 0x5c, 0x24,
  0x3e, 0x55, 0x47, 0x41, 0x52, 0x46, 0x2f, 0x7d, 0xaa, 0x75, 0x2b, 0x4c,
  0x5d, 0x45, 0x5e, 0x05, 0xa1, 0xfc, 0xcb, 0x24, 0x54, 0x49, 0xc6, 0xce,
  0x50, 0x67, 0x3b, 0x10, 0x0e, 0x3c, 0x75, 0x61, 0xfe, 0xfd, 0xf6, 0x5b,
  0x63, 0x26, 0xfe, 0x26, 0xff, 0xff, 0x00, 0xb4, 0xfd, 0xab, 0x03, 0xe3,
  0x05, 0xa1, 0x02, 0x26, 0x01, 0x22, 0x00, 0x00, 0x00, 0x07, 0x02, 0x37,
  0x00, 0xb3, 0x00, 0x00, 0x00, 0x01, 0x00, 0xb4, 0x00, 0x00, 0x03, 0xe3,
  0x03, 0xf3, 0x00, 0x1b, 0x00, 0x4f, 0xb5, 0x0f, 0x01, 0x04, 0x01, 0x01,
  0x4c, 0x4b, 0xb0, 0x29, 0x50, 0x58, 0x40, 0x16, 0x00, 0x01, 0x00, 0x04,
  0x03, 0x01, 0x04, 0x69, 0x02, 0x01, 0x00, 0x00, 0x21, 0x4d, 0x06, 0x05,
  0x02, 0x03, 0x03, 0x1f, 0x03, 0x4e, 0x1b, 0x40, 0x16, 0x00, 0x01, 0x00,
  0x04, 0x03, 0x01, 0x04, 0x69, 0x02, 0x01, 0x00, 0x00, 0x21, 0x4d, 0x06,
  0x05, 0x02, 0x03, 0x03, 0x22, 0x03, 0x4e, 0x59, 0x40, 0x0e, 0x00, 0x00,
  0x00, 0x1b, 0x00, 0x1b, 0x24, 0x19, 0x14, 0x21, 0x11, 0x07, 0x08, 0x1b,
  0x2b, 0x33, 0x11, 0x33, 0x11, 0x33, 0x32, 0x36, 0x36, 0x37, 0x37, 0x33,
  0x07, 0x0e, 0x02, 0x07, 0x16, 0x16, 0x17, 0x13, 0x23, 0x27, 0x2e, 0x02,
  0x23, 0x23, 0x11, 0xb4, 0x99, 0x5d, 0x49, 0x5c, 0x48, 0x2a, 0x5e, 0xa3,
  0x5f, 0x30, 0x46, 0x50, 0x3f, 0x42, 0x47, 0x29, 0xd3, 0xaa, 0x94, 0x2d,
  0x42, 0x4d, 0x3e, 0x5e, 0x03, 0xf3, 0xfe, 0x3d, 0x27, 0x67, 0x60, 0xd5,
  0xdd, 0x6f, 0x7a, 0x39, 0x0d, 0x0f, 0x43, 0x42, 0xfe, 0xad, 0xeb, 0x48,
  0x4e, 0x1d, 0xfe, 0x62, 0x00, 0x01, 0x00, 0xb4, 0x00, 0x00, 0x01, 0x4e,
  0x05, 0xa1, 0x00, 0x03, 0x00, 0x30, 0x4b, 0xb0, 0x29, 0x50, 0x58, 0x40,
  0x0c, 0x00, 0x00, 0x00, 0x1e, 0x4d, 0x02, 0x01, 0x01, 0x01, 0x1f, 0x01,
  0x4e, 0x1b, 0x40, 0x0c, 0x00, 0x00, 0x00, 0x1e, 0x4d, 0x02, 0x01, 0x01,
  0x01, 0x22, 0x01, 0x4e, 0x59, 0x40, 0x0a, 0x00, 0x00, 0x00, 0x03, 0x00,
  0x03, 0x11, 0x03, 0x08, 0x17, 0x2b, 0x33, 0x11, 0x33, 0x11, 0xb4, 0x9a,
  0x05, 0xa1, 0xfa, 0x5f, 0xff, 0xff, 0x00, 0xb4, 0x00, 0x00, 0x02, 0x0b,
  0x07, 0x64, 0x02, 0x26, 0x01, 0x25, 0x00, 0x00, 0x01, 0x07, 0x02, 0x27,
  0xff, 0x71, 0x01, 0xae, 0x00, 0x09, 0xb1, 0x01, 0x01, 0xb8, 0x01, 0xae,
  0xb0, 0x35, 0x2b, 0x00, 0xff, 0xff, 0x00, 0xb4, 0x00, 0x00, 0x02, 0x94,
  0x05, 0xc0, 0x02, 0x26, 0x01, 0x25, 0x00, 0x00, 0x00, 0x06, 0x02, 0x29,
  0xec, 0x00, 0x00, 0x00, 0xff, 0xff, 0x00, 0x91, 0xfd, 0xab, 0x01, 0x71,
  0x05, 0xa1, 0x02, 0x26, 0x01, 0x25, 0x00, 0x00, 0x00, 0x07, 0x02, 0x37,
  0xff, 0x71, 0x00, 0x00, 0xff, 0xff, 0x00, 0xb4, 0x00, 0x00, 0x02, 0x8d,
  0x05, 0xa1, 0x00, 0x26, 0x01, 0x25, 0x00, 0x00, 0x01, 0x07, 0x01, 0xc0,
  0x02, 0x02, 0x00, 0x27, 0x00, 0x08, 0xb1, 0x01, 0x01, 0xb0, 0x27, 0xb0,
  0x35, 0x2b, 0x00, 0x00, 0xff, 0xff, 0x00, 0xb4, 0xfe, 0x6e, 0x03, 0xb3,
  0x05, 0xa1, 0x00, 0x26, 0x01, 0x25, 0x00, 0x00, 0x00, 0x07, 0x01, 0x1f,
  0x02, 0x34, 0x00, 0x00, 0x00, 0x01, 0x00, 0x05, 0x00, 0x00, 0x01, 0xfd,
  0x05, 0xa1, 0x00, 0x0b, 0x00, 0x37, 0x40, 0x0d, 0x0b, 0x08, 0x07, 0x06,
  0x05, 0x02, 0x01, 0x00, 0x08, 0x00, 0x01, 0x01, 0x4c, 0x4b, 0xb0, 0x29,
  0x50, 0x58, 0x40, 0x0b, 0x00, 0x01, 0x01, 0x1e, 0x4d, 0x00, 0x00, 0x00,
  0x1f, 0x00, 0x4e, 0x1b, 0x40, 0x0b, 0x00, 0x01, 0x01, 0x1e, 0x4d, 0x00,
  0x00, 0x00, 0x22, 0x00, 0x4e, 0x59, 0xb4, 0x15, 0x13, 0x02, 0x08, 0x18,
  0x2b, 0x01, 0x15, 0x07, 0x11, 0x23, 0x11, 0x07, 0x35, 0x37, 0x11, 0x33,
  0x11, 0x01, 0xfd, 0xaf, 0x9a, 0xaf, 0xaf, 0x9a, 0x04, 0x0d, 0x8e, 0x72,
  0xfc, 0xf3, 0x02, 0xb4, 0x72, 0x90, 0x71, 0x02, 0x5e, 0xfd, 0xfb, 0x00,
  0x00, 0x01, 0x00, 0xb4, 0x00, 0x00, 0x06, 0x44, 0x04, 0x0a, 0x00, 0x21,
  0x00, 0x79, 0xb6, 0x09, 0x03, 0x02, 0x03, 0x04, 0x01, 0x4c, 0x4b, 0xb0,
  0x17, 0x50, 0x58, 0x40, 0x16, 0x06, 0x01, 0x04, 0x04, 0x00, 0x61, 0x02,
  0x01, 0x02, 0x00, 0x00, 0x21, 0x4d, 0x08, 0x07, 0x05, 0x03, 0x03, 0x03,
  0x1f, 0x03, 0x4e, 0x1b, 0x4b, 0xb0, 0x29, 0x50, 0x58, 0x40, 0x1a, 0x00,
  0x00, 0x00, 0x21, 0x4d, 0x06, 0x01, 0x04, 0x04, 0x01, 0x61, 0x02, 0x01,
  0x01, 0x01, 0x27, 0x4d, 0x08, 0x07, 0x05, 0x03, 0x03, 0x03, 0x1f, 0x03,
  0x4e, 0x1b, 0x40, 0x1a, 0x00, 0x00, 0x00, 0x21, 0x4d, 0x06, 0x01, 0x04,
  0x04, 0x01, 0x61, 0x02, 0x01, 0x01, 0x01, 0x27, 0x4d, 0x08, 0x07, 0x05,
  0x03, 0x03, 0x03, 0x22, 0x03, 0x4e, 0x59, 0x59, 0x40, 0x10, 0x00, 0x00,
  0x00, 0x21, 0x00, 0x21, 0x23, 0x13, 0x23, 0x13, 0x23, 0x23, 0x11, 0x09,
  0x08, 0x1d, 0x2b, 0x33, 0x11, 0x33, 0x17, 0x36, 0x36, 0x33, 0x32, 0x16,
  0x17, 0x36, 0x21, 0x32, 0x16, 0x15, 0x11, 0x23, 0x11, 0x34, 0x26, 0x23,
  0x22, 0x06, 0x15, 0x11, 0x23, 0x11, 0x34, 0x26, 0x23, 0x22, 0x06, 0x15,
  0x11, 0xb4, 0x7e, 0x0d, 0x2a, 0xa8, 0x70, 0x75, 0x8c, 0x28, 0x4e, 0x01,
  0x05, 0xb0, 0x97, 0x9a, 0x66, 0x77, 0x8c, 0x78, 0x9a, 0x66, 0x77, 0x8c,
  0x78, 0x03, 0xf3, 0x8f, 0x50, 0x56, 0x4e, 0x5b, 0xa9, 0xbe, 0xbf, 0xfd,
  0x73, 0x02, 0x84, 0x87, 0x7e, 0x85, 0x92, 0xfd, 0x8e, 0x02, 0x84, 0x87,
  0x7e, 0x85, 0x92, 0xfd, 0x8e, 0x00, 0x00, 0x01, 0x00, 0xb4, 0x00, 0x00,
  0x04, 0x09, 0x04, 0x0a, 0x00, 0x13, 0x00, 0x6c, 0xb5, 0x03, 0x01, 0x02,
  0x03, 0x01, 0x4c, 0x4b, 0xb0, 0x17, 0x50, 0x58, 0x40, 0x13, 0x00, 0x03,
  0x03, 0x00, 0x61, 0x01, 0x01, 0x00, 0x00, 0x21, 0x4d, 0x05, 0x04, 0x02,
  0x02, 0x02, 0x1f, 0x02, 0x4e, 0x1b, 0x4b, 0xb0, 0x29, 0x50, 0x58, 0x40,
  0x17, 0x00, 0x00, 0x00, 0x21, 0x4d, 0x00, 0x03, 0x03, 0x01, 0x61, 0x00,
  0x01, 0x01, 0x27, 0x4d, 0x05, 0x04, 0x02, 0x02, 0x02, 0x1f, 0x02, 0x4e,
  0x1b, 0x40, 0x17, 0x00, 0x00, 0x00, 0x21, 0x4d, 0x00, 0x03, 0x03, 0x01,
  0x61, 0x00, 0x01, 0x01, 0x27, 0x4d, 0x05, 0x04, 0x02, 0x02, 0x02, 0x22,
  0x02, 0x4e, 0x59, 0x59, 0x40, 0x0d, 0x00, 0x00, 0x00, 0x13, 0x00, 0x13,
  0x23, 0x13, 0x23, 0x11, 0x06, 0x08, 0x1a, 0x2b, 0x33, 0x11, 0x33, 0x17,
  0x36, 0x36, 0x33, 0x32, 0x16, 0x15, 0x11, 0x23, 0x11, 0x34, 0x26, 0x23,
  0x22, 0x06, 0x15, 0x11, 0xb4, 0x7e, 0x0c, 0x32, 0xa4, 0x8e, 0xc2, 0xa5,
  0x9a, 0x73, 0x87, 0x9f, 0x88, 0x03, 0xf3, 0x92, 0x5c, 0x4d, 0xc1, 0xe3,
  0xfd, 0x9a, 0x02, 0x66, 0x9e, 0x85, 0x8a, 0xa1, 0xfd, 0xa2, 0xff, 0xff,
  0x00, 0xb4, 0x00, 0x00, 0x04, 0x09, 0x05, 0xb6, 0x02, 0x26, 0x01, 0x2d,
  0x00, 0x00, 0x00, 0x07, 0x02, 0x27, 0x00, 0xca, 0x00, 0x00, 0xff, 0xff,
  0x00, 0xb4, 0x00, 0x00, 0x04, 0x09, 0x05, 0xd5, 0x02, 0x26, 0x01, 0x2d,
  0x00, 0x00, 0x00, 0x07, 0x02, 0x2b, 0x00, 0xca, 0x00, 0x00, 0xff, 0xff,
  0x00, 0xb4, 0xfd, 0xab, 0x04, 0x09, 0x04, 0x0a, 0x02, 0x26, 0x01, 0x2d,
  0x00, 0x00, 0x00, 0x07, 0x02, 0x37, 0x00, 0xca, 0x00, 0x00, 0xff, 0xff,
  0x00, 0xb4, 0xfe, 0x6e, 0x06, 0x37, 0x05, 0x6a, 0x00, 0x26, 0x01, 0x2d,
  0x00, 0x00, 0x00, 0x07, 0x01, 0x1f, 0x04, 0xb8, 0x00, 0x00, 0xff, 0xff,
  0x00, 0xb4, 0x00, 0x00, 0x04, 0x09, 0x05, 0x74, 0x02, 0x26, 0x01, 0x2d,
  0x00, 0x00, 0x00, 0x07, 0x02, 0x2e, 0x00, 0xca, 0x00, 0x00, 0x00, 0x01,
  0x00, 0xb4, 0xfe, 0x6e, 0x04, 0x09, 0x04, 0x0a, 0x00, 0x1d, 0x00, 0x96,
  0x40, 0x0e, 0x1b, 0x01, 0x04, 0x03, 0x0a, 0x01, 0x02, 0x04, 0x09, 0x01,
  0x01, 0x02, 0x03, 0x4c, 0x4b, 0xb0, 0x17, 0x50, 0x58, 0x40, 0x1c, 0x00,
  0x03, 0x03, 0x00, 0x61, 0x05, 0x06, 0x02, 0x00, 0x00, 0x27, 0x4d, 0x00,
  0x04, 0x04, 0x1f, 0x4d, 0x00, 0x02, 0x02, 0x01, 0x61, 0x00, 0x01, 0x01,
  0x29, 0x01, 0x4e, 0x1b, 0x4b, 0xb0, 0x29, 0x50, 0x58, 0x40, 0x20, 0x00,
  0x05, 0x05, 0x21, 0x4d, 0x00, 0x03, 0x03, 0x00, 0x61, 0x06, 0x01, 0x00,
  0x00, 0x27, 0x4d, 0x00, 0x04, 0x04, 0x1f, 0x4d, 0x00, 0x02, 0x02, 0x01,
  0x61, 0x00, 0x01, 0x01, 0x29, 0x01, 0x4e, 0x1b, 0x40, 0x20, 0x00, 0x05,
  0x05, 0x21, 0x4d, 0x00, 0x03, 0x03, 0x00, 0x61, 0x06, 0x01, 0x00, 0x00,
  0x27, 0x4d, 0x00, 0x04, 0x04, 0x22, 0x4d, 0x00, 0x02, 0x02, 0x01, 0x61,
  0x00, 0x01, 0x01, 0x29, 0x01, 0x4e, 0x59, 0x59, 0x40, 0x13, 0x01, 0x00,
  0x1a, 0x19, 0x18, 0x17, 0x14, 0x12, 0x0d, 0x0b, 0x08, 0x06, 0x00, 0x1d,
  0x01, 0x1d, 0x07, 0x08, 0x16, 0x2b, 0x01, 0x32, 0x16, 0x15, 0x11, 0x14,
  0x06, 0x23, 0x22, 0x27, 0x35, 0x16, 0x33, 0x32, 0x36, 0x35, 0x11, 0x34,
  0x26, 0x23, 0x22, 0x06, 0x15, 0x11, 0x23, 0x11, 0x33, 0x17, 0x36, 0x36,
  0x02, 0xa2, 0xc2, 0xa5, 0x89, 0xa1, 0x46, 0x38, 0x32, 0x38, 0x62, 0x42,
  0x73, 0x87, 0x9f, 0x88, 0x9a, 0x7e, 0x0c, 0x32, 0xa4, 0x04, 0x0a, 0xc1,
  0xe3, 0xfd, 0x43, 0xaa, 0x91, 0x0e, 0x85, 0x0b, 0x40, 0x5e, 0x02, 0xd2,
  0x9e, 0x85, 0x8a, 0xa1, 0xfd, 0xa2, 0x03, 0xf3, 0x92, 0x5c, 0x4d, 0x00,
  0x00, 0x02, 0x00, 0x78, 0xff, 0xe9, 0x04, 0x1e, 0x04, 0x0a, 0x00, 0x0f,
  0x00, 0x1f, 0x00, 0x2d, 0x40, 0x2a, 0x00, 0x03, 0x03, 0x01, 0x61, 0x00,
  0x01, 0x01, 0x27, 0x4d, 0x05, 0x01, 0x02, 0x02, 0x00, 0x61, 0x04, 0x01,
  0x00, 0x00, 0x28, 0x00, 0x4e, 0x11, 0x10, 0x01, 0x00, 0x19, 0x17, 0x10,
  0x1f, 0x11, 0x1f, 0x09, 0x07, 0x00, 0x0f, 0x01, 0x0f, 0x06, 0x08, 0x16,
  0x2b, 0x05, 0x22, 0x26, 0x26, 0x35, 0x34, 0x36, 0x36, 0x33, 0x32, 0x16,
  0x16, 0x15, 0x14, 0x06, 0x06, 0x27, 0x32, 0x36, 0x36, 0x35, 0x34, 0x26,
  0x26, 0x23, 0x22, 0x06, 0x06, 0x15, 0x14, 0x16, 0x16, 0x02, 0x49, 0xa7,
  0xcd, 0x5d, 0x5d, 0xcd, 0xa7, 0xa9, 0xce, 0x5e, 0x5e, 0xce, 0xa3, 0x75,
  0x85, 0x38, 0x39, 0x88, 0x77, 0x75, 0x86, 0x39, 0x39, 0x8a, 0x17, 0x6a,
  0xe9, 0xbe, 0xbe, 0xe8, 0x6a, 0x69, 0xe7, 0xbd, 0xbf, 0xeb, 0x6a, 0x7d,
  0x4a, 0xaf, 0x99, 0x9a, 0xb1, 0x4a, 0x4b, 0xb1, 0x9b, 0x98, 0xaf, 0x49,
  0xff, 0xff, 0x00, 0x78, 0xff, 0xe9, 0x04, 0x1e, 0x05, 0xb6, 0x02, 0x26,
  0x01, 0x34, 0x00, 0x00, 0x00, 0x07, 0x02, 0x27, 0x00, 0xbb, 0x00, 0x00,
  0xff, 0xff, 0x00, 0x78, 0xff, 0xe9, 0x04, 0x1e, 0x05, 0xbd, 0x02, 0x26,
  0x01, 0x34, 0x00, 0x00, 0x00, 0x07, 0x02, 0x2c, 0x00, 0xbb, 0x00, 0x00,
  0xff, 0xff, 0x00, 0x78, 0xff, 0xe9, 0x04, 0x1e, 0x05, 0xd5, 0x02, 0x26,
  0x01, 0x34, 0x00, 0x00, 0x00, 0x07, 0x02, 0x2a, 0x00, 0xbb, 0x00, 0x00,
  0xff, 0xff, 0x00, 0x78, 0xff, 0xe9, 0x04, 0x2d, 0x06, 0xe2, 0x02, 0x26,
  0x01, 0x34, 0x00, 0x00, 0x00, 0x27, 0x02, 0x2a, 0x00, 0xbb, 0x00, 0x00,
  0x01, 0x07, 0x02, 0x27, 0x01, 0x93, 0x01, 0x2c, 0x00, 0x09, 0xb1, 0x03,
  0x01, 0xb8, 0x01, 0x2c, 0xb0, 0x35, 0x2b, 0x00, 0xff, 0xff, 0x00, 0x78,
  0xfe, 0x77, 0x04, 0x1e, 0x05, 0xd5, 0x02, 0x26, 0x01, 0x34, 0x00, 0x00,
  0x00, 0x27, 0x02, 0x35, 0x00, 0xbc, 0x00, 0x00, 0x00, 0x07, 0x02, 0x2a,
  0x00, 0xbb, 0x00, 0x00, 0xff, 0xff, 0x00, 0x78, 0xff, 0xe9, 0x04, 0x1e,
  0x06, 0xe2, 0x02, 0x26, 0x01, 0x34, 0x00, 0x00, 0x00, 0x27, 0x02, 0x2a,
  0x00, 0xbb, 0x00, 0x00, 0x01, 0x07, 0x02, 0x26, 0x01, 0x93, 0x01, 0x2c,
  0x00, 0x09, 0xb1, 0x03, 0x01, 0xb8, 0x01, 0x2c, 0xb0, 0x35, 0x2b, 0x00,
  0xff, 0xff, 0x00, 0x78, 0xff, 0xe9, 0x04, 0x1e, 0x07, 0x3e, 0x02, 0x26,
  0x01, 0x34, 0x00, 0x00, 0x00, 0x27, 0x02, 0x2a, 0x00, 0xbb, 0x00, 0x00,
  0x01, 0x07, 0x02, 0x30, 0x01, 0x93, 0x01, 0x2c, 0x00, 0x09, 0xb1, 0x03,
  0x01, 0xb8, 0x01, 0x2c, 0xb0, 0x35, 0x2b, 0x00, 0xff, 0xff, 0x00, 0x78,
  0xff, 0xe9, 0x04, 0x1e, 0x06, 0xc8, 0x02, 0x26, 0x01, 0x34, 0x00, 0x00,
  0x00, 0x27, 0x02, 0x2a, 0x00, 0xbb, 0x00, 0x00, 0x01, 0x07, 0x02, 0x2e,
  0x00, 0xbb, 0x01, 0x54, 0x00, 0x09, 0xb1, 0x03, 0x01, 0xb8, 0x01, 0x54,
  0xb0, 0x35, 0x2b, 0x00, 0xff, 0xff, 0x00, 0x78, 0xff, 0xe9, 0x04, 0x1e,
  0x05, 0xb6, 0x02, 0x26, 0x01, 0x34, 0x00, 0x00, 0x00, 0x07, 0x02, 0x31,
  0x00, 0xbb, 0x00, 0x00, 0xff, 0xff, 0x00, 0x78, 0xff, 0xe9, 0x04, 0x1e,
  0x05, 0x6e, 0x02, 0x26, 0x01, 0x34, 0x00, 0x00, 0x00, 0x07, 0x02, 0x24,
  0x00, 0xbb, 0x00, 0x00, 0xff, 0xff, 0x00, 0x78, 0xff, 0xe9, 0x04, 0x1e,
  0x06, 0x4d, 0x02, 0x26, 0x01, 0x34, 0x00, 0x00, 0x00, 0x27, 0x02, 0x24,
  0x00, 0xbb, 0x00, 0x00, 0x01, 0x07, 0x02, 0x2f, 0x00, 0xbb, 0x01, 0x17,
  0x00, 0x09, 0xb1, 0x04, 0x01, 0xb8, 0x01, 0x17, 0xb0, 0x35, 0x2b, 0x00,
  0xff, 0xff, 0x00, 0x78, 0xff, 0xe9, 0x04, 0x1e, 0x06, 0x4d, 0x02, 0x26,
  0x01, 0x34, 0x00, 0x00, 0x00, 0x27, 0x02, 0x25, 0x00, 0xbb, 0x00, 0x00,
  0x01, 0x07, 0x02, 0x2f, 0x00, 0xbb, 0x01, 0x17, 0x00, 0x09, 0xb1, 0x03,
  0x01, 0xb8, 0x01, 0x17, 0xb0, 0x35, 0x2b, 0x00, 0xff, 0xff, 0x00, 0x78,
  0xfe, 0x77, 0x04, 0x1e, 0x04, 0x0a, 0x02, 0x26, 0x01, 0x34, 0x00, 0x00,
  0x00, 0x07, 0x02, 0x35, 0x00, 0xbc, 0x00, 0x00, 0xff, 0xff, 0x00, 0x78,
  0xff, 0xe9, 0x04, 0x1e, 0x05, 0xb6, 0x02, 0x26, 0x01, 0x34, 0x00, 0x00,
  0x00, 0x07, 0x02, 0x26, 0x00, 0xbb, 0x00, 0x00, 0xff, 0xff, 0x00, 0x78,
  0xff, 0xe9, 0x04, 0x1e, 0x06, 0x12, 0x02, 0x26, 0x01, 0x34, 0x00, 0x00,
  0x00, 0x07, 0x02, 0x30, 0x00, 0xbb, 0x00, 0x00, 0xff, 0xff, 0x00, 0x78,
  0xff, 0xe9, 0x04, 0x56, 0x04, 0xd6, 0x02, 0x26, 0x01, 0x34, 0x00, 0x00,
  0x01, 0x07, 0x02, 0x34, 0x02, 0x76, 0x00, 0x02, 0x00, 0x08, 0xb1, 0x02,
  0x01, 0xb0, 0x02, 0xb0, 0x35, 0x2b, 0x00, 0x00, 0xff, 0xff, 0x00, 0x78,
  0xff, 0xe9, 0x04, 0x56, 0x05, 0xb6, 0x02, 0x26, 0x01, 0x34, 0x00, 0x00,
  0x00, 0x27, 0x02, 0x34, 0x02, 0x76, 0x00, 0x02, 0x01, 0x07, 0x02, 0x27,
  0x00, 0xbb, 0x00, 0x00, 0x00, 0x08, 0xb1, 0x02, 0x01, 0xb0, 0x02, 0xb0,
  0x35, 0x2b, 0x00, 0x00, 0xff, 0xff, 0x00, 0x78, 0xfe, 0x77, 0x04, 0x56,
  0x04, 0xd6, 0x02, 0x26, 0x01, 0x34, 0x00, 0x00, 0x00, 0x27, 0x02, 0x34,
  0x02, 0x76, 0x00, 0x02, 0x01, 0x07, 0x02, 0x35, 0x00, 0xbc, 0x00, 0x00,
  0x00, 0x08, 0xb1, 0x02, 0x01, 0xb0, 0x02, 0xb0, 0x35, 0x2b, 0x00, 0x00,
  0xff, 0xff, 0x00, 0x78, 0xff, 0xe9, 0x04, 0x56, 0x05, 0xb6, 0x02, 0x26,
  0x01, 0x34, 0x00, 0x00, 0x00, 0x27, 0x02, 0x34, 0x02, 0x76, 0x00, 0x02,
  0x01, 0x07, 0x02, 0x26, 0x00, 0xbb, 0x00, 0x00, 0x00, 0x08, 0xb1, 0x02,
  0x01, 0xb0, 0x02, 0xb0, 0x35, 0x2b, 0x00, 0x00, 0xff, 0xff, 0x00, 0x78,
  0xff, 0xe9, 0x04, 0x56, 0x06, 0x12, 0x02, 0x26, 0x01, 0x34, 0x00, 0x00,
  0x00, 0x27, 0x02, 0x34, 0x02, 0x76, 0x00, 0x02, 0x01, 0x07, 0x02, 0x30,
  0x00, 0xbb, 0x00, 0x00, 0x00, 0x08, 0xb1, 0x02, 0x01, 0xb0, 0x02, 0xb0,
  0x35, 0x2b, 0x00, 0x00, 0xff, 0xff, 0x00, 0x78, 0xff, 0xe9, 0x04, 0x56,
  0x05, 0x74, 0x02, 0x26, 0x01, 0x34, 0x00, 0x00, 0x00, 0x27, 0x02, 0x34,
  0x02, 0x76, 0x00, 0x02, 0x01, 0x07, 0x02, 0x2e, 0x00, 0xbb, 0x00, 0x00,
  0x00, 0x08, 0xb1, 0x02, 0x01, 0xb0, 0x02, 0xb0, 0x35, 0x2b, 0x00, 0x00,
  0xff, 0xff, 0x00, 0x78, 0xff, 0xe9, 0x04, 0x1e, 0x05, 0xb6, 0x02, 0x26,
  0x01, 0x34, 0x00, 0x00, 0x00, 0x07, 0x02, 0x28, 0x00, 0xbb, 0x00, 0x00,
  0xff, 0xff, 0x00, 0x78, 0xff, 0xe9, 0x04, 0x1e, 0x05, 0xbd, 0x02, 0x26,
  0x01, 0x34, 0x00, 0x00, 0x00, 0x07, 0x02, 0x32, 0x00, 0xbb, 0x00, 0x00,
  0xff, 0xff, 0x00, 0x78, 0xff, 0xe9, 0x04, 0x1e, 0x05, 0x36, 0x02, 0x26,
  0x01, 0x34, 0x00, 0x00, 0x00, 0x07, 0x02, 0x2f, 0x00, 0xbb, 0x00, 0x00,
  0xff, 0xff, 0x00, 0x78, 0xfe, 0x9a, 0x04, 0x1e, 0x04, 0x0a, 0x02, 0x26,
  0x01, 0x34, 0x00, 0x00, 0x01, 0x07, 0x02, 0x39, 0x01, 0x09, 0x00, 0x01,
  0x00, 0x08, 0xb1, 0x02, 0x01, 0xb0, 0x01, 0xb0, 0x35, 0x2b, 0x00, 0x00,
  0x00, 0x03, 0x00, 0x78, 0xff, 0x7a, 0x04, 0x1e, 0x04, 0x83, 0x00, 0x17,
  0x00, 0x21, 0x00, 0x2b, 0x00, 0x4a, 0x40, 0x47, 0x0d, 0x0a, 0x02, 0x04,
  0x00, 0x2a, 0x29, 0x19, 0x03, 0x05, 0x04, 0x16, 0x01, 0x02, 0x02, 0x05,
  0x03, 0x4c, 0x00, 0x01, 0x00, 0x01, 0x85, 0x06, 0x01, 0x03, 0x02, 0x03,
  0x86, 0x00, 0x04, 0x04, 0x00, 0x61, 0x00, 0x00, 0x00, 0x27, 0x4d, 0x07,
  0x01, 0x05, 0x05, 0x02, 0x61, 0x00, 0x02, 0x02, 0x28, 0x02, 0x4e, 0x23,
  0x22, 0x00, 0x00, 0x22, 0x2b, 0x23, 0x2b, 0x1c, 0x1a, 0x00, 0x17, 0x00,
  0x17, 0x27, 0x12, 0x27, 0x08, 0x08, 0x19, 0x2b, 0x17, 0x37, 0x26, 0x26,
  0x35, 0x34, 0x36, 0x36, 0x33, 0x32, 0x17, 0x37, 0x33, 0x07, 0x16, 0x16,
  0x15, 0x14, 0x06, 0x06, 0x23, 0x22, 0x27, 0x07, 0x13, 0x01, 0x26, 0x23,
  0x22, 0x06, 0x06, 0x15, 0x14, 0x16, 0x05, 0x32, 0x36, 0x36, 0x35, 0x34,
  0x26, 0x27, 0x01, 0x16, 0xd9, 0x52, 0x5e, 0x55, 0x5d, 0xcd, 0xa7, 0x65,
  0x4c, 0x42, 0x79, 0x54, 0x64, 0x59, 0x5e, 0xce, 0xa9, 0x69, 0x51, 0x3e,
  0x18, 0x01, 0x59, 0x34, 0x45, 0x75, 0x86, 0x39, 0x26, 0x01, 0x14, 0x75,
  0x85, 0x38, 0x2a, 0x33, 0xfe, 0xa4, 0x39, 0x86, 0xad, 0x38, 0xe4, 0xb7,
  0xbe, 0xe8, 0x6a, 0x12, 0x8b, 0xb1, 0x37, 0xe5, 0xb9, 0xbf, 0xeb, 0x6a,
  0x15, 0x84, 0x01, 0x30, 0x02, 0xd7, 0x0c, 0x4b, 0xb1, 0x9b, 0x7e, 0xa2,
  0x70, 0x4a, 0xaf, 0x99, 0x86, 0xa8, 0x2c, 0xfd, 0x23, 0x0f, 0xff, 0xff,
  0x00, 0x78, 0xff, 0x7a, 0x04, 0x1e, 0x05, 0xb6, 0x02, 0x26, 0x01, 0x4e,
  0x00, 0x00, 0x00, 0x07, 0x02, 0x27, 0x00, 0xb1, 0x00, 0x00, 0xff, 0xff,
  0x00, 0x78, 0xff, 0xe9, 0x04, 0x1e, 0x05, 0x74, 0x02, 0x26, 0x01, 0x34,
  0x00, 0x00, 0x00, 0x07, 0x02, 0x2e, 0x00, 0xbb, 0x00, 0x00, 0xff, 0xff,
  0x00, 0x78, 0xff, 0xe9, 0x04, 0x1e, 0x06, 0x4d, 0x02, 0x26, 0x01, 0x34,
  0x00, 0x00, 0x00, 0x27, 0x02, 0x2e, 0x00, 0xbb, 0x00, 0x00, 0x01, 0x07,
  0x02, 0x2f, 0x00, 0xbb, 0x01, 0x17, 0x00, 0x09, 0xb1, 0x03, 0x01, 0xb8,
  0x01, 0x17, 0xb0, 0x35, 0x2b, 0x00, 0x00, 0x03, 0x00, 0x78, 0xff, 0xe9,
  0x06, 0xf0, 0x04, 0x0a, 0x00, 0x22, 0x00, 0x2b, 0x00, 0x3b, 0x00, 0x59,
  0x40, 0x56, 0x0b, 0x01, 0x07, 0x08, 0x20, 0x01, 0x04, 0x05, 0x02, 0x4c,
  0x00, 0x05, 0x03, 0x04, 0x03, 0x05, 0x04, 0x80, 0x00, 0x07, 0x00, 0x03,
  0x05, 0x07, 0x03, 0x67, 0x0a, 0x01, 0x08, 0x08, 0x01, 0x61, 0x02, 0x01,
  0x01, 0x01, 0x27, 0x4d, 0x0c, 0x09, 0x02, 0x04, 0x04, 0x00, 0x61, 0x06,
  0x0b, 0x02, 0x00, 0x00, 0x28, 0x00, 0x4e, 0x2d, 0x2c, 0x01, 0x00, 0x35,
  0x33, 0x2c, 0x3b, 0x2d, 0x3b, 0x29, 0x27, 0x24, 0x23, 0x1e, 0x1c, 0x1a,
  0x19, 0x17, 0x15, 0x13, 0x12, 0x0f, 0x0d, 0x09, 0x07, 0x00, 0x22, 0x01,
  0x22, 0x0d, 0x08, 0x16, 0x2b, 0x05, 0x22, 0x26, 0x26, 0x35, 0x34, 0x36,
  0x36, 0x33, 0x32, 0x16, 0x17, 0x36, 0x36, 0x33, 0x32, 0x16, 0x16, 0x15,
  0x21, 0x14, 0x16, 0x33, 0x32, 0x36, 0x37, 0x33, 0x14, 0x06, 0x23, 0x22,
  0x26, 0x27, 0x06, 0x06, 0x01, 0x21, 0x2e, 0x02, 0x23, 0x22, 0x06, 0x06,
  0x01, 0x32, 0x36, 0x36, 0x35, 0x34, 0x26, 0x26, 0x23, 0x22, 0x06, 0x06,
  0x15, 0x14, 0x16, 0x16, 0x02, 0x49, 0xa7, 0xcd, 0x5d, 0x5d, 0xcd, 0xa7,
  0x9c, 0xbe, 0x2f, 0x2f, 0xa9, 0x91, 0xa9, 0xbe, 0x4e, 0xfd, 0x2f, 0x8b,
  0xa3, 0x85, 0x75, 0x04, 0x9d, 0xcb, 0xd4, 0x95, 0xb6, 0x2f, 0x30, 0xbc,
  0x01, 0x3e, 0x02, 0x33, 0x04, 0x37, 0x78, 0x66, 0x66, 0x79, 0x37, 0xfe,
  0x2a, 0x75, 0x85, 0x38, 0x39, 0x88, 0x77, 0x75, 0x86, 0x39, 0x39, 0x8a,
  0x17, 0x6a, 0xe9, 0xbe, 0xbe, 0xe8, 0x6a, 0x58, 0x62, 0x5d, 0x5d, 0x77,
  0xf6, 0xbd, 0xcb, 0xaf, 0x4f, 0x61, 0x9a, 0x93, 0x57, 0x60, 0x60, 0x57,
  0x02, 0x69, 0x79, 0x8a, 0x3a, 0x3a, 0x8a, 0xfd, 0x9b, 0x4a, 0xaf, 0x99,
  0x9a, 0xb1, 0x4a, 0x4b, 0xb1, 0x9b, 0x98, 0xaf, 0x49, 0x00, 0x00, 0x02,
  0x00, 0xb4, 0xfe, 0x7b, 0x04, 0x2f, 0x04, 0x0a, 0x00, 0x11, 0x00, 0x21,
  0x00, 0x68, 0xb6, 0x10, 0x03, 0x02, 0x04, 0x05, 0x01, 0x4c, 0x4b, 0xb0,
  0x17, 0x50, 0x58, 0x40, 0x1d, 0x00, 0x05, 0x05, 0x00, 0x61, 0x01, 0x01,
  0x00, 0x00, 0x21, 0x4d, 0x07, 0x01, 0x04, 0x04, 0x02, 0x61, 0x00, 0x02,
  0x02, 0x28, 0x4d, 0x06, 0x01, 0x03, 0x03, 0x23, 0x03, 0x4e, 0x1b, 0x40,
  0x21, 0x00, 0x00, 0x00, 0x21, 0x4d, 0x00, 0x05, 0x05, 0x01, 0x61, 0x00,
  0x01, 0x01, 0x27, 0x4d, 0x07, 0x01, 0x04, 0x04, 0x02, 0x61, 0x00, 0x02,
  0x02, 0x28, 0x4d, 0x06, 0x01, 0x03, 0x03, 0x23, 0x03, 0x4e, 0x59, 0x40,
  0x14, 0x13, 0x12, 0x00, 0x00, 0x1b, 0x19, 0x12, 0x21, 0x13, 0x21, 0x00,
  0x11, 0x00, 0x11, 0x24, 0x24, 0x11, 0x08, 0x08, 0x19, 0x2b, 0x13, 0x11,
  0x33, 0x17, 0x3e, 0x02, 0x33, 0x32, 0x16, 0x11, 0x10, 0x06, 0x23, 0x22,
  0x26, 0x27, 0x11, 0x01, 0x32, 0x36, 0x36, 0x35, 0x34, 0x26, 0x26, 0x23,
  0x22, 0x06, 0x06, 0x15, 0x14, 0x16, 0x16, 0xb4, 0x7b, 0x12, 0x18, 0x4e,
  0x87, 0x6d, 0xce, 0xc6, 0xc7, 0xcf, 0x80, 0x99, 0x32, 0x01, 0x27, 0x6d,
  0x7c, 0x35, 0x34, 0x7b, 0x6c, 0x71, 0x82, 0x37, 0x31, 0x80, 0xfe, 0x7b,
  0x05, 0x78, 0x86, 0x26, 0x48, 0x2f, 0xef, 0xfe, 0xe7, 0xfe, 0xd9, 0xf2,
  0x3f, 0x49, 0xfe, 0x0a, 0x01, 0xeb, 0x4c, 0xb5, 0x9d, 0x96, 0xab, 0x48,
  0x4a, 0xb0, 0x99, 0xa1, 0xb0, 0x43, 0x00, 0x02, 0x00, 0xb4, 0xfe, 0x7b,
  0x04, 0x2f, 0x05, 0xa1, 0x00, 0x11, 0x00, 0x21, 0x00, 0x3f, 0x40, 0x3c,
  0x10, 0x03, 0x02, 0x04, 0x05, 0x01, 0x4c, 0x00, 0x00, 0x00, 0x1e, 0x4d,
  0x00, 0x05, 0x05, 0x01, 0x61, 0x00, 0x01, 0x01, 0x27, 0x4d, 0x07, 0x01,
  0x04, 0x04, 0x02, 0x61, 0x00, 0x02, 0x02, 0x28, 0x4d, 0x06, 0x01, 0x03,
  0x03, 0x23, 0x03, 0x4e, 0x13, 0x12, 0x00, 0x00, 0x1b, 0x19, 0x12, 0x21,
  0x13, 0x21, 0x00, 0x11, 0x00, 0x11, 0x24, 0x24, 0x11, 0x08, 0x08, 0x19,
  0x2b, 0x13, 0x11, 0x33, 0x11, 0x3e, 0x02, 0x33, 0x32, 0x16, 0x11, 0x10,
  0x06, 0x23, 0x22, 0x26, 0x27, 0x11, 0x01, 0x32, 0x36, 0x36, 0x35, 0x34,
  0x26, 0x26, 0x23, 0x22, 0x06, 0x06, 0x15, 0x14, 0x16, 0x16, 0xb4, 0x8f,
  0x17, 0x4d, 0x87, 0x6d, 0xce, 0xc6, 0xc7, 0xcf, 0x80, 0x99, 0x32, 0x01,
  0x27, 0x6d, 0x7c, 0x35, 0x34, 0x7b, 0x6c, 0x71, 0x82, 0x37, 0x31, 0x80,
  0xfe, 0x7b, 0x07, 0x26, 0xfd, 0xcd, 0x25, 0x48, 0x2f, 0xef, 0xfe, 0xe7,
  0xfe, 0xd9, 0xf2, 0x3f, 0x49, 0xfe, 0x0a, 0x01, 0xeb, 0x4c, 0xb5, 0x9d,
  0x96, 0xab, 0x48, 0x4a, 0xb0, 0x99, 0xa1, 0xb0, 0x43, 0x00, 0x00, 0x02,
  0x00, 0x78, 0xfe, 0x7b, 0x03, 0xf3, 0x04, 0x0a, 0x00, 0x11, 0x00, 0x21,
  0x00, 0x68, 0xb6, 0x0e, 0x01, 0x02, 0x04, 0x05, 0x01, 0x4c, 0x4b, 0xb0,
  0x17, 0x50, 0x58, 0x40, 0x1d, 0x00, 0x05, 0x05, 0x01, 0x61, 0x02, 0x01,
  0x01, 0x01, 0x27, 0x4d, 0x07, 0x01, 0x04, 0x04, 0x00, 0x61, 0x00, 0x00,
  0x00, 0x28, 0x4d, 0x06, 0x01, 0x03, 0x03, 0x23, 0x03, 0x4e, 0x1b, 0x40,
  0x21, 0x00, 0x02, 0x02, 0x21, 0x4d, 0x00, 0x05, 0x05, 0x01, 0x61, 0x00,
  0x01, 0x01, 0x27, 0x4d, 0x07, 0x01, 0x04, 0x04, 0x00, 0x61, 0x00, 0x00,
  0x00, 0x28, 0x4d, 0x06, 0x01, 0x03, 0x03, 0x23, 0x03, 0x4e, 0x59, 0x40,
  0x14, 0x13, 0x12, 0x00, 0x00, 0x1b, 0x19, 0x12, 0x21, 0x13, 0x21, 0x00,
  0x11, 0x00, 0x11, 0x14, 0x24, 0x23, 0x08, 0x08, 0x19, 0x2b, 0x01, 0x11,
  0x06, 0x06, 0x23, 0x22, 0x26, 0x11, 0x10, 0x36, 0x33, 0x32, 0x16, 0x16,
  0x17, 0x37, 0x33, 0x11, 0x01, 0x32, 0x36, 0x36, 0x35, 0x34, 0x26, 0x26,
  0x23, 0x22, 0x06, 0x06, 0x15, 0x14, 0x16, 0x16, 0x03, 0x59, 0x32, 0x99,
  0x80, 0xcf, 0xc7, 0xc7, 0xcd, 0x6d, 0x87, 0x4e, 0x18, 0x12, 0x7b, 0xfe,
  0x3f, 0x76, 0x80, 0x31, 0x37, 0x82, 0x71, 0x6b, 0x7c, 0x34, 0x35, 0x7d,
  0xfe, 0x7b, 0x01, 0xf6, 0x49, 0x3f, 0xf2, 0x01, 0x27, 0x01, 0x19, 0xef,
  0x2f, 0x48, 0x26, 0x86, 0xfa, 0x88, 0x01, 0xeb, 0x43, 0xb0, 0xa1, 0x99,
  0xb0, 0x4a, 0x48, 0xab, 0x96, 0x9d, 0xb5, 0x4c, 0x00, 0x01, 0x00, 0xb4,
  0x00, 0x00, 0x02, 0x9f, 0x04, 0x0a, 0x00, 0x0d, 0x00, 0x69, 0xb6, 0x0a,
  0x01, 0x02, 0x02, 0x01, 0x01, 0x4c, 0x4b, 0xb0, 0x17, 0x50, 0x58, 0x40,
  0x12, 0x00, 0x01, 0x01, 0x00, 0x61, 0x04, 0x03, 0x02, 0x00, 0x00, 0x27,
  0x4d, 0x00, 0x02, 0x02, 0x1f, 0x02, 0x4e, 0x1b, 0x4b, 0xb0, 0x29, 0x50,
  0x58, 0x40, 0x16, 0x04, 0x01, 0x03, 0x03, 0x21, 0x4d, 0x00, 0x01, 0x01,
  0x00, 0x61, 0x00, 0x00, 0x00, 0x27, 0x4d, 0x00, 0x02, 0x02, 0x1f, 0x02,
  0x4e, 0x1b, 0x40, 0x16, 0x04, 0x01, 0x03, 0x03, 0x21, 0x4d, 0x00, 0x01,
  0x01, 0x00, 0x61, 0x00, 0x00, 0x00, 0x27, 0x4d, 0x00, 0x02, 0x02, 0x22,
  0x02, 0x4e, 0x59, 0x59, 0x40, 0x0c, 0x00, 0x00, 0x00, 0x0d, 0x00, 0x0d,
  0x13, 0x22, 0x13, 0x05, 0x08, 0x19, 0x2b, 0x01, 0x17, 0x36, 0x36, 0x33,
  0x33, 0x15, 0x23, 0x22, 0x06, 0x07, 0x11, 0x23, 0x11, 0x01, 0x32, 0x13,
  0x35, 0xb4, 0x5e, 0x13, 0x16, 0x6d, 0xae, 0x20, 0x9a, 0x03, 0xf3, 0x9d,
  0x6b, 0x49, 0x99, 0x56, 0x61, 0xfd, 0x46, 0x03, 0xf3, 0x00, 0xff, 0xff,
  0x00, 0xb4, 0x00, 0x00, 0x02, 0xaa, 0x05, 0xb6, 0x02, 0x26, 0x01, 0x56,
  0x00, 0x00, 0x00, 0x06, 0x02, 0x27, 0x10, 0x00, 0x00, 0x00, 0xff, 0xff,
  0x00, 0x9b, 0x00, 0x00, 0x02, 0xa4, 0x05, 0xd5, 0x02, 0x26, 0x01, 0x56,
  0x00, 0x00, 0x00, 0x06, 0x02, 0x2b, 0x10, 0x00, 0x00, 0x00, 0xff, 0xff,
  0x00, 0x91, 0xfd, 0xab, 0x02, 0x9f, 0x04, 0x0a, 0x02, 0x26, 0x01, 0x56,
  0x00, 0x00, 0x00, 0x07, 0x02, 0x37, 0xff, 0x71, 0x00, 0x00, 0xff, 0xff,
  0x00, 0x05, 0x00, 0x00, 0x02, 0x9f, 0x05, 0xb6, 0x02, 0x26, 0x01, 0x56,
  0x00, 0x00, 0x00, 0x06, 0x02, 0x31, 0x10, 0x00, 0x00, 0x00, 0xff, 0xff,
  0x00, 0x99, 0x00, 0x00, 0x02, 0xa6, 0x05, 0xbd, 0x02, 0x26, 0x01, 0x56,
  0x00, 0x00, 0x00, 0x06, 0x02, 0x32, 0x10, 0x00, 0x00, 0x00, 0x00, 0x01,
  0x00, 0x69, 0xff, 0xe9, 0x03, 0x62, 0x04, 0x0a, 0x00, 0x26, 0x00, 0x30,
  0x40, 0x2d, 0x00, 0x03, 0x04, 0x00, 0x04, 0x03, 0x00, 0x80, 0x00, 0x00,
  0x01, 0x04, 0x00, 0x01, 0x7e, 0x00, 0x04, 0x04, 0x02, 0x61, 0x00, 0x02,
  0x02, 0x27, 0x4d, 0x00, 0x01, 0x01, 0x05, 0x61, 0x00, 0x05, 0x05, 0x28,
  0x05, 0x4e, 0x2b, 0x22, 0x12, 0x2a, 0x22, 0x10, 0x06, 0x08, 0x1c, 0x2b,
  0x13, 0x33, 0x16, 0x16, 0x33, 0x32, 0x36, 0x35, 0x34, 0x26, 0x27, 0x27,
  0x26, 0x26, 0x35, 0x10, 0x21, 0x32, 0x16, 0x15, 0x23, 0x34, 0x26, 0x23,
  0x22, 0x06, 0x15, 0x14, 0x16, 0x17, 0x17, 0x16, 0x16, 0x15, 0x14, 0x06,
  0x23, 0x22, 0x26, 0x69, 0x92, 0x02, 0x68, 0x8e, 0x80, 0x61, 0x5b, 0x63,
  0x6a, 0xa9, 0x95, 0x01, 0x80, 0xca, 0xa6, 0x92, 0x64, 0x7a, 0x7c, 0x6f,
  0x53, 0x5b, 0x6a, 0xb0, 0x97, 0xb3, 0xc2, 0xcd, 0xb7, 0x01, 0x10, 0x64,
  0x4b, 0x50, 0x5c, 0x47, 0x52, 0x10, 0x11, 0x1b, 0x87, 0x7e, 0x01, 0x23,
  0x8a, 0x9f, 0x5f, 0x52, 0x50, 0x59, 0x45, 0x4a, 0x0f, 0x11, 0x1c, 0x8a,
  0x85, 0x96, 0x90, 0x88, 0xff, 0xff, 0x00, 0x69, 0xff, 0xe9, 0x03, 0x62,
  0x05, 0xb6, 0x02, 0x26, 0x01, 0x5c, 0x00, 0x00, 0x00, 0x06, 0x02, 0x27,
  0x48, 0x00, 0x00, 0x00, 0xff, 0xff, 0x00, 0x69, 0xff, 0xe9, 0x03, 0x62,
  0x05, 0xd5, 0x02, 0x26, 0x01, 0x5c, 0x00, 0x00, 0x00, 0x06, 0x02, 0x2b,
  0x48, 0x00, 0x00, 0x00, 0xff, 0xff, 0x00, 0x69, 0xfe, 0x77, 0x03, 0x62,
  0x04, 0x0a, 0x02, 0x26, 0x01, 0x5c, 0x00, 0x00, 0x00, 0x06, 0x02, 0x38,
  0x48, 0x00, 0x00, 0x00, 0xff, 0xff, 0x00, 0x69, 0xff, 0xe9, 0x03, 0x62,
  0x05, 0xd5, 0x02, 0x26, 0x01, 0x5c, 0x00, 0x00, 0x00, 0x06, 0x02, 0x2a,
  0x48, 0x00, 0x00, 0x00, 0xff, 0xff, 0x00, 0x69, 0xfd, 0xab, 0x03, 0x62,
  0x04, 0x0a, 0x02, 0x26, 0x01, 0x5c, 0x00, 0x00, 0x00, 0x06, 0x02, 0x37,
  0x48, 0x00, 0x00, 0x00, 0x00, 0x01, 0x00, 0xb4, 0xff, 0xe9, 0x04, 0x79,
  0x05, 0xc0, 0x00, 0x2b, 0x00, 0xe2, 0x4b, 0xb0, 0x17, 0x50, 0x58, 0x40,
  0x0e, 0x26, 0x01, 0x02, 0x03, 0x04, 0x01, 0x01, 0x02, 0x03, 0x01, 0x00,
  0x01, 0x03, 0x4c, 0x1b, 0x40, 0x0e, 0x26, 0x01, 0x02, 0x03, 0x04, 0x01,
  0x01, 0x02, 0x03, 0x01, 0x05, 0x01, 0x03, 0x4c, 0x59, 0x4b, 0xb0, 0x17,
  0x50, 0x58, 0x40, 0x1f, 0x00, 0x03, 0x00, 0x02, 0x01, 0x03, 0x02, 0x69,
  0x00, 0x04, 0x04, 0x06, 0x61, 0x00, 0x06, 0x06, 0x24, 0x4d, 0x00, 0x01,
  0x01, 0x00, 0x61, 0x05, 0x07, 0x02, 0x00, 0x00, 0x28, 0x00, 0x4e, 0x1b,
  0x4b, 0xb0, 0x29, 0x50, 0x58, 0x40, 0x23, 0x00, 0x03, 0x00, 0x02, 0x01,
  0x03, 0x02, 0x69, 0x00, 0x04, 0x04, 0x06, 0x61, 0x00, 0x06, 0x06, 0x24,
  0x4d, 0x00, 0x05, 0x05, 0x1f, 0x4d, 0x00, 0x01, 0x01, 0x00, 0x61, 0x07,
  0x01, 0x00, 0x00, 0x28, 0x00, 0x4e, 0x1b, 0x4b, 0xb0, 0x2b, 0x50, 0x58,
  0x40, 0x23, 0x00, 0x03, 0x00, 0x02, 0x01, 0x03, 0x02, 0x69, 0x00, 0x04,
  0x04, 0x06, 0x61, 0x00, 0x06, 0x06, 0x24, 0x4d, 0x00, 0x05, 0x05, 0x22,
  0x4d, 0x00, 0x01, 0x01, 0x00, 0x61, 0x07, 0x01, 0x00, 0x00, 0x28, 0x00,
  0x4e, 0x1b, 0x40, 0x21, 0x00, 0x06, 0x00, 0x04, 0x03, 0x06, 0x04, 0x69,
  0x00, 0x03, 0x00, 0x02, 0x01, 0x03, 0x02, 0x69, 0x00, 0x05, 0x05, 0x22,
  0x4d, 0x00, 0x01, 0x01, 0x00, 0x61, 0x07, 0x01, 0x00, 0x00, 0x28, 0x00,
  0x4e, 0x59, 0x59, 0x59, 0x40, 0x15, 0x01, 0x00, 0x21, 0x1f, 0x1c, 0x1b,
  0x18, 0x16, 0x12, 0x10, 0x0f, 0x0d, 0x08, 0x06, 0x00, 0x2b, 0x01, 0x2b,
  0x08, 0x08, 0x16, 0x2b, 0x05, 0x22, 0x26, 0x27, 0x35, 0x16, 0x16, 0x33,
  0x32, 0x36, 0x35, 0x34, 0x26, 0x26, 0x23, 0x23, 0x35, 0x33, 0x32, 0x36,
  0x35, 0x34, 0x26, 0x23, 0x22, 0x06, 0x15, 0x11, 0x23, 0x11, 0x34, 0x36,
  0x33, 0x32, 0x16, 0x15, 0x14, 0x06, 0x07, 0x16, 0x16, 0x15, 0x14, 0x06,
  0x02, 0xd3, 0x3b, 0x8b, 0x39, 0x42, 0x77, 0x4f, 0x8a, 0x76, 0x36, 0x7d,
  0x6b, 0x8a, 0x63, 0x7d, 0x6e, 0x82, 0x9a, 0x98, 0x81, 0x99, 0xd1, 0xe3,
  0xe6, 0xce, 0x51, 0x57, 0x97, 0x6e, 0xcf, 0x17, 0x13, 0x13, 0x84, 0x15,
  0x18, 0x8e, 0xbc, 0x7e, 0x90, 0x3c, 0x7a, 0x6b, 0x7c, 0x84, 0x64, 0x77,
  0xa1, 0xfb, 0xd5, 0x04, 0x3d, 0xc6, 0xbd, 0xa3, 0xc0, 0x6d, 0x93, 0x1e,
  0x1e, 0xca, 0xa7, 0xf5, 0xd2, 0x00, 0x00, 0x01, 0x00, 0x32, 0xff, 0xe6,
  0x02, 0x90, 0x05, 0x0b, 0x00, 0x16, 0x00, 0x33, 0x40, 0x30, 0x08, 0x01,
  0x01, 0x00, 0x09, 0x01, 0x02, 0x01, 0x02, 0x4c, 0x00, 0x05, 0x04, 0x05,
  0x85, 0x03, 0x01, 0x00, 0x00, 0x04, 0x5f, 0x06, 0x01, 0x04, 0x04, 0x21,
  0x4d, 0x00, 0x01, 0x01, 0x02, 0x62, 0x00, 0x02, 0x02, 0x28, 0x02, 0x4e,
  0x11, 0x11, 0x11, 0x12, 0x25, 0x23, 0x10, 0x07, 0x08, 0x1d, 0x2b, 0x01,
  0x23, 0x11, 0x14, 0x16, 0x33, 0x32, 0x36, 0x37, 0x15, 0x06, 0x06, 0x23,
  0x20, 0x11, 0x11, 0x23, 0x35, 0x33, 0x11, 0x33, 0x11, 0x33, 0x02, 0x7a,
  0xf8, 0x49, 0x51, 0x20, 0x3b, 0x19, 0x1a, 0x46, 0x32, 0xfe, 0xea, 0xb6,
  0xb6, 0x99, 0xf9, 0x03, 0x7c, 0xfd, 0x90, 0x55, 0x49, 0x07, 0x04, 0x85,
  0x05, 0x09, 0x01, 0x3b, 0x02, 0x5b, 0x7a, 0x01, 0x15, 0xfe, 0xeb, 0x00,
  0x00, 0x01, 0x00, 0x32, 0xff, 0xe6, 0x02, 0x90, 0x05, 0x0b, 0x00, 0x1e,
  0x00, 0x43, 0x40, 0x40, 0x0c, 0x01, 0x03, 0x02, 0x0d, 0x01, 0x04, 0x03,
  0x02, 0x4c, 0x00, 0x09, 0x08, 0x09, 0x85, 0x06, 0x01, 0x01, 0x05, 0x01,
  0x02, 0x03, 0x01, 0x02, 0x67, 0x07, 0x01, 0x00, 0x00, 0x08, 0x5f, 0x0a,
  0x01, 0x08, 0x08, 0x21, 0x4d, 0x00, 0x03, 0x03, 0x04, 0x62, 0x00, 0x04,
  0x04, 0x28, 0x04, 0x4e, 0x1e, 0x1d, 0x1c, 0x1b, 0x11, 0x11, 0x11, 0x12,
  0x25, 0x23, 0x11, 0x11, 0x10, 0x0b, 0x08, 0x1f, 0x2b, 0x01, 0x23, 0x11,
  0x33, 0x15, 0x23, 0x15, 0x14, 0x16, 0x33, 0x32, 0x36, 0x37, 0x15, 0x06,
  0x06, 0x23, 0x20, 0x11, 0x35, 0x23, 0x35, 0x33, 0x11, 0x23, 0x35, 0x33,
  0x11, 0x33, 0x11, 0x33, 0x02, 0x7a, 0xf8, 0xd8, 0xd8, 0x49, 0x51, 0x20,
  0x3b, 0x19, 0x1a, 0x46, 0x32, 0xfe, 0xea, 0xaa, 0xaa, 0xb6, 0xb6, 0x99,
  0xf9, 0x03, 0x7c, 0xfe, 0xb9, 0x76, 0xb3, 0x55, 0x49, 0x07, 0x04, 0x85,
  0x05, 0x09, 0x01, 0x3b, 0x9e, 0x76, 0x01, 0x47, 0x7a, 0x01, 0x15, 0xfe,
  0xeb, 0x00, 0xff, 0xff, 0x00, 0x32, 0xff, 0xe6, 0x02, 0xc1, 0x06, 0x09,
  0x02, 0x26, 0x01, 0x63, 0x00, 0x00, 0x01, 0x06, 0x02, 0x29, 0x19, 0x49,
  0x00, 0x08, 0xb1, 0x01, 0x01, 0xb0, 0x49, 0xb0, 0x35, 0x2b, 0xff, 0xff,
  0x00, 0x32, 0xfe, 0x77, 0x02, 0x90, 0x05, 0x0b, 0x02, 0x26, 0x01, 0x63,
  0x00, 0x00, 0x00, 0x06, 0x02, 0x38, 0x23, 0x00, 0x00, 0x00, 0xff, 0xff,
  0x00, 0x32, 0xfd, 0xab, 0x02, 0x90, 0x05, 0x0b, 0x02, 0x26, 0x01, 0x63,
  0x00, 0x00, 0x00, 0x06, 0x02, 0x37, 0x23, 0x00, 0x00, 0x00, 0x00, 0x01,
  0x00, 0xaf, 0xff, 0xe9, 0x03, 0xf8, 0x03, 0xf3, 0x00, 0x13, 0x00, 0x70,
  0xb5, 0x11, 0x01, 0x02, 0x01, 0x01, 0x4c, 0x4b, 0xb0, 0x17, 0x50, 0x58,
  0x40, 0x13, 0x03, 0x01, 0x01, 0x01, 0x21, 0x4d, 0x00, 0x02, 0x02, 0x00,
  0x61, 0x04, 0x05, 0x02, 0x00, 0x00, 0x28, 0x00, 0x4e, 0x1b, 0x4b, 0xb0,
  0x29, 0x50, 0x58, 0x40, 0x17, 0x03, 0x01, 0x01, 0x01, 0x21, 0x4d, 0x00,
  0x04, 0x04, 0x1f, 0x4d, 0x00, 0x02, 0x02, 0x00, 0x61, 0x05, 0x01, 0x00,
  0x00, 0x28, 0x00, 0x4e, 0x1b, 0x40, 0x17, 0x03, 0x01, 0x01, 0x01, 0x21,
  0x4d, 0x00, 0x04, 0x04, 0x22, 0x4d, 0x00, 0x02, 0x02, 0x00, 0x61, 0x05,
  0x01, 0x00, 0x00, 0x28, 0x00, 0x4e, 0x59, 0x59, 0x40, 0x11, 0x01, 0x00,
  0x10, 0x0f, 0x0e, 0x0d, 0x0a, 0x08, 0x05, 0x04, 0x00, 0x13, 0x01, 0x13,
  0x06, 0x08, 0x16, 0x2b, 0x05, 0x22, 0x26, 0x35, 0x11, 0x33, 0x11, 0x14,
  0x16, 0x33, 0x32, 0x36, 0x35, 0x11, 0x33, 0x11, 0x23, 0x27, 0x06, 0x06,
  0x02, 0x10, 0xbe, 0xa3, 0x9a, 0x70, 0x84, 0x9c, 0x85, 0x9a, 0x7e, 0x0c,
  0x31, 0xa1, 0x17, 0xc2, 0xe2, 0x02, 0x66, 0xfd, 0x9a, 0x9d, 0x86, 0x8a,
  0xa1, 0x02, 0x5e, 0xfc, 0x0d, 0x92, 0x5b, 0x4e, 0xff, 0xff, 0x00, 0xaf,
  0xff, 0xe9, 0x03, 0xf8, 0x05, 0xb6, 0x02, 0x26, 0x01, 0x68, 0x00, 0x00,
  0x00, 0x07, 0x02, 0x27, 0x00, 0xbd, 0x00, 0x00, 0xff, 0xff, 0x00, 0xaf,
  0xff, 0xe9, 0x03, 0xf8, 0x05, 0xbd, 0x02, 0x26, 0x01, 0x68, 0x00, 0x00,
  0x00, 0x07, 0x02, 0x2c, 0x00, 0xbd, 0x00, 0x00, 0xff, 0xff, 0x00, 0xaf,
  0xff, 0xe9, 0x03, 0xf8, 0x05, 0xd5, 0x02, 0x26, 0x01, 0x68, 0x00, 0x00,
  0x00, 0x07, 0x02, 0x2a, 0x00, 0xbd, 0x00, 0x00, 0xff, 0xff, 0x00, 0xaf,
  0xff, 0xe9, 0x03, 0xf8, 0x05, 0xb6, 0x02, 0x26, 0x01, 0x68, 0x00, 0x00,
  0x00, 0x07, 0x02, 0x31, 0x00, 0xbd, 0x00, 0x00, 0xff, 0xff, 0x00, 0xaf,
  0xff, 0xe9, 0x03, 0xf8, 0x05, 0x6e, 0x02, 0x26, 0x01, 0x68, 0x00, 0x00,
  0x00, 0x07, 0x02, 0x24, 0x00, 0xbd, 0x00, 0x00, 0xff, 0xff, 0x00, 0xaf,
  0xfe, 0x77, 0x03, 0xf8, 0x03, 0xf3, 0x02, 0x26, 0x01, 0x68, 0x00, 0x00,
  0x00, 0x07, 0x02, 0x35, 0x00, 0xbd, 0x00, 0x00, 0xff, 0xff, 0x00, 0xaf,
  0xff, 0xe9, 0x03, 0xf8, 0x05, 0xb6, 0x02, 0x26, 0x01, 0x68, 0x00, 0x00,
  0x00, 0x07, 0x02, 0x26, 0x00, 0xbd, 0x00, 0x00, 0xff, 0xff, 0x00, 0xaf,
  0xff, 0xe9, 0x03, 0xf8, 0x06, 0x12, 0x02, 0x26, 0x01, 0x68, 0x00, 0x00,
  0x00, 0x07, 0x02, 0x30, 0x00, 0xbd, 0x00, 0x00, 0xff, 0xff, 0x00, 0xaf,
  0xff, 0xe9, 0x05, 0x05, 0x04, 0xd5, 0x00, 0x26, 0x01, 0x68, 0x00, 0x00,
  0x01, 0x07, 0x02, 0x34, 0x03, 0x25, 0x00, 0x01, 0x00, 0x08, 0xb1, 0x01,
  0x01, 0xb0, 0x01, 0xb0, 0x35, 0x2b, 0x00, 0x00, 0xff, 0xff, 0x00, 0xaf,
  0xff, 0xe9, 0x05, 0x05, 0x05, 0xb6, 0x00, 0x26, 0x01, 0x68, 0x00, 0x00,
  0x00, 0x27, 0x02, 0x34, 0x03, 0x25, 0x00, 0x01, 0x01, 0x07, 0x02, 0x27,
  0x00, 0xbd, 0x00, 0x00, 0x00, 0x08, 0xb1, 0x01, 0x01, 0xb0, 0x01, 0xb0,
  0x35, 0x2b, 0x00, 0x00, 0xff, 0xff, 0x00, 0xaf, 0xfe, 0x77, 0x05, 0x05,
  0x04, 0xd5, 0x00, 0x26, 0x01, 0x68, 0x00, 0x00, 0x00, 0x27, 0x02, 0x34,
  0x03, 0x25, 0x00, 0x01, 0x01, 0x07, 0x02, 0x35, 0x00, 0xbd, 0x00, 0x00,
  0x00, 0x08, 0xb1, 0x01, 0x01, 0xb0, 0x01, 0xb0, 0x35, 0x2b, 0x00, 0x00,
  0xff, 0xff, 0x00, 0xaf, 0xff, 0xe9, 0x05, 0x05, 0x05, 0xb6, 0x00, 0x26,
  0x01, 0x68, 0x00, 0x00, 0x00, 0x27, 0x02, 0x34, 0x03, 0x25, 0x00, 0x01,
  0x01, 0x07, 0x02, 0x26, 0x00, 0xbd, 0x00, 0x00, 0x00, 0x08, 0xb1, 0x01,
  0x01, 0xb0, 0x01, 0xb0, 0x35, 0x2b, 0x00, 0x00, 0xff, 0xff, 0x00, 0xaf,
  0xff, 0xe9, 0x05, 0x05, 0x06, 0x12, 0x00, 0x26, 0x01, 0x68, 0x00, 0x00,
  0x00, 0x27, 0x02, 0x34, 0x03, 0x25, 0x00, 0x01, 0x01, 0x07, 0x02, 0x30,
  0x00, 0xbd, 0x00, 0x00, 0x00, 0x08, 0xb1, 0x01, 0x01, 0xb0, 0x01, 0xb0,
  0x35, 0x2b, 0x00, 0x00, 0xff, 0xff, 0x00, 0xaf, 0xff, 0xe9, 0x05, 0x05,
  0x05, 0x74, 0x00, 0x26, 0x01, 0x68, 0x00, 0x00, 0x00, 0x27, 0x02, 0x34,
  0x03, 0x25, 0x00, 0x01, 0x01, 0x07, 0x02, 0x2e, 0x00, 0xbd, 0x00, 0x00,
  0x00, 0x08, 0xb1, 0x01, 0x01, 0xb0, 0x01, 0xb0, 0x35, 0x2b, 0x00, 0x00,
  0xff, 0xff, 0x00, 0xaf, 0xff, 0xe9, 0x03, 0xf8, 0x05, 0xb6, 0x02, 0x26,
  0x01, 0x68, 0x00, 0x00, 0x00, 0x07, 0x02, 0x28, 0x00, 0xbd, 0x00, 0x00,
  0xff, 0xff, 0x00, 0xaf, 0xff, 0xe9, 0x03, 0xf8, 0x05, 0xbd, 0x02, 0x26,
  0x01, 0x68, 0x00, 0x00, 0x00, 0x07, 0x02, 0x32, 0x00, 0xbd, 0x00, 0x00,
  0xff, 0xff, 0x00, 0xaf, 0xff, 0xe9, 0x03, 0xf8, 0x05, 0x36, 0x02, 0x26,
  0x01, 0x68, 0x00, 0x00, 0x00, 0x07, 0x02, 0x2f, 0x00, 0xbd, 0x00, 0x00,
  0xff, 0xff, 0x00, 0xaf, 0xfe, 0x9a, 0x04, 0x43, 0x03, 0xf3, 0x02, 0x26,
  0x01, 0x68, 0x00, 0x00, 0x01, 0x07, 0x02, 0x39, 0x02, 0x2b, 0x00, 0x01,
  0x00, 0x08, 0xb1, 0x01, 0x01, 0xb0, 0x01, 0xb0, 0x35, 0x2b, 0x00, 0x00,
  0xff, 0xff, 0x00, 0xaf, 0xff, 0xe9, 0x03, 0xf8, 0x06, 0x19, 0x02, 0x26,
  0x01, 0x68, 0x00, 0x00, 0x00, 0x07, 0x02, 0x2d, 0x00, 0xbd, 0x00, 0x00,
  0xff, 0xff, 0x00, 0xaf, 0xff, 0xe9, 0x03, 0xf8, 0x05, 0x74, 0x02, 0x26,
  0x01, 0x68, 0x00, 0x00, 0x00, 0x07, 0x02, 0x2e, 0x00, 0xbd, 0x00, 0x00,
  0x00, 0x01, 0x00, 0x32, 0x00, 0x00, 0x03, 0xdf, 0x03, 0xf3, 0x00, 0x06,
  0x00, 0x3a, 0xb5, 0x03, 0x01, 0x02, 0x00, 0x01, 0x4c, 0x4b, 0xb0, 0x29,
  0x50, 0x58, 0x40, 0x0d, 0x01, 0x01, 0x00, 0x00, 0x21, 0x4d, 0x03, 0x01,
  0x02, 0x02, 0x1f, 0x02, 0x4e, 0x1b, 0x40, 0x0d, 0x01, 0x01, 0x00, 0x00,
  0x21, 0x4d, 0x03, 0x01, 0x02, 0x02, 0x22, 0x02, 0x4e, 0x59, 0x40, 0x0b,
  0x00, 0x00, 0x00, 0x06, 0x00, 0x06, 0x12, 0x11, 0x04, 0x08, 0x18, 0x2b,
  0x21, 0x01, 0x33, 0x01, 0x01, 0x33, 0x01, 0x01, 0xa7, 0xfe, 0x8b, 0xa0,
  0x01, 0x39, 0x01, 0x36, 0x9e, 0xfe, 0x8f, 0x03, 0xf3, 0xfc, 0x9a, 0x03,
  0x66, 0xfc, 0x0d, 0x00, 0x00, 0x01, 0x00, 0x46, 0x00, 0x00, 0x05, 0xe7,
  0x03, 0xf3, 0x00, 0x10, 0x00, 0x42, 0xb7, 0x0f, 0x09, 0x04, 0x03, 0x03,
  0x00, 0x01, 0x4c, 0x4b, 0xb0, 0x29, 0x50, 0x58, 0x40, 0x0f, 0x02, 0x01,
  0x02, 0x00, 0x00, 0x21, 0x4d, 0x05, 0x04, 0x02, 0x03, 0x03, 0x1f, 0x03,
  0x4e, 0x1b, 0x40, 0x0f, 0x02, 0x01, 0x02, 0x00, 0x00, 0x21, 0x4d, 0x05,
  0x04, 0x02, 0x03, 0x03, 0x22, 0x03, 0x4e, 0x59, 0x40, 0x0d, 0x00, 0x00,
  0x00, 0x10, 0x00, 0x10, 0x11, 0x14, 0x14, 0x11, 0x06, 0x08, 0x1a, 0x2b,
  0x21, 0x01, 0x33, 0x13, 0x13, 0x37, 0x13, 0x33, 0x1b, 0x03, 0x33, 0x01,
  0x23, 0x03, 0x01, 0x01, 0x68, 0xfe, 0xde, 0xa1, 0x9e, 0x39, 0x3b, 0xc1,
  0xbe, 0xbd, 0x3f, 0x3b, 0x9a, 0x9e, 0xfe, 0xde, 0xaf, 0xfe, 0xff, 0x00,
  0x03, 0xf3, 0xfd, 0x90, 0xfe, 0xfa, 0xfb, 0x02, 0x7b, 0xfd, 0x8c, 0xff,
  0x00, 0x01, 0x00, 0x02, 0x74, 0xfc, 0x0d, 0x03, 0x6a, 0xfc, 0x96, 0x00,
  0xff, 0xff, 0x00, 0x46, 0x00, 0x00, 0x05, 0xe7, 0x05, 0xb6, 0x02, 0x26,
  0x01, 0x7e, 0x00, 0x00, 0x00, 0x07, 0x02, 0x27, 0x01, 0x8c, 0x00, 0x00,
  0xff, 0xff, 0x00, 0x46, 0x00, 0x00, 0x05, 0xe7, 0x05, 0xd5, 0x02, 0x26,
  0x01, 0x7e, 0x00, 0x00, 0x00, 0x07, 0x02, 0x2a, 0x01, 0x8c, 0x00, 0x00,
  0xff, 0xff, 0x00, 0x46, 0x00, 0x00, 0x05, 0xe7, 0x05, 0x6e, 0x02, 0x26,
  0x01, 0x7e, 0x00, 0x00, 0x00, 0x07, 0x02, 0x24, 0x01, 0x8c, 0x00, 0x00,
  0xff, 0xff, 0x00, 0x46, 0x00, 0x00, 0x05, 0xe7, 0x05, 0xb6, 0x02, 0x26,
  0x01, 0x7e, 0x00, 0x00, 0x00, 0x07, 0x02, 0x26, 0x01, 0x8c, 0x00, 0x00,
  0x00, 0x01, 0x00, 0x28, 0x00, 0x00, 0x03, 0xcb, 0x03, 0xf3, 0x00, 0x0b,
  0x00, 0x41, 0x40, 0x09, 0x0a, 0x07, 0x04, 0x01, 0x04, 0x02, 0x00, 0x01,
  0x4c, 0x4b, 0xb0, 0x29, 0x50, 0x58, 0x40, 0x0e, 0x01, 0x01, 0x00, 0x00,
  0x21, 0x4d, 0x04, 0x03, 0x02, 0x02, 0x02, 0x1f, 0x02, 0x4e, 0x1b, 0x40,
  0x0e, 0x01, 0x01, 0x00, 0x00, 0x21, 0x4d, 0x04, 0x03, 0x02, 0x02, 0x02,
  0x22, 0x02, 0x4e, 0x59, 0x40, 0x0c, 0x00, 0x00, 0x00, 0x0b, 0x00, 0x0b,
  0x12, 0x12, 0x12, 0x05, 0x08, 0x19, 0x2b, 0x33, 0x01, 0x01, 0x33, 0x01,
  0x01, 0x33, 0x01, 0x01, 0x23, 0x01, 0x01, 0x2b, 0x01, 0x70, 0xfe, 0x8d,
  0xb3, 0x01, 0x20, 0x01, 0x20, 0xae, 0xfe, 0x90, 0x01, 0x72, 0xb3, 0xfe,
  0xe1, 0xfe, 0xe0, 0x01, 0xf5, 0x01, 0xfe, 0xfe, 0x6d, 0x01, 0x93, 0xfe,
  0x05, 0xfe, 0x08, 0x01, 0x8d, 0xfe, 0x73, 0x00, 0x00, 0x01, 0x00, 0xaf,
  0xfe, 0x69, 0x04, 0x04, 0x03, 0xf3, 0x00, 0x20, 0x00, 0x65, 0xb5, 0x01,
  0x01, 0x02, 0x01, 0x01, 0x4c, 0x4b, 0xb0, 0x29, 0x50, 0x58, 0x40, 0x23,
  0x00, 0x05, 0x00, 0x06, 0x00, 0x05, 0x06, 0x80, 0x03, 0x01, 0x01, 0x01,
  0x21, 0x4d, 0x00, 0x02, 0x02, 0x00, 0x61, 0x00, 0x00, 0x00, 0x1f, 0x4d,
  0x00, 0x06, 0x06, 0x04, 0x61, 0x00, 0x04, 0x04, 0x29, 0x04, 0x4e, 0x1b,
  0x40, 0x23, 0x00, 0x05, 0x00, 0x06, 0x00, 0x05, 0x06, 0x80, 0x03, 0x01,
  0x01, 0x01, 0x21, 0x4d, 0x00, 0x02, 0x02, 0x00, 0x61, 0x00, 0x00, 0x00,
  0x22, 0x4d, 0x00, 0x06, 0x06, 0x04, 0x61, 0x00, 0x04, 0x04, 0x29, 0x04,
  0x4e, 0x59, 0x40, 0x0a, 0x22, 0x12, 0x23, 0x13, 0x23, 0x13, 0x23, 0x07,
  0x08, 0x1d, 0x2b, 0x25, 0x35, 0x06, 0x06, 0x23, 0x22, 0x26, 0x35, 0x11,
  0x33, 0x11, 0x14, 0x16, 0x33, 0x32, 0x36, 0x35, 0x11, 0x33, 0x11, 0x14,
  0x06, 0x23, 0x22, 0x26, 0x27, 0x33, 0x16, 0x16, 0x33, 0x32, 0x36, 0x36,
  0x03, 0x70, 0x33, 0xa0, 0x87, 0xc1, 0xa6, 0x9a, 0x73, 0x87, 0x9f, 0x88,
  0x9a, 0xcb, 0xef, 0xcd, 0xc6, 0x02, 0x9d, 0x03, 0x71, 0x82, 0x78, 0x80,
  0x30, 0x38, 0x71, 0x52, 0x46, 0xc2, 0xe2, 0x02, 0x3e, 0xfd, 0xc2, 0x9d,
  0x86, 0x8a, 0xa1, 0x02, 0x36, 0xfc, 0x4b, 0xfd, 0xd8, 0x8d, 0x92, 0x58,
  0x4a, 0x3e, 0x94, 0x00, 0xff, 0xff, 0x00, 0xaf, 0xfe, 0x69, 0x04, 0x04,
  0x05, 0xb6, 0x02, 0x26, 0x01, 0x84, 0x00, 0x00, 0x00, 0x07, 0x02, 0x27,
  0x00, 0xca, 0x00, 0x00, 0xff, 0xff, 0x00, 0xaf, 0xfe, 0x69, 0x04, 0x04,
  0x05, 0xd5, 0x02, 0x26, 0x01, 0x84, 0x00, 0x00, 0x00, 0x07, 0x02, 0x2a,
  0x00, 0xca, 0x00, 0x00, 0xff, 0xff, 0x00, 0xaf, 0xfe, 0x69, 0x04, 0x04,
  0x05, 0x6e, 0x02, 0x26, 0x01, 0x84, 0x00, 0x00, 0x00, 0x07, 0x02, 0x24,
  0x00, 0xca, 0x00, 0x00, 0xff, 0xff, 0x00, 0xaf, 0xfe, 0x69, 0x05, 0x0a,
  0x03, 0xf3, 0x02, 0x26, 0x01, 0x84, 0x00, 0x00, 0x00, 0x07, 0x02, 0x35,
  0x03, 0x0b, 0x00, 0x00, 0xff, 0xff, 0x00, 0xaf, 0xfe, 0x69, 0x04, 0x04,
  0x05, 0xb6, 0x02, 0x26, 0x01, 0x84, 0x00, 0x00, 0x00, 0x07, 0x02, 0x26,
  0x00, 0xca, 0x00, 0x00, 0xff, 0xff, 0x00, 0xaf, 0xfe, 0x69, 0x04, 0x04,
  0x06, 0x12, 0x02, 0x26, 0x01, 0x84, 0x00, 0x00, 0x00, 0x07, 0x02, 0x30,
  0x00, 0xca, 0x00, 0x00, 0xff, 0xff, 0x00, 0xaf, 0xfe, 0x69, 0x04, 0x04,
  0x05, 0x36, 0x02, 0x26, 0x01, 0x84, 0x00, 0x00, 0x00, 0x07, 0x02, 0x2f,
  0x00, 0xca, 0x00, 0x00, 0xff, 0xff, 0x00, 0xaf, 0xfe, 0x69, 0x04, 0x04,
  0x05, 0x74, 0x02, 0x26, 0x01, 0x84, 0x00, 0x00, 0x00, 0x07, 0x02, 0x2e,
  0x00, 0xca, 0x00, 0x00, 0x00, 0x01, 0x00, 0x5a, 0x00, 0x00, 0x03, 0x2c,
  0x03, 0xf3, 0x00, 0x09, 0x00, 0x52, 0x40, 0x0a, 0x03, 0x01, 0x03, 0x00,
  0x08, 0x01, 0x02, 0x01, 0x02, 0x4c, 0x4b, 0xb0, 0x29, 0x50, 0x58, 0x40,
  0x16, 0x04, 0x01, 0x03, 0x03, 0x00, 0x5f, 0x00, 0x00, 0x00, 0x21, 0x4d,
  0x00, 0x01, 0x01, 0x02, 0x5f, 0x00, 0x02, 0x02, 0x1f, 0x02, 0x4e, 0x1b,
  0x40, 0x16, 0x04, 0x01, 0x03, 0x03, 0x00, 0x5f, 0x00, 0x00, 0x00, 0x21,
  0x4d, 0x00, 0x01, 0x01, 0x02, 0x5f, 0x00, 0x02, 0x02, 0x22, 0x02, 0x4e,
  0x59, 0x40, 0x0c, 0x00, 0x00, 0x00, 0x09, 0x00, 0x09, 0x11, 0x12, 0x11,
  0x05, 0x08, 0x19, 0x2b, 0x13, 0x35, 0x21, 0x15, 0x01, 0x21, 0x15, 0x21,
  0x35, 0x01, 0x63, 0x02, 0xc6, 0xfd, 0xea, 0x02, 0x19, 0xfd, 0x2e, 0x02,
  0x1c, 0x03, 0x79, 0x7a, 0x61, 0xfc, 0xea, 0x7c, 0x6b, 0x03, 0x0e, 0x00,
  0xff, 0xff, 0x00, 0x5a, 0x00, 0x00, 0x03, 0x2c, 0x05, 0xb6, 0x02, 0x26,
  0x01, 0x8d, 0x00, 0x00, 0x00, 0x06, 0x02, 0x27, 0x3a, 0x00, 0x00, 0x00,
  0xff, 0xff, 0x00, 0x5a, 0x00, 0x00, 0x03, 0x2c, 0x05, 0xd5, 0x02, 0x26,
  0x01, 0x8d, 0x00, 0x00, 0x00, 0x06, 0x02, 0x2b, 0x3a, 0x00, 0x00, 0x00,
  0xff, 0xff, 0x00, 0x5a, 0x00, 0x00, 0x03, 0x2c, 0x05, 0x86, 0x02, 0x26,
  0x01, 0x8d, 0x00, 0x00, 0x00, 0x06, 0x02, 0x25, 0x3a, 0x00, 0x00, 0x00,
  0x00, 0x01, 0x00, 0x32, 0x00, 0x00, 0x04, 0x9f, 0x05, 0xa8, 0x00, 0x27,
  0x00, 0x70, 0x40, 0x0c, 0x1f, 0x11, 0x02, 0x07, 0x06, 0x20, 0x12, 0x02,
  0x05, 0x07, 0x02, 0x4c, 0x4b, 0xb0, 0x29, 0x50, 0x58, 0x40, 0x21, 0x0a,
  0x01, 0x07, 0x07, 0x06, 0x61, 0x09, 0x01, 0x06, 0x06, 0x24, 0x4d, 0x04,
  0x02, 0x02, 0x00, 0x00, 0x05, 0x5f, 0x0b, 0x08, 0x02, 0x05, 0x05, 0x21,
  0x4d, 0x03, 0x01, 0x01, 0x01, 0x1f, 0x01, 0x4e, 0x1b, 0x40, 0x21, 0x0a,
  0x01, 0x07, 0x07, 0x06, 0x61, 0x09, 0x01, 0x06, 0x06, 0x24, 0x4d, 0x04,
  0x02, 0x02, 0x00, 0x00, 0x05, 0x5f, 0x0b, 0x08, 0x02, 0x05, 0x05, 0x21,
  0x4d, 0x03, 0x01, 0x01, 0x01, 0x22, 0x01, 0x4e, 0x59, 0x40, 0x12, 0x27,
  0x26, 0x23, 0x21, 0x1e, 0x1c, 0x13, 0x23, 0x23, 0x11, 0x11, 0x11, 0x11,
  0x11, 0x10, 0x0c, 0x08, 0x1f, 0x2b, 0x01, 0x23, 0x11, 0x23, 0x11, 0x21,
  0x11, 0x23, 0x11, 0x23, 0x35, 0x33, 0x35, 0x34, 0x36, 0x33, 0x32, 0x17,
  0x15, 0x26, 0x23, 0x22, 0x06, 0x15, 0x15, 0x21, 0x35, 0x34, 0x36, 0x33,
  0x32, 0x17, 0x15, 0x26, 0x23, 0x22, 0x06, 0x15, 0x15, 0x33, 0x04, 0x8e,
  0xf8, 0x9a, 0xfe, 0x86, 0x9a, 0xb6, 0xb6, 0x81, 0xa9, 0x37, 0x42, 0x48,
  0x2d, 0x54, 0x40, 0x01, 0x7a, 0x81, 0xa9, 0x37, 0x42, 0x48, 0x2d, 0x54,
  0x40, 0xf8, 0x03, 0x79, 0xfc, 0x87, 0x03, 0x79, 0xfc, 0x87, 0x03, 0x79,
  0x7a, 0x90, 0xa4, 0x81, 0x0b, 0x7c, 0x08, 0x36, 0x47, 0xb9, 0x90, 0xa4,
  0x81, 0x0b, 0x7c, 0x08, 0x36, 0x47, 0xb9, 0x00, 0x00, 0x02, 0x00, 0x32,
  0x00, 0x00, 0x05, 0xc4, 0x05, 0xa8, 0x00, 0x29, 0x00, 0x2d, 0x00, 0x94,
  0x40, 0x0c, 0x22, 0x06, 0x02, 0x0d, 0x00, 0x23, 0x07, 0x02, 0x0e, 0x01,
  0x02, 0x4c, 0x4b, 0xb0, 0x29, 0x50, 0x58, 0x40, 0x2c, 0x00, 0x0d, 0x10,
  0x01, 0x0e, 0x02, 0x0d, 0x0e, 0x67, 0x0b, 0x01, 0x01, 0x01, 0x00, 0x61,
  0x0a, 0x01, 0x00, 0x00, 0x24, 0x4d, 0x08, 0x06, 0x02, 0x04, 0x04, 0x02,
  0x5f, 0x0f, 0x0c, 0x09, 0x03, 0x02, 0x02, 0x21, 0x4d, 0x07, 0x05, 0x02,
  0x03, 0x03, 0x1f, 0x03, 0x4e, 0x1b, 0x40, 0x2c, 0x00, 0x0d, 0x10, 0x01,
  0x0e, 0x02, 0x0d, 0x0e, 0x67, 0x0b, 0x01, 0x01, 0x01, 0x00, 0x61, 0x0a,
  0x01, 0x00, 0x00, 0x24, 0x4d, 0x08, 0x06, 0x02, 0x04, 0x04, 0x02, 0x5f,
  0x0f, 0x0c, 0x09, 0x03, 0x02, 0x02, 0x21, 0x4d, 0x07, 0x05, 0x02, 0x03,
  0x03, 0x22, 0x03, 0x4e, 0x59, 0x40, 0x20, 0x2a, 0x2a, 0x00, 0x00, 0x2a,
  0x2d, 0x2a, 0x2d, 0x2c, 0x2b, 0x00, 0x29, 0x00, 0x29, 0x26, 0x24, 0x21,
  0x1f, 0x1c, 0x1b, 0x11, 0x11, 0x11, 0x11, 0x11, 0x11, 0x13, 0x23, 0x23,
  0x11, 0x08, 0x1f, 0x2b, 0x01, 0x35, 0x34, 0x36, 0x33, 0x32, 0x17, 0x15,
  0x26, 0x23, 0x22, 0x06, 0x15, 0x15, 0x21, 0x11, 0x23, 0x11, 0x21, 0x11,
  0x23, 0x11, 0x21, 0x11, 0x23, 0x11, 0x23, 0x35, 0x33, 0x35, 0x34, 0x36,
  0x33, 0x32, 0x17, 0x15, 0x26, 0x23, 0x22, 0x06, 0x15, 0x15, 0x25, 0x35,
  0x33, 0x15, 0x02, 0xfc, 0x81, 0xa9, 0x37, 0x42, 0x48, 0x2d, 0x54, 0x40,
  0x02, 0x14, 0x9a, 0xfe, 0x86, 0x9a, 0xfe, 0x86, 0x9a, 0xb6, 0xb6, 0x81,
  0xa9, 0x37, 0x42, 0x48, 0x2d, 0x54, 0x40, 0x03, 0x74, 0xce, 0x03, 0xf3,
  0x90, 0xa4, 0x81, 0x0b, 0x7c, 0x08, 0x36, 0x47, 0xb9, 0xfc, 0x0d, 0x03,
  0x79, 0xfc, 0x87, 0x03, 0x79, 0xfc, 0x87, 0x03, 0x79, 0x7a, 0x90, 0xa4,
  0x81, 0x0b, 0x7c, 0x08, 0x36, 0x47, 0xb9, 0xb7, 0xc0, 0xc0, 0x00, 0x02,
  0x00, 0x32, 0x00, 0x00, 0x05, 0xaa, 0x05, 0xa8, 0x00, 0x27, 0x00, 0x2b,
  0x00, 0x7e, 0x40, 0x0c, 0x1f, 0x11, 0x02, 0x07, 0x06, 0x20, 0x12, 0x02,
  0x05, 0x07, 0x02, 0x4c, 0x4b, 0xb0, 0x29, 0x50, 0x58, 0x40, 0x24, 0x0a,
  0x01, 0x07, 0x07, 0x06, 0x61, 0x0e, 0x0d, 0x09, 0x03, 0x06, 0x06, 0x24,
  0x4d, 0x04, 0x02, 0x02, 0x00, 0x00, 0x05, 0x5f, 0x0b, 0x08, 0x02, 0x05,
  0x05, 0x21, 0x4d, 0x0c, 0x03, 0x02, 0x01, 0x01, 0x1f, 0x01, 0x4e, 0x1b,
  0x40, 0x24, 0x0a, 0x01, 0x07, 0x07, 0x06, 0x61, 0x0e, 0x0d, 0x09, 0x03,
  0x06, 0x06, 0x24, 0x4d, 0x04, 0x02, 0x02, 0x00, 0x00, 0x05, 0x5f, 0x0b,
  0x08, 0x02, 0x05, 0x05, 0x21, 0x4d, 0x0c, 0x03, 0x02, 0x01, 0x01, 0x22,
  0x01, 0x4e, 0x59, 0x40, 0x1a, 0x28, 0x28, 0x28, 0x2b, 0x28, 0x2b, 0x2a,
  0x29, 0x27, 0x26, 0x23, 0x21, 0x1e, 0x1c, 0x13, 0x23, 0x23, 0x11, 0x11,
  0x11, 0x11, 0x11, 0x10, 0x0f, 0x08, 0x1f, 0x2b, 0x01, 0x23, 0x11, 0x23,
  0x11, 0x21, 0x11, 0x23, 0x11, 0x23, 0x35, 0x33, 0x35, 0x34, 0x36, 0x33,
  0x32, 0x17, 0x15, 0x26, 0x23, 0x22, 0x06, 0x15, 0x15, 0x21, 0x35, 0x34,
  0x36, 0x33, 0x32, 0x17, 0x15, 0x26, 0x23, 0x22, 0x06, 0x15, 0x15, 0x33,
  0x01, 0x11, 0x23, 0x11, 0x04, 0x8e, 0xf8, 0x9a, 0xfe, 0x86, 0x9a, 0xb6,
  0xb6, 0x81, 0xa9, 0x37, 0x42, 0x48, 0x2d, 0x54, 0x40, 0x01, 0x7a, 0x81,
  0xa9, 0x37, 0x42, 0x48, 0x2d, 0x54, 0x40, 0xf8, 0x01, 0x1c, 0x9a, 0x03,
  0x79, 0xfc, 0x87, 0x03, 0x79, 0xfc, 0x87, 0x03, 0x79, 0x7a, 0x90, 0xa4,
  0x81, 0x0b, 0x7c, 0x08, 0x36, 0x47, 0xb9, 0x90, 0xa4, 0x81, 0x0b, 0x7c,
  0x08, 0x36, 0x47, 0xb9, 0x01, 0xae, 0xfa, 0x5f, 0x05, 0xa1, 0x00, 0x02,
  0x00, 0x32, 0x00, 0x00, 0x03, 0xae, 0x05, 0xa8, 0x00, 0x17, 0x00, 0x1b,
  0x00, 0x80, 0x40, 0x0a, 0x10, 0x01, 0x08, 0x05, 0x11, 0x01, 0x09, 0x06,
  0x02, 0x4c, 0x4b, 0xb0, 0x29, 0x50, 0x58, 0x40, 0x27, 0x00, 0x08, 0x0b,
  0x01, 0x09, 0x04, 0x08, 0x09, 0x67, 0x00, 0x06, 0x06, 0x05, 0x61, 0x00,
  0x05, 0x05, 0x24, 0x4d, 0x03, 0x01, 0x01, 0x01, 0x04, 0x5f, 0x0a, 0x07,
  0x02, 0x04, 0x04, 0x21, 0x4d, 0x02, 0x01, 0x00, 0x00, 0x1f, 0x00, 0x4e,
  0x1b, 0x40, 0x27, 0x00, 0x08, 0x0b, 0x01, 0x09, 0x04, 0x08, 0x09, 0x67,
  0x00, 0x06, 0x06, 0x05, 0x61, 0x00, 0x05, 0x05, 0x24, 0x4d, 0x03, 0x01,
  0x01, 0x01, 0x04, 0x5f, 0x0a, 0x07, 0x02, 0x04, 0x04, 0x21, 0x4d, 0x02,
  0x01, 0x00, 0x00, 0x22, 0x00, 0x4e, 0x59, 0x40, 0x18, 0x18, 0x18, 0x00,
  0x00, 0x18, 0x1b, 0x18, 0x1b, 0x1a, 0x19, 0x00, 0x17, 0x00, 0x17, 0x23,
  0x23, 0x11, 0x11, 0x11, 0x11, 0x11, 0x0c, 0x08, 0x1d, 0x2b, 0x01, 0x11,
  0x23, 0x11, 0x21, 0x11, 0x23, 0x11, 0x23, 0x35, 0x33, 0x35, 0x34, 0x36,
  0x33, 0x32, 0x17, 0x15, 0x26, 0x23, 0x22, 0x06, 0x15, 0x15, 0x25, 0x35,
  0x33, 0x15, 0x03, 0x94, 0x9a, 0xfe, 0x88, 0x9a, 0xb6, 0xb6, 0x81, 0xa9,
  0x37, 0x42, 0x48, 0x2d, 0x54, 0x40, 0x01, 0x5e, 0xce, 0x03, 0xf3, 0xfc,
  0x0d, 0x03, 0x79, 0xfc, 0x87, 0x03, 0x79, 0x7a, 0x90, 0xa4, 0x81, 0x0b,
  0x7c, 0x08, 0x36, 0x47, 0xb9, 0xb7, 0xc0, 0xc0, 0x00, 0x02, 0x00, 0x32,
  0x00, 0x00, 0x03, 0x94, 0x05, 0xa8, 0x00, 0x15, 0x00, 0x19, 0x00, 0x71,
  0x40, 0x0a, 0x0e, 0x01, 0x05, 0x04, 0x0f, 0x01, 0x03, 0x05, 0x02, 0x4c,
  0x4b, 0xb0, 0x29, 0x50, 0x58, 0x40, 0x20, 0x00, 0x05, 0x05, 0x04, 0x61,
  0x07, 0x01, 0x04, 0x04, 0x24, 0x4d, 0x02, 0x01, 0x00, 0x00, 0x03, 0x5f,
  0x09, 0x06, 0x02, 0x03, 0x03, 0x21, 0x4d, 0x0a, 0x08, 0x02, 0x01, 0x01,
  0x1f, 0x01, 0x4e, 0x1b, 0x40, 0x20, 0x00, 0x05, 0x05, 0x04, 0x61, 0x07,
  0x01, 0x04, 0x04, 0x24, 0x4d, 0x02, 0x01, 0x00, 0x00, 0x03, 0x5f, 0x09,
  0x06, 0x02, 0x03, 0x03, 0x21, 0x4d, 0x0a, 0x08, 0x02, 0x01, 0x01, 0x22,
  0x01, 0x4e, 0x59, 0x40, 0x17, 0x16, 0x16, 0x00, 0x00, 0x16, 0x19, 0x16,
  0x19, 0x18, 0x17, 0x00, 0x15, 0x00, 0x15, 0x23, 0x23, 0x11, 0x11, 0x11,
  0x11, 0x0b, 0x08, 0x1c, 0x2b, 0x01, 0x15, 0x23, 0x11, 0x23, 0x11, 0x23,
  0x35, 0x33, 0x35, 0x34, 0x36, 0x33, 0x32, 0x17, 0x15, 0x26, 0x23, 0x22,
  0x06, 0x15, 0x15, 0x01, 0x11, 0x33, 0x11, 0x02, 0x7a, 0xf8, 0x9a, 0xb6,
  0xb6, 0x81, 0xa9, 0x37, 0x42, 0x48, 0x2d, 0x54, 0x40, 0x01, 0x78, 0x9a,
  0x03, 0xf3, 0x7a, 0xfc, 0x87, 0x03, 0x79, 0x7a, 0x90, 0xa4, 0x81, 0x0b,
  0x7c, 0x08, 0x36, 0x47, 0xb9, 0xfc, 0x0d, 0x05, 0xa1, 0xfa, 0x5f, 0x00,
  0x00, 0x02, 0x00, 0x46, 0x02, 0xb2, 0x02, 0xf7, 0x05, 0xc7, 0x00, 0x22,
  0x00, 0x2d, 0x00, 0x45, 0x40, 0x42, 0x23, 0x0a, 0x02, 0x07, 0x06, 0x11,
  0x0b, 0x02, 0x01, 0x07, 0x02, 0x4c, 0x08, 0x01, 0x05, 0x04, 0x03, 0x04,
  0x05, 0x03, 0x80, 0x00, 0x03, 0x00, 0x06, 0x07, 0x03, 0x06, 0x69, 0x00,
  0x07, 0x02, 0x01, 0x01, 0x07, 0x01, 0x65, 0x00, 0x04, 0x04, 0x00, 0x61,
  0x00, 0x00, 0x00, 0x2e, 0x04, 0x4e, 0x00, 0x00, 0x2c, 0x2a, 0x26, 0x24,
  0x00, 0x22, 0x00, 0x22, 0x23, 0x24, 0x24, 0x29, 0x22, 0x09, 0x09, 0x1b,
  0x2b, 0x13, 0x34, 0x36, 0x33, 0x32, 0x16, 0x15, 0x11, 0x14, 0x16, 0x37,
  0x15, 0x06, 0x06, 0x23, 0x22, 0x26, 0x27, 0x06, 0x06, 0x23, 0x22, 0x26,
  0x35, 0x34, 0x36, 0x33, 0x33, 0x35, 0x34, 0x26, 0x23, 0x22, 0x06, 0x15,
  0x01, 0x35, 0x23, 0x22, 0x06, 0x15, 0x14, 0x16, 0x33, 0x32, 0x36, 0x5e,
  0x98, 0x8f, 0xa1, 0x93, 0x13, 0x2b, 0x10, 0x18, 0x0f, 0x2e, 0x47, 0x0f,
  0x26, 0x84, 0x41, 0x7b, 0x90, 0xab, 0xa6, 0x8d, 0x45, 0x50, 0x53, 0x52,
  0x01, 0x3a, 0x6a, 0x63, 0x6d, 0x48, 0x3c, 0x2f, 0x64, 0x04, 0xe4, 0x70,
  0x73, 0x71, 0x7a, 0xfe, 0x97, 0x2c, 0x13, 0x04, 0x7f, 0x05, 0x02, 0x31,
  0x28, 0x24, 0x35, 0x7f, 0x6b, 0x7a, 0x71, 0x5d, 0x44, 0x2b, 0x31, 0x3e,
  0xfe, 0x91, 0xa9, 0x29, 0x55, 0x35, 0x3b, 0x24, 0x00, 0x02, 0x00, 0x4b,
  0x02, 0xb9, 0x03, 0x07, 0x05, 0xce, 0x00, 0x0b, 0x00, 0x19, 0x00, 0x2a,
  0x40, 0x27, 0x05, 0x01, 0x02, 0x04, 0x01, 0x00, 0x02, 0x00, 0x65, 0x00,
  0x03, 0x03, 0x01, 0x61, 0x00, 0x01, 0x01, 0x2e, 0x03, 0x4e, 0x0d, 0x0c,
  0x01, 0x00, 0x14, 0x12, 0x0c, 0x19, 0x0d, 0x19, 0x07, 0x05, 0x00, 0x0b,
  0x01, 0x0b, 0x06, 0x09, 0x16, 0x2b, 0x01, 0x22, 0x26, 0x35, 0x34, 0x36,
  0x33, 0x32, 0x16, 0x15, 0x14, 0x06, 0x27, 0x32, 0x36, 0x36, 0x35, 0x34,
  0x26, 0x23, 0x22, 0x06, 0x15, 0x14, 0x16, 0x16, 0x01, 0xa7, 0xb9, 0xa3,
  0xa2, 0xba, 0xbc, 0xa4, 0xa3, 0xb9, 0x55, 0x54, 0x1c, 0x4c, 0x7d, 0x7c,
  0x4a, 0x1f, 0x57, 0x02, 0xb9, 0xb9, 0xd2, 0xd2, 0xb8, 0xb7, 0xd1, 0xd5,
  0xb8, 0x7d, 0x34, 0x76, 0x63, 0x8f, 0x7f, 0x84, 0x8c, 0x64, 0x75, 0x32,
  0x00, 0x01, 0x00, 0x8c, 0x00, 0x00, 0x04, 0xc4, 0x05, 0xc0, 0x00, 0x25,
  0x00, 0x27, 0x40, 0x24, 0x00, 0x06, 0x06, 0x02, 0x61, 0x00, 0x02, 0x02,
  0x14, 0x4d, 0x07, 0x05, 0x03, 0x03, 0x01, 0x01, 0x00, 0x5f, 0x04, 0x01,
  0x00, 0x00, 0x16, 0x00, 0x4e, 0x16, 0x26, 0x11, 0x11, 0x16, 0x26, 0x11,
  0x10, 0x08, 0x07, 0x1e, 0x2b, 0x21, 0x21, 0x35, 0x33, 0x26, 0x02, 0x35,
  0x10, 0x12, 0x36, 0x33, 0x32, 0x16, 0x12, 0x11, 0x14, 0x02, 0x07, 0x33,
  0x15, 0x21, 0x35, 0x32, 0x36, 0x36, 0x35, 0x34, 0x02, 0x26, 0x23, 0x22,
  0x06, 0x02, 0x15, 0x14, 0x16, 0x16, 0x17, 0x02, 0x61, 0xfe, 0x2b, 0xb4,
  0x59, 0x51, 0x63, 0xe8, 0xc9, 0xc9, 0xe7, 0x60, 0x50, 0x59, 0xb3, 0xfe,
  0x2b, 0x66, 0x7c, 0x37, 0x3d, 0x98, 0x89, 0x89, 0x9a, 0x3f, 0x3a, 0x7c,
  0x63, 0x98, 0x44, 0x01, 0x1a, 0xeb, 0x01, 0x03, 0x01, 0x44, 0x98, 0x98,
  0xfe, 0xbc, 0xfe, 0xfd, 0xeb, 0xfe, 0xe6, 0x44, 0x98, 0x98, 0x61, 0xfe,
  0xea, 0xe1, 0x01, 0x01, 0x6b, 0x6c, 0xfe, 0xff, 0xe0, 0xea, 0xfc, 0x61,
  0x02, 0x00, 0x00, 0x01, 0x00, 0x50, 0x00, 0x00, 0x05, 0x60, 0x03, 0xf3,
  0x00, 0x14, 0x00, 0x1f, 0x40, 0x1c, 0x04, 0x02, 0x02, 0x00, 0x00, 0x05,
  0x5f, 0x00, 0x05, 0x05, 0x15, 0x4d, 0x03, 0x01, 0x01, 0x01, 0x16, 0x01,
  0x4e, 0x11, 0x15, 0x16, 0x11, 0x11, 0x10, 0x06, 0x07, 0x1c, 0x2b, 0x01,
  0x23, 0x11, 0x23, 0x11, 0x21, 0x0e, 0x04, 0x07, 0x23, 0x3e, 0x03, 0x37,
  0x21, 0x35, 0x21, 0x05, 0x60, 0xdb, 0xaa, 0xfe, 0x30, 0x03, 0x15, 0x21,
  0x2a, 0x32, 0x1c, 0xb4, 0x27, 0x40, 0x30, 0x1f, 0x04, 0xfe, 0xf0, 0x05,
  0x10, 0x03, 0x5b, 0xfc, 0xa5, 0x03, 0x5b, 0x31, 0xa3, 0xc4, 0xcb, 0xb6,
  0x42, 0x62, 0xe9, 0xed, 0xd5, 0x4e, 0x98, 0x00, 0x00, 0x02, 0x00, 0x8c,
  0xff, 0xe9, 0x04, 0xb0, 0x05, 0xc0, 0x00, 0x0f, 0x00, 0x21, 0x00, 0x4d,
  0x4b, 0xb0, 0x2b, 0x50, 0x58, 0x40, 0x17, 0x00, 0x03, 0x03, 0x01, 0x61,
  0x00, 0x01, 0x01, 0x24, 0x4d, 0x05, 0x01, 0x02, 0x02, 0x00, 0x61, 0x04,
  0x01, 0x00, 0x00, 0x28, 0x00, 0x4e, 0x1b, 0x40, 0x15, 0x00, 0x01, 0x00,
  0x03, 0x02, 0x01, 0x03, 0x69, 0x05, 0x01, 0x02, 0x02, 0x00, 0x61, 0x04,
  0x01, 0x00, 0x00, 0x28, 0x00, 0x4e, 0x59, 0x40, 0x13, 0x11, 0x10, 0x01,
  0x00, 0x1a, 0x18, 0x10, 0x21, 0x11, 0x21, 0x09, 0x07, 0x00, 0x0f, 0x01,
  0x0f, 0x06, 0x08, 0x16, 0x2b, 0x05, 0x22, 0x26, 0x02, 0x11, 0x10, 0x12,
  0x36, 0x33, 0x32, 0x16, 0x12, 0x11, 0x10, 0x02, 0x06, 0x27, 0x32, 0x3e,
  0x02, 0x35, 0x34, 0x02, 0x26, 0x23, 0x22, 0x06, 0x02, 0x15, 0x14, 0x1e,
  0x02, 0x02, 0xa0, 0xc9, 0xe8, 0x63, 0x63, 0xe8, 0xc9, 0xc9, 0xe7, 0x60,
  0x60, 0xe7, 0xc9, 0x67, 0x87, 0x4f, 0x21, 0x3d, 0x98, 0x89, 0x89, 0x9a,
  0x3f, 0x22, 0x50, 0x89, 0x17, 0x9b, 0x01, 0x4e, 0x01, 0x0f, 0x01, 0x03,
  0x01, 0x44, 0x98, 0x98, 0xfe, 0xbc, 0xfe, 0xfd, 0xfe, 0xf1, 0xfe, 0xb2,
  0x9b, 0x92, 0x37, 0x88, 0xef, 0xb8, 0xe1, 0x01, 0x01, 0x6b, 0x6c, 0xfe,
  0xff, 0xe0, 0xb9, 0xef, 0x87, 0x37, 0x00, 0x01, 0x00, 0x55, 0x00, 0x00,
  0x01, 0xdf, 0x05, 0xa9, 0x00, 0x06, 0x00, 0x31, 0xb7, 0x06, 0x01, 0x00,
  0x03, 0x01, 0x00, 0x01, 0x4c, 0x4b, 0xb0, 0x29, 0x50, 0x58, 0x40, 0x0b,
  0x00, 0x00, 0x00, 0x1e, 0x4d, 0x00, 0x01, 0x01, 0x1f, 0x01, 0x4e, 0x1b,
  0x40, 0x0b, 0x00, 0x00, 0x00, 0x1e, 0x4d, 0x00, 0x01, 0x01, 0x22, 0x01,
  0x4e, 0x59, 0xb4, 0x11, 0x12, 0x02, 0x08, 0x18, 0x2b, 0x13, 0x35, 0x37,
  0x33, 0x11, 0x23, 0x11, 0x55, 0xe4, 0xa6, 0xae, 0x04, 0x94, 0xa2, 0x73,
  0xfa, 0x57, 0x04, 0xfd, 0x00, 0x01, 0x00, 0x64, 0x00, 0x00, 0x03, 0xf5,
  0x05, 0xbd, 0x00, 0x21, 0x00, 0x73, 0x4b, 0xb0, 0x29, 0x50, 0x58, 0x40,
  0x1d, 0x00, 0x00, 0x04, 0x02, 0x04, 0x00, 0x02, 0x80, 0x00, 0x04, 0x04,
  0x01, 0x61, 0x00, 0x01, 0x01, 0x24, 0x4d, 0x00, 0x02, 0x02, 0x03, 0x5f,
  0x00, 0x03, 0x03, 0x1f, 0x03, 0x4e, 0x1b, 0x4b, 0xb0, 0x31, 0x50, 0x58,
  0x40, 0x1d, 0x00, 0x00, 0x04, 0x02, 0x04, 0x00, 0x02, 0x80, 0x00, 0x04,
  0x04, 0x01, 0x61, 0x00, 0x01, 0x01, 0x24, 0x4d, 0x00, 0x02, 0x02, 0x03,
  0x5f, 0x00, 0x03, 0x03, 0x22, 0x03, 0x4e, 0x1b, 0x40, 0x1b, 0x00, 0x00,
  0x04, 0x02, 0x04, 0x00, 0x02, 0x80, 0x00, 0x01, 0x00, 0x04, 0x00, 0x01,
  0x04, 0x69, 0x00, 0x02, 0x02, 0x03, 0x5f, 0x00, 0x03, 0x03, 0x22, 0x03,
  0x4e, 0x59, 0x59, 0xb7, 0x2c, 0x11, 0x1a, 0x22, 0x10, 0x05, 0x08, 0x1b,
  0x2b, 0x01, 0x23, 0x34, 0x36, 0x33, 0x32, 0x16, 0x15, 0x14, 0x0e, 0x02,
  0x07, 0x06, 0x06, 0x15, 0x21, 0x15, 0x21, 0x35, 0x34, 0x3e, 0x02, 0x37,
  0x3e, 0x02, 0x35, 0x34, 0x26, 0x23, 0x22, 0x06, 0x01, 0x16, 0xb2, 0xde,
  0xe8, 0xf0, 0xdb, 0x22, 0x56, 0x95, 0x74, 0xaf, 0x9b, 0x02, 0xb9, 0xfc,
  0x8a, 0x22, 0x54, 0x95, 0x72, 0x8c, 0x97, 0x3a, 0x86, 0x9e, 0x91, 0x7c,
  0x04, 0x36, 0xc8, 0xbf, 0xb2, 0xc8, 0x4b, 0x7b, 0x74, 0x82, 0x54, 0x7c,
  0xba, 0x65, 0x98, 0x22, 0x66, 0x9d, 0x88, 0x8c, 0x54, 0x68, 0x8d, 0x7b,
  0x4c, 0x77, 0x6d, 0x71, 0x00, 0x01, 0x00, 0x77, 0xff, 0xeb, 0x04, 0x2b,
  0x05, 0xbd, 0x00, 0x28, 0x00, 0x78, 0xb5, 0x0a, 0x01, 0x05, 0x06, 0x01,
  0x4c, 0x4b, 0xb0, 0x31, 0x50, 0x58, 0x40, 0x2d, 0x00, 0x00, 0x07, 0x06,
  0x07, 0x00, 0x06, 0x80, 0x00, 0x03, 0x05, 0x04, 0x05, 0x03, 0x04, 0x80,
  0x00, 0x06, 0x00, 0x05, 0x03, 0x06, 0x05, 0x69, 0x00, 0x07, 0x07, 0x01,
  0x61, 0x00, 0x01, 0x01, 0x24, 0x4d, 0x00, 0x04, 0x04, 0x02, 0x61, 0x00,
  0x02, 0x02, 0x28, 0x02, 0x4e, 0x1b, 0x40, 0x2b, 0x00, 0x00, 0x07, 0x06,
  0x07, 0x00, 0x06, 0x80, 0x00, 0x03, 0x05, 0x04, 0x05, 0x03, 0x04, 0x80,
  0x00, 0x01, 0x00, 0x07, 0x00, 0x01, 0x07, 0x69, 0x00, 0x06, 0x00, 0x05,
  0x03, 0x06, 0x05, 0x69, 0x00, 0x04, 0x04, 0x02, 0x61, 0x00, 0x02, 0x02,
  0x28, 0x02, 0x4e, 0x59, 0x40, 0x0b, 0x24, 0x21, 0x24, 0x22, 0x12, 0x2a,
  0x22, 0x10, 0x08, 0x08, 0x1e, 0x2b, 0x01, 0x23, 0x26, 0x36, 0x33, 0x32,
  0x16, 0x15, 0x14, 0x06, 0x07, 0x16, 0x16, 0x15, 0x14, 0x06, 0x23, 0x22,
  0x26, 0x37, 0x33, 0x14, 0x16, 0x33, 0x32, 0x36, 0x35, 0x34, 0x26, 0x23,
  0x23, 0x35, 0x33, 0x32, 0x36, 0x35, 0x34, 0x26, 0x23, 0x22, 0x06, 0x01,
  0x2a, 0xb2, 0x01, 0xdf, 0xe8, 0xf0, 0xdb, 0x88, 0x8f, 0x96, 0xa3, 0xe3,
  0xf9, 0xf1, 0xe7, 0x01, 0xb2, 0x83, 0x9a, 0xa7, 0x8f, 0xb8, 0xb0, 0x8a,
  0x7d, 0xa6, 0xad, 0x86, 0x9e, 0x91, 0x7c, 0x04, 0x36, 0xc7, 0xc0, 0xbe,
  0xbc, 0x86, 0x9c, 0x2c, 0x1a, 0xbc, 0x96, 0xce, 0xd0, 0xc0, 0xc7, 0x85,
  0x72, 0x7c, 0x88, 0x8f, 0x99, 0x9e, 0x88, 0x7c, 0x77, 0x6d, 0x71, 0x00,
  0x00, 0x02, 0x00, 0x71, 0xff, 0xff, 0x04, 0x4a, 0x05, 0xa1, 0x00, 0x0a,
  0x00, 0x0d, 0x00, 0x57, 0xb6, 0x0c, 0x03, 0x02, 0x02, 0x01, 0x01, 0x4c,
  0x4b, 0xb0, 0x29, 0x50, 0x58, 0x40, 0x17, 0x07, 0x05, 0x02, 0x02, 0x03,
  0x01, 0x00, 0x04, 0x02, 0x00, 0x68, 0x00, 0x01, 0x01, 0x1e, 0x4d, 0x06,
  0x01, 0x04, 0x04, 0x1f, 0x04, 0x4e, 0x1b, 0x40, 0x17, 0x07, 0x05, 0x02,
  0x02, 0x03, 0x01, 0x00, 0x04, 0x02, 0x00, 0x68, 0x00, 0x01, 0x01, 0x1e,
  0x4d, 0x06, 0x01, 0x04, 0x04, 0x22, 0x04, 0x4e, 0x59, 0x40, 0x13, 0x0b,
  0x0b, 0x00, 0x00, 0x0b, 0x0d, 0x0b, 0x0d, 0x00, 0x0a, 0x00, 0x0a, 0x11,
  0x11, 0x12, 0x11, 0x08, 0x08, 0x1a, 0x2b, 0x05, 0x11, 0x21, 0x35, 0x01,
  0x33, 0x11, 0x33, 0x15, 0x23, 0x11, 0x03, 0x11, 0x01, 0x02, 0xe5, 0xfd,
  0x8c, 0x02, 0x4e, 0xd4, 0xb7, 0xb7, 0xae, 0xfe, 0x26, 0x01, 0x01, 0x4f,
  0x9e, 0x03, 0xb5, 0xfc, 0x40, 0x93, 0xfe, 0xb1, 0x01, 0xe0, 0x03, 0x03,
  0xfc, 0xfd, 0x00, 0x01, 0x00, 0xa9, 0xff, 0xe9, 0x04, 0x62, 0x05, 0xa0,
  0x00, 0x1d, 0x00, 0x3c, 0x40, 0x39, 0x06, 0x01, 0x06, 0x02, 0x01, 0x01,
  0x04, 0x06, 0x02, 0x4c, 0x00, 0x04, 0x06, 0x05, 0x06, 0x04, 0x05, 0x80,
  0x00, 0x02, 0x00, 0x06, 0x04, 0x02, 0x06, 0x69, 0x00, 0x01, 0x01, 0x00,
  0x5f, 0x00, 0x00, 0x00, 0x1e, 0x4d, 0x00, 0x05, 0x05, 0x03, 0x61, 0x00,
  0x03, 0x03, 0x28, 0x03, 0x4e, 0x24, 0x22, 0x12, 0x24, 0x23, 0x11, 0x12,
  0x07, 0x08, 0x1d, 0x2b, 0x01, 0x27, 0x13, 0x21, 0x15, 0x21, 0x03, 0x36,
  0x36, 0x33, 0x32, 0x16, 0x15, 0x14, 0x06, 0x23, 0x22, 0x26, 0x37, 0x33,
  0x14, 0x16, 0x33, 0x32, 0x36, 0x35, 0x34, 0x26, 0x23, 0x22, 0x01, 0x66,
  0x9e, 0x37, 0x03, 0x2a, 0xfd, 0x7a, 0x26, 0x3b, 0x83, 0x67, 0xe0, 0xe0,
  0xef, 0xf2, 0xf1, 0xe7, 0x01, 0xb2, 0x83, 0x9a, 0xa7, 0x94, 0x94, 0xa7,
  0xcc, 0x02, 0x6a, 0x34, 0x03, 0x02, 0x98, 0xfe, 0x15, 0x3a, 0x2f, 0xde,
  0xf1, 0xf0, 0xde, 0xc0, 0xc7, 0x85, 0x72, 0x8b, 0xb3, 0xb3, 0x8c, 0x00,
  0x00, 0x02, 0x00, 0x8c, 0xff, 0xe9, 0x04, 0x6d, 0x05, 0xc0, 0x00, 0x19,
  0x00, 0x26, 0x00, 0x74, 0x40, 0x0a, 0x08, 0x01, 0x06, 0x02, 0x23, 0x01,
  0x05, 0x06, 0x02, 0x4c, 0x4b, 0xb0, 0x2b, 0x50, 0x58, 0x40, 0x26, 0x00,
  0x00, 0x01, 0x02, 0x01, 0x00, 0x02, 0x80, 0x00, 0x02, 0x00, 0x06, 0x05,
  0x02, 0x06, 0x69, 0x00, 0x01, 0x01, 0x04, 0x61, 0x00, 0x04, 0x04, 0x24,
  0x4d, 0x07, 0x01, 0x05, 0x05, 0x03, 0x61, 0x00, 0x03, 0x03, 0x28, 0x03,
  0x4e, 0x1b, 0x40, 0x24, 0x00, 0x00, 0x01, 0x02, 0x01, 0x00, 0x02, 0x80,
  0x00, 0x04, 0x00, 0x01, 0x00, 0x04, 0x01, 0x69, 0x00, 0x02, 0x00, 0x06,
  0x05, 0x02, 0x06, 0x69, 0x07, 0x01, 0x05, 0x05, 0x03, 0x61, 0x00, 0x03,
  0x03, 0x28, 0x03, 0x4e, 0x59, 0x40, 0x10, 0x1b, 0x1a, 0x21, 0x1f, 0x1a,
  0x26, 0x1b, 0x26, 0x24, 0x24, 0x25, 0x22, 0x10, 0x08, 0x08, 0x1b, 0x2b,
  0x01, 0x23, 0x34, 0x26, 0x23, 0x22, 0x06, 0x15, 0x15, 0x36, 0x36, 0x33,
  0x32, 0x16, 0x15, 0x14, 0x04, 0x23, 0x22, 0x26, 0x35, 0x11, 0x10, 0x21,
  0x32, 0x16, 0x01, 0x32, 0x36, 0x35, 0x34, 0x26, 0x23, 0x22, 0x06, 0x07,
  0x15, 0x14, 0x16, 0x04, 0x58, 0xb2, 0x8c, 0x95, 0xac, 0x9f, 0x50, 0x92,
  0x6a, 0xf9, 0xee, 0xfe, 0xf8, 0xe9, 0xf7, 0xf9, 0x01, 0xf9, 0xe6, 0xee,
  0xfe, 0x24, 0x99, 0xa9, 0x9c, 0xb0, 0x83, 0x91, 0x24, 0x9a, 0x04, 0x39,
  0x86, 0x71, 0xb8, 0xc4, 0xaf, 0x4c, 0x35, 0xde, 0xf1, 0xe8, 0xe6, 0xde,
  0xef, 0x01, 0xec, 0x02, 0x1e, 0xc0, 0xfb, 0x79, 0x92, 0xac, 0xb3, 0x8c,
  0x45, 0x47, 0xb3, 0xb0, 0x8e, 0x00, 0x00, 0x01, 0x00, 0x28, 0x00, 0x00,
  0x03, 0xe1, 0x05, 0xa1, 0x00, 0x0c, 0x00, 0x42, 0xb5, 0x03, 0x01, 0x02,
  0x00, 0x01, 0x4c, 0x4b, 0xb0, 0x29, 0x50, 0x58, 0x40, 0x11, 0x03, 0x01,
  0x02, 0x02, 0x00, 0x5f, 0x00, 0x00, 0x00, 0x1e, 0x4d, 0x00, 0x01, 0x01,
  0x1f, 0x01, 0x4e, 0x1b, 0x40, 0x11, 0x03, 0x01, 0x02, 0x02, 0x00, 0x5f,
  0x00, 0x00, 0x00, 0x1e, 0x4d, 0x00, 0x01, 0x01, 0x22, 0x01, 0x4e, 0x59,
  0x40, 0x0b, 0x00, 0x00, 0x00, 0x0c, 0x00, 0x0c, 0x15, 0x11, 0x04, 0x08,
  0x18, 0x2b, 0x13, 0x35, 0x21, 0x17, 0x06, 0x00, 0x02, 0x15, 0x23, 0x34,
  0x12, 0x12, 0x37, 0x28, 0x03, 0xb3, 0x06, 0xa6, 0xfe, 0xfc, 0x94, 0xae,
  0x8c, 0xf8, 0xa3, 0x05, 0x09, 0x98, 0x94, 0xbe, 0xfe, 0x4c, 0xfe, 0x3d,
  0xd8, 0xd9, 0x01, 0xc1, 0x01, 0xb0, 0xbf, 0x00, 0x00, 0x03, 0x00, 0x78,
  0xff, 0xe9, 0x04, 0x49, 0x05, 0xc0, 0x00, 0x15, 0x00, 0x21, 0x00, 0x2d,
  0x00, 0x6f, 0xb6, 0x10, 0x05, 0x02, 0x05, 0x02, 0x01, 0x4c, 0x4b, 0xb0,
  0x2b, 0x50, 0x58, 0x40, 0x20, 0x07, 0x01, 0x02, 0x00, 0x05, 0x04, 0x02,
  0x05, 0x69, 0x00, 0x03, 0x03, 0x01, 0x61, 0x00, 0x01, 0x01, 0x24, 0x4d,
  0x08, 0x01, 0x04, 0x04, 0x00, 0x61, 0x06, 0x01, 0x00, 0x00, 0x28, 0x00,
  0x4e, 0x1b, 0x40, 0x1e, 0x00, 0x01, 0x00, 0x03, 0x02, 0x01, 0x03, 0x69,
  0x07, 0x01, 0x02, 0x00, 0x05, 0x04, 0x02, 0x05, 0x69, 0x08, 0x01, 0x04,
  0x04, 0x00, 0x61, 0x06, 0x01, 0x00, 0x00, 0x28, 0x00, 0x4e, 0x59, 0x40,
  0x1b, 0x23, 0x22, 0x17, 0x16, 0x01, 0x00, 0x29, 0x27, 0x22, 0x2d, 0x23,
  0x2d, 0x1d, 0x1b, 0x16, 0x21, 0x17, 0x21, 0x0b, 0x09, 0x00, 0x15, 0x01,
  0x15, 0x09, 0x08, 0x16, 0x2b, 0x05, 0x22, 0x26, 0x35, 0x10, 0x37, 0x26,
  0x35, 0x34, 0x36, 0x33, 0x32, 0x16, 0x15, 0x14, 0x06, 0x07, 0x16, 0x16,
  0x15, 0x14, 0x06, 0x03, 0x32, 0x36, 0x35, 0x34, 0x26, 0x23, 0x22, 0x06,
  0x15, 0x14, 0x16, 0x13, 0x32, 0x36, 0x35, 0x34, 0x26, 0x23, 0x22, 0x06,
  0x15, 0x14, 0x16, 0x02, 0x60, 0xec, 0xfc, 0xde, 0xbd, 0xf4, 0xd3, 0xd4,
  0xf4, 0x57, 0x64, 0x76, 0x66, 0xfd, 0xeb, 0x93, 0x86, 0x86, 0x93, 0x93,
  0x87, 0x87, 0x93, 0xa4, 0x96, 0x96, 0xa4, 0xa4, 0x97, 0x97, 0x17, 0xc9,
  0xd5, 0x01, 0x11, 0x60, 0x5e, 0xe8, 0xc7, 0xbb, 0xbb, 0xc7, 0x76, 0xa1,
  0x2f, 0x31, 0xb5, 0x8b, 0xd5, 0xc9, 0x03, 0x4f, 0x6f, 0x8e, 0x8d, 0x6e,
  0x6e, 0x8d, 0x8e, 0x6f, 0xfd, 0x41, 0x7b, 0x9d, 0x9e, 0x7d, 0x7d, 0x9e,
  0x9d, 0x7b, 0x00, 0x02, 0x00, 0x5a, 0xff, 0xe9, 0x04, 0x3b, 0x05, 0xc0,
  0x00, 0x19, 0x00, 0x26, 0x00, 0x74, 0x40, 0x0a, 0x23, 0x01, 0x06, 0x05,
  0x08, 0x01, 0x02, 0x06, 0x02, 0x4c, 0x4b, 0xb0, 0x2b, 0x50, 0x58, 0x40,
  0x26, 0x00, 0x00, 0x02, 0x01, 0x02, 0x00, 0x01, 0x80, 0x00, 0x06, 0x00,
  0x02, 0x00, 0x06, 0x02, 0x69, 0x07, 0x01, 0x05, 0x05, 0x03, 0x61, 0x00,
  0x03, 0x03, 0x24, 0x4d, 0x00, 0x01, 0x01, 0x04, 0x61, 0x00, 0x04, 0x04,
  0x28, 0x04, 0x4e, 0x1b, 0x40, 0x24, 0x00, 0x00, 0x02, 0x01, 0x02, 0x00,
  0x01, 0x80, 0x00, 0x03, 0x07, 0x01, 0x05, 0x06, 0x03, 0x05, 0x69, 0x00,
  0x06, 0x00, 0x02, 0x00, 0x06, 0x02, 0x69, 0x00, 0x01, 0x01, 0x04, 0x61,
  0x00, 0x04, 0x04, 0x28, 0x04, 0x4e, 0x59, 0x40, 0x10, 0x1b, 0x1a, 0x21,
  0x1f, 0x1a, 0x26, 0x1b, 0x26, 0x24, 0x24, 0x25, 0x22, 0x10, 0x08, 0x08,
  0x1b, 0x2b, 0x13, 0x33, 0x14, 0x16, 0x33, 0x32, 0x36, 0x35, 0x35, 0x06,
  0x06, 0x23, 0x22, 0x26, 0x35, 0x34, 0x24, 0x33, 0x32, 0x16, 0x15, 0x11,
  0x10, 0x21, 0x22, 0x26, 0x01, 0x22, 0x06, 0x15, 0x14, 0x16, 0x33, 0x32,
  0x36, 0x37, 0x35, 0x34, 0x26, 0x6f, 0xb2, 0x8c, 0x95, 0xac, 0x9f, 0x50,
  0x91, 0x6b, 0xf9, 0xee, 0x01, 0x08, 0xe9, 0xf8, 0xf8, 0xfe, 0x07, 0xe6,
  0xee, 0x01, 0xdc, 0x99, 0xa9, 0x9d, 0xaf, 0x83, 0x91, 0x24, 0x9a, 0x01,
  0x70, 0x85, 0x72, 0xb8, 0xc4, 0xaf, 0x4c, 0x35, 0xde, 0xf1, 0xe9, 0xe5,
  0xde, 0xef, 0xfe, 0x14, 0xfd, 0xe2, 0xc0, 0x04, 0x87, 0x92, 0xac, 0xb3,
  0x8c, 0x46, 0x46, 0xb3, 0xb0, 0x8e, 0x00, 0x01, 0xff, 0xa6, 0x00, 0x00,
  0x03, 0x1b, 0x05, 0xa1, 0x00, 0x03, 0x00, 0x30, 0x4b, 0xb0, 0x29, 0x50,
  0x58, 0x40, 0x0c, 0x00, 0x00, 0x00, 0x1e, 0x4d, 0x02, 0x01, 0x01, 0x01,
  0x1f, 0x01, 0x4e, 0x1b, 0x40, 0x0c, 0x00, 0x00, 0x00, 0x1e, 0x4d, 0x02,
  0x01, 0x01, 0x01, 0x22, 0x01, 0x4e, 0x59, 0x40, 0x0a, 0x00, 0x00, 0x00,
  0x03, 0x00, 0x03, 0x11, 0x03, 0x08, 0x17, 0x2b, 0x23, 0x01, 0x33, 0x01,
  0x5a, 0x02, 0xea, 0x8b, 0xfd, 0x15, 0x05, 0xa1, 0xfa, 0x5f, 0xff, 0xff,
  0x00, 0x50, 0x00, 0x00, 0x05, 0xf7, 0x05, 0xa1, 0x00, 0x27, 0x01, 0xa9,
  0x03, 0x7d, 0xfd, 0x86, 0x00, 0x27, 0x01, 0xa4, 0x01, 0x63, 0x00, 0x00,
  0x01, 0x06, 0x01, 0xa8, 0x00, 0x00, 0x00, 0x09, 0xb1, 0x00, 0x01, 0xb8,
  0xfd, 0x86, 0xb0, 0x35, 0x2b, 0x00, 0xff, 0xff, 0x00, 0x3c, 0x00, 0x00,
  0x05, 0x91, 0x05, 0xa1, 0x00, 0x27, 0x01, 0xab, 0x02, 0xfc, 0xfd, 0x86,
  0x00, 0x27, 0x01, 0xa4, 0x01, 0x4f, 0x00, 0x00, 0x01, 0x06, 0x01, 0xa8,
  0xec, 0x00, 0x00, 0x09, 0xb1, 0x00, 0x02, 0xb8, 0xfd, 0x86, 0xb0, 0x35,
  0x2b, 0x00, 0xff, 0xff, 0x00, 0x5a, 0x00, 0x00, 0x06, 0x9b, 0x05, 0xc2,
  0x00, 0x26, 0x01, 0xaa, 0x00, 0x00, 0x00, 0x27, 0x01, 0xab, 0x04, 0x06,
  0xfd, 0x86, 0x01, 0x07, 0x01, 0xa4, 0x02, 0x58, 0x00, 0x00, 0x00, 0x09,
  0xb1, 0x01, 0x02, 0xb8, 0xfd, 0x86, 0xb0, 0x35, 0x2b, 0x00, 0x00, 0x01,
  0x00, 0x50, 0x02, 0x7a, 0x01, 0x57, 0x05, 0xa1, 0x00, 0x06, 0x00, 0x31,
  0xb7, 0x06, 0x05, 0x00, 0x03, 0x01, 0x00, 0x01, 0x4c, 0x4b, 0xb0, 0x1f,
  0x50, 0x58, 0x40, 0x0b, 0x00, 0x00, 0x00, 0x2e, 0x4d, 0x00, 0x01, 0x01,
  0x2f, 0x01, 0x4e, 0x1b, 0x40, 0x0b, 0x00, 0x00, 0x01, 0x00, 0x85, 0x00,
  0x01, 0x01, 0x2f, 0x01, 0x4e, 0x59, 0xb4, 0x11, 0x11, 0x02, 0x09, 0x18,
  0x2b, 0x13, 0x37, 0x33, 0x11, 0x23, 0x11, 0x07, 0x50, 0x92, 0x75, 0x7f,
  0x88, 0x05, 0x58, 0x49, 0xfc, 0xd9, 0x02, 0xa5, 0x49, 0x00, 0x00, 0x01,
  0x00, 0x5d, 0x02, 0x7a, 0x02, 0x7a, 0x05, 0xc2, 0x00, 0x1e, 0x00, 0x4e,
  0x4b, 0xb0, 0x13, 0x50, 0x58, 0x40, 0x1c, 0x00, 0x00, 0x04, 0x02, 0x04,
  0x00, 0x72, 0x00, 0x04, 0x04, 0x01, 0x61, 0x00, 0x01, 0x01, 0x2e, 0x4d,
  0x00, 0x02, 0x02, 0x03, 0x5f, 0x00, 0x03, 0x03, 0x2f, 0x03, 0x4e, 0x1b,
  0x40, 0x1d, 0x00, 0x00, 0x04, 0x02, 0x04, 0x00, 0x02, 0x80, 0x00, 0x04,
  0x04, 0x01, 0x61, 0x00, 0x01, 0x01, 0x2e, 0x4d, 0x00, 0x02, 0x02, 0x03,
  0x5f, 0x00, 0x03, 0x03, 0x2f, 0x03, 0x4e, 0x59, 0xb7, 0x2b, 0x11, 0x19,
  0x21, 0x10, 0x05, 0x09, 0x1b, 0x2b, 0x13, 0x23, 0x26, 0x21, 0x32, 0x16,
  0x15, 0x14, 0x06, 0x06, 0x07, 0x06, 0x06, 0x07, 0x21, 0x15, 0x21, 0x35,
  0x34, 0x36, 0x36, 0x37, 0x3e, 0x02, 0x35, 0x34, 0x26, 0x23, 0x22, 0x06,
  0xe5, 0x81, 0x07, 0x01, 0x10, 0x8a, 0x83, 0x25, 0x5f, 0x57, 0x58, 0x52,
  0x05, 0x01, 0x80, 0xfd, 0xf9, 0x25, 0x5e, 0x56, 0x4c, 0x50, 0x1d, 0x3e,
  0x53, 0x50, 0x37, 0x04, 0xcd, 0xf5, 0x6a, 0x76, 0x3a, 0x5a, 0x5c, 0x3f,
  0x3f, 0x59, 0x2f, 0x72, 0x22, 0x4e, 0x6f, 0x66, 0x3e, 0x39, 0x4a, 0x3e,
  0x27, 0x3e, 0x31, 0x3a, 0x00, 0x01, 0x00, 0x5a, 0x02, 0x6e, 0x02, 0x8c,
  0x05, 0xc2, 0x00, 0x22, 0x00, 0x78, 0xb5, 0x08, 0x01, 0x05, 0x06, 0x01,
  0x4c, 0x4b, 0xb0, 0x13, 0x50, 0x58, 0x40, 0x2b, 0x00, 0x00, 0x07, 0x06,
  0x07, 0x00, 0x72, 0x00, 0x03, 0x05, 0x04, 0x04, 0x03, 0x72, 0x00, 0x06,
  0x00, 0x05, 0x03, 0x06, 0x05, 0x69, 0x00, 0x07, 0x07, 0x01, 0x61, 0x00,
  0x01, 0x01, 0x2e, 0x4d, 0x00, 0x04, 0x04, 0x02, 0x62, 0x00, 0x02, 0x02,
  0x31, 0x02, 0x4e, 0x1b, 0x40, 0x2d, 0x00, 0x00, 0x07, 0x06, 0x07, 0x00,
  0x06, 0x80, 0x00, 0x03, 0x05, 0x04, 0x05, 0x03, 0x04, 0x80, 0x00, 0x06,
  0x00, 0x05, 0x03, 0x06, 0x05, 0x69, 0x00, 0x07, 0x07, 0x01, 0x61, 0x00,
  0x01, 0x01, 0x2e, 0x4d, 0x00, 0x04, 0x04, 0x02, 0x62, 0x00, 0x02, 0x02,
  0x31, 0x02, 0x4e, 0x59, 0x40, 0x0b, 0x23, 0x21, 0x23, 0x22, 0x11, 0x28,
  0x21, 0x10, 0x08, 0x09, 0x1e, 0x2b, 0x13, 0x23, 0x26, 0x21, 0x32, 0x16,
  0x15, 0x14, 0x07, 0x16, 0x15, 0x14, 0x06, 0x23, 0x20, 0x37, 0x33, 0x06,
  0x16, 0x33, 0x32, 0x36, 0x35, 0x34, 0x23, 0x23, 0x35, 0x33, 0x32, 0x35,
  0x34, 0x26, 0x23, 0x22, 0x06, 0xe4, 0x80, 0x0a, 0x01, 0x13, 0x8a, 0x82,
  0x77, 0x8a, 0x87, 0x8f, 0xfe, 0xe4, 0x0a, 0x80, 0x02, 0x3b, 0x55, 0x58,
  0x44, 0xb8, 0x5b, 0x54, 0xac, 0x3f, 0x53, 0x4f, 0x38, 0x04, 0xcc, 0xf6,
  0x71, 0x6e, 0x81, 0x35, 0x30, 0x9b, 0x78, 0x7c, 0xf6, 0x4d, 0x3b, 0x3a,
  0x46, 0x94, 0x75, 0x81, 0x3d, 0x32, 0x3b, 0x00, 0x00, 0x02, 0x00, 0x41,
  0x02, 0x7a, 0x02, 0x95, 0x05, 0xa1, 0x00, 0x0a, 0x00, 0x0d, 0x00, 0x55,
  0x40, 0x0a, 0x0d, 0x01, 0x02, 0x01, 0x03, 0x01, 0x00, 0x02, 0x02, 0x4c,
  0x4b, 0xb0, 0x1f, 0x50, 0x58, 0x40, 0x16, 0x05, 0x01, 0x02, 0x03, 0x01,
  0x00, 0x04, 0x02, 0x00, 0x67, 0x00, 0x01, 0x01, 0x2e, 0x4d, 0x06, 0x01,
  0x04, 0x04, 0x2f, 0x04, 0x4e, 0x1b, 0x40, 0x16, 0x00, 0x01, 0x02, 0x01,
  0x85, 0x05, 0x01, 0x02, 0x03, 0x01, 0x00, 0x04, 0x02, 0x00, 0x67, 0x06,
  0x01, 0x04, 0x04, 0x2f, 0x04, 0x4e, 0x59, 0x40, 0x0f, 0x00, 0x00, 0x0c,
  0x0b, 0x00, 0x0a, 0x00, 0x0a, 0x11, 0x11, 0x12, 0x11, 0x07, 0x09, 0x1a,
  0x2b, 0x01, 0x35, 0x21, 0x35, 0x01, 0x33, 0x11, 0x33, 0x15, 0x23, 0x15,
  0x01, 0x33, 0x11, 0x01, 0xba, 0xfe, 0x87, 0x01, 0x70, 0x87, 0x5d, 0x5c,
  0xfe, 0x8f, 0xf2, 0x02, 0x7a, 0xc3, 0x66, 0x01, 0xfe, 0xfe, 0x0a, 0x6e,
  0xc3, 0x01, 0x31, 0x01, 0x4c, 0x00, 0x00, 0x01, 0x00, 0xa2, 0x00, 0x00,
  0x02, 0x54, 0x05, 0xa1, 0x00, 0x05, 0x00, 0x17, 0x40, 0x14, 0x03, 0x01,
  0x01, 0x00, 0x01, 0x4c, 0x00, 0x00, 0x01, 0x00, 0x85, 0x00, 0x01, 0x01,
  0x76, 0x12, 0x11, 0x02, 0x06, 0x18, 0x2b, 0x13, 0x01, 0x33, 0x01, 0x01,
  0x23, 0xa2, 0x01, 0x04, 0xae, 0xfe, 0xf8, 0x01, 0x08, 0xaf, 0x02, 0xd1,
  0x02, 0xd0, 0xfd, 0x30, 0xfd, 0x2f, 0x00, 0x01, 0x00, 0x54, 0x00, 0x00,
  0x02, 0x06, 0x05, 0xa1, 0x00, 0x05, 0x00, 0x17, 0x40, 0x14, 0x03, 0x01,
  0x00, 0x01, 0x01, 0x4c, 0x00, 0x01, 0x00, 0x01, 0x85, 0x00, 0x00, 0x00,
  0x76, 0x12, 0x11, 0x02, 0x06, 0x18, 0x2b, 0x01, 0x01, 0x23, 0x01, 0x01,
  0x33, 0x02, 0x06, 0xfe, 0xfd, 0xaf, 0x01, 0x08, 0xfe, 0xf8, 0xae, 0x02,
  0xd1, 0xfd, 0x2f, 0x02, 0xd1, 0x02, 0xd0, 0x00, 0x00, 0x01, 0x00, 0x8c,
  0xff, 0xea, 0x01, 0x82, 0x00, 0xd6, 0x00, 0x0b, 0x00, 0x1a, 0x40, 0x17,
  0x00, 0x01, 0x01, 0x00, 0x61, 0x02, 0x01, 0x00, 0x00, 0x28, 0x00, 0x4e,
  0x01, 0x00, 0x07, 0x05, 0x00, 0x0b, 0x01, 0x0b, 0x03, 0x08, 0x16, 0x2b,
  0x05, 0x22, 0x26, 0x35, 0x34, 0x36, 0x33, 0x32, 0x16, 0x15, 0x14, 0x06,
  0x01, 0x07, 0x40, 0x3b, 0x3b, 0x40, 0x41, 0x3a, 0x3a, 0x16, 0x34, 0x42,
  0x42, 0x34, 0x34, 0x42, 0x42, 0x34, 0x00, 0x01, 0x00, 0x8c, 0xfe, 0xe5,
  0x01, 0x82, 0x00, 0xd6, 0x00, 0x0e, 0x00, 0x18, 0x40, 0x15, 0x03, 0x02,
  0x02, 0x00, 0x49, 0x00, 0x01, 0x01, 0x00, 0x61, 0x00, 0x00, 0x00, 0x28,
  0x00, 0x4e, 0x24, 0x16, 0x02, 0x08, 0x18, 0x2b, 0x25, 0x14, 0x07, 0x27,
  0x36, 0x36, 0x37, 0x22, 0x26, 0x35, 0x34, 0x36, 0x33, 0x32, 0x16, 0x01,
  0x82, 0x90, 0x52, 0x29, 0x29, 0x05, 0x34, 0x37, 0x3c, 0x41, 0x42, 0x37,
  0x59, 0xed, 0x87, 0x37, 0x3c, 0x58, 0x3a, 0x2c, 0x43, 0x45, 0x38, 0x38,
  0x00, 0x02, 0x00, 0x8c, 0xff, 0xea, 0x01, 0x82, 0x03, 0xba, 0x00, 0x0b,
  0x00, 0x17, 0x00, 0x2b, 0x40, 0x28, 0x00, 0x01, 0x04, 0x01, 0x00, 0x03,
  0x01, 0x00, 0x69, 0x00, 0x03, 0x03, 0x02, 0x61, 0x05, 0x01, 0x02, 0x02,
  0x28, 0x02, 0x4e, 0x0d, 0x0c, 0x01, 0x00, 0x13, 0x11, 0x0c, 0x17, 0x0d,
  0x17, 0x07, 0x05, 0x00, 0x0b, 0x01, 0x0b, 0x06, 0x08, 0x16, 0x2b, 0x01,
  0x22, 0x26, 0x35, 0x34, 0x36, 0x33, 0x32, 0x16, 0x15, 0x14, 0x06, 0x03,
  0x22, 0x26, 0x35, 0x34, 0x36, 0x33, 0x32, 0x16, 0x15, 0x14, 0x06, 0x01,
  0x07, 0x40, 0x3b, 0x3b, 0x40, 0x41, 0x3a, 0x3a, 0x41, 0x40, 0x3b, 0x3b,
  0x40, 0x41, 0x3a, 0x3a, 0x02, 0xce, 0x34, 0x42, 0x42, 0x34, 0x34, 0x42,
  0x42, 0x34, 0xfd, 0x1c, 0x34, 0x42, 0x42, 0x34, 0x34, 0x42, 0x42, 0x34,
  0x00, 0x02, 0x00, 0x8c, 0xfe, 0xe5, 0x01, 0x82, 0x03, 0xba, 0x00, 0x0b,
  0x00, 0x1a, 0x00, 0x2b, 0x40, 0x28, 0x0f, 0x0e, 0x02, 0x02, 0x49, 0x00,
  0x01, 0x04, 0x01, 0x00, 0x03, 0x01, 0x00, 0x69, 0x00, 0x03, 0x03, 0x02,
  0x61, 0x00, 0x02, 0x02, 0x28, 0x02, 0x4e, 0x01, 0x00, 0x19, 0x17, 0x13,
  0x12, 0x07, 0x05, 0x00, 0x0b, 0x01, 0x0b, 0x05, 0x08, 0x16, 0x2b, 0x01,
  0x22, 0x26, 0x35, 0x34, 0x36, 0x33, 0x32, 0x16, 0x15, 0x14, 0x06, 0x13,
  0x14, 0x07, 0x27, 0x36, 0x36, 0x37, 0x22, 0x26, 0x35, 0x34, 0x36, 0x33,
  0x32, 0x16, 0x01, 0x07, 0x40, 0x3b, 0x3b, 0x40, 0x41, 0x3a, 0x3a, 0x3a,
  0x90, 0x52, 0x29, 0x29, 0x05, 0x34, 0x37, 0x3c, 0x41, 0x42, 0x37, 0x02,
  0xce, 0x34, 0x42, 0x42, 0x34, 0x34, 0x42, 0x42, 0x34, 0xfd, 0x8b, 0xed,
  0x87, 0x37, 0x3c, 0x58, 0x3a, 0x2c, 0x43, 0x45, 0x38, 0x38, 0x00, 0x03,
  0x00, 0x8c, 0xff, 0xea, 0x05, 0x56, 0x00, 0xd6, 0x00, 0x0b, 0x00, 0x17,
  0x00, 0x23, 0x00, 0x30, 0x40, 0x2d, 0x05, 0x03, 0x02, 0x01, 0x01, 0x00,
  0x61, 0x08, 0x04, 0x07, 0x02, 0x06, 0x05, 0x00, 0x00, 0x28, 0x00, 0x4e,
  0x19, 0x18, 0x0d, 0x0c, 0x01, 0x00, 0x1f, 0x1d, 0x18, 0x23, 0x19, 0x23,
  0x13, 0x11, 0x0c, 0x17, 0x0d, 0x17, 0x07, 0x05, 0x00, 0x0b, 0x01, 0x0b,
  0x09, 0x08, 0x16, 0x2b, 0x05, 0x22, 0x26, 0x35, 0x34, 0x36, 0x33, 0x32,
  0x16, 0x15, 0x14, 0x06, 0x21, 0x22, 0x26, 0x35, 0x34, 0x36, 0x33, 0x32,
  0x16, 0x15, 0x14, 0x06, 0x21, 0x22, 0x26, 0x35, 0x34, 0x36, 0x33, 0x32,
  0x16, 0x15, 0x14, 0x06, 0x04, 0xdb, 0x40, 0x3b, 0x3b, 0x40, 0x41, 0x3a,
  0x3a, 0xfb, 0xeb, 0x40, 0x3b, 0x3b, 0x40, 0x41, 0x3a, 0x3a, 0x01, 0xa9,
  0x40, 0x3b, 0x3b, 0x40, 0x41, 0x3a, 0x3a, 0x16, 0x34, 0x42, 0x42, 0x34,
  0x34, 0x42, 0x42, 0x34, 0x34, 0x42, 0x42, 0x34, 0x34, 0x42, 0x42, 0x34,
  0x34, 0x42, 0x42, 0x34, 0x34, 0x42, 0x42, 0x34, 0x00, 0x02, 0x00, 0x8c,
  0xff, 0xea, 0x01, 0x82, 0x05, 0xa1, 0x00, 0x05, 0x00, 0x11, 0x00, 0x2c,
  0x40, 0x29, 0x04, 0x01, 0x01, 0x01, 0x00, 0x5f, 0x00, 0x00, 0x00, 0x1e,
  0x4d, 0x00, 0x03, 0x03, 0x02, 0x61, 0x05, 0x01, 0x02, 0x02, 0x28, 0x02,
  0x4e, 0x07, 0x06, 0x00, 0x00, 0x0d, 0x0b, 0x06, 0x11, 0x07, 0x11, 0x00,
  0x05, 0x00, 0x05, 0x12, 0x06, 0x08, 0x17, 0x2b, 0x13, 0x03, 0x35, 0x33,
  0x15, 0x03, 0x03, 0x22, 0x26, 0x35, 0x34, 0x36, 0x33, 0x32, 0x16, 0x15,
  0x14, 0x06, 0xca, 0x1c, 0xb2, 0x1b, 0x3e, 0x40, 0x3b, 0x3b, 0x40, 0x41,
  0x3a, 0x3a, 0x01, 0x63, 0x03, 0x3f, 0xff, 0xff, 0xfc, 0xc1, 0xfe, 0x87,
  0x34, 0x42, 0x42, 0x34, 0x34, 0x42, 0x42, 0x34, 0x00, 0x02, 0x00, 0x8c,
  0xfe, 0x7b, 0x01, 0x82, 0x04, 0x08, 0x00, 0x0b, 0x00, 0x11, 0x00, 0x2d,
  0x40, 0x2a, 0x04, 0x01, 0x00, 0x00, 0x01, 0x61, 0x00, 0x01, 0x01, 0x27,
  0x4d, 0x00, 0x02, 0x02, 0x03, 0x5f, 0x05, 0x01, 0x03, 0x03, 0x23, 0x03,
  0x4e, 0x0c, 0x0c, 0x01, 0x00, 0x0c, 0x11, 0x0c, 0x11, 0x0f, 0x0e, 0x07,
  0x05, 0x00, 0x0b, 0x01, 0x0b, 0x06, 0x08, 0x16, 0x2b, 0x01, 0x22, 0x26,
  0x35, 0x34, 0x36, 0x33, 0x32, 0x16, 0x15, 0x14, 0x06, 0x03, 0x35, 0x13,
  0x33, 0x13, 0x15, 0x01, 0x07, 0x40, 0x3b, 0x3b, 0x40, 0x41, 0x3a, 0x3a,
  0x9a, 0x1c, 0x7b, 0x1b, 0x03, 0x1c, 0x34, 0x42, 0x42, 0x34, 0x34, 0x42,
  0x42, 0x34, 0xfb, 0x5f, 0xd5, 0x03, 0x3f, 0xfc, 0xc1, 0xd5, 0x00, 0x02,
  0x00, 0x37, 0xff, 0xea, 0x03, 0xc8, 0x05, 0xbd, 0x00, 0x1d, 0x00, 0x29,
  0x00, 0x6c, 0x4b, 0xb0, 0x31, 0x50, 0x58, 0x40, 0x26, 0x00, 0x01, 0x00,
  0x03, 0x00, 0x01, 0x03, 0x80, 0x06, 0x01, 0x03, 0x05, 0x00, 0x03, 0x05,
  0x7e, 0x00, 0x00, 0x00, 0x02, 0x61, 0x00, 0x02, 0x02, 0x24, 0x4d, 0x00,
  0x05, 0x05, 0x04, 0x61, 0x07, 0x01, 0x04, 0x04, 0x28, 0x04, 0x4e, 0x1b,
  0x40, 0x24, 0x00, 0x01, 0x00, 0x03, 0x00, 0x01, 0x03, 0x80, 0x06, 0x01,
  0x03, 0x05, 0x00, 0x03, 0x05, 0x7e, 0x00, 0x02, 0x00, 0x00, 0x01, 0x02,
  0x00, 0x69, 0x00, 0x05, 0x05, 0x04, 0x61, 0x07, 0x01, 0x04, 0x04, 0x28,
  0x04, 0x4e, 0x59, 0x40, 0x14, 0x1f, 0x1e, 0x00, 0x00, 0x25, 0x23, 0x1e,
  0x29, 0x1f, 0x29, 0x00, 0x1d, 0x00, 0x1d, 0x22, 0x12, 0x2a, 0x08, 0x08,
  0x19, 0x2b, 0x01, 0x35, 0x34, 0x36, 0x36, 0x37, 0x36, 0x36, 0x37, 0x36,
  0x26, 0x23, 0x22, 0x06, 0x15, 0x23, 0x34, 0x36, 0x33, 0x32, 0x16, 0x07,
  0x14, 0x06, 0x06, 0x07, 0x06, 0x06, 0x15, 0x15, 0x03, 0x22, 0x26, 0x35,
  0x34, 0x36, 0x33, 0x32, 0x16, 0x15, 0x14, 0x06, 0x01, 0x87, 0x1d, 0x51,
  0x4f, 0x7b, 0x59, 0x01, 0x01, 0x86, 0x9e, 0x93, 0x7a, 0xb2, 0xde, 0xe8,
  0xf0, 0xdb, 0x01, 0x28, 0x70, 0x6d, 0x5a, 0x4f, 0x46, 0x40, 0x3b, 0x3b,
  0x40, 0x41, 0x3a, 0x3a, 0x01, 0x5e, 0x79, 0x53, 0x83, 0x72, 0x38, 0x58,
  0x79, 0x43, 0x5e, 0x64, 0x71, 0x86, 0xc8, 0xbf, 0xa9, 0xad, 0x48, 0x6f,
  0x73, 0x4f, 0x41, 0x89, 0x64, 0x62, 0xfe, 0x8c, 0x34, 0x42, 0x42, 0x34,
  0x34, 0x42, 0x42, 0x34, 0x00, 0x02, 0x00, 0x22, 0xfe, 0x68, 0x03, 0xb3,
  0x04, 0x08, 0x00, 0x0b, 0x00, 0x28, 0x00, 0x40, 0x40, 0x3d, 0x00, 0x03,
  0x00, 0x05, 0x00, 0x03, 0x05, 0x80, 0x00, 0x05, 0x04, 0x00, 0x05, 0x04,
  0x7e, 0x06, 0x01, 0x00, 0x00, 0x01, 0x61, 0x00, 0x01, 0x01, 0x27, 0x4d,
  0x00, 0x04, 0x04, 0x02, 0x62, 0x07, 0x01, 0x02, 0x02, 0x29, 0x02, 0x4e,
  0x0d, 0x0c, 0x01, 0x00, 0x26, 0x25, 0x23, 0x21, 0x18, 0x17, 0x0c, 0x28,
  0x0d, 0x28, 0x07, 0x05, 0x00, 0x0b, 0x01, 0x0b, 0x08, 0x08, 0x16, 0x2b,
  0x01, 0x22, 0x26, 0x35, 0x34, 0x36, 0x33, 0x32, 0x16, 0x15, 0x14, 0x06,
  0x03, 0x22, 0x26, 0x37, 0x3e, 0x02, 0x37, 0x36, 0x36, 0x35, 0x35, 0x33,
  0x15, 0x14, 0x06, 0x07, 0x06, 0x06, 0x07, 0x06, 0x16, 0x33, 0x32, 0x36,
  0x35, 0x33, 0x14, 0x06, 0x02, 0x16, 0x40, 0x3b, 0x3b, 0x40, 0x41, 0x3a,
  0x3a, 0x6a, 0xf0, 0xdb, 0x01, 0x01, 0x27, 0x70, 0x6d, 0x5a, 0x4f, 0x92,
  0x46, 0x77, 0x7b, 0x59, 0x01, 0x01, 0x87, 0x9d, 0x93, 0x7a, 0xb2, 0xde,
  0x03, 0x1c, 0x34, 0x42, 0x42, 0x34, 0x34, 0x42, 0x42, 0x34, 0xfb, 0x4c,
  0xa9, 0xad, 0x48, 0x6f, 0x73, 0x4f, 0x41, 0x84, 0x55, 0x44, 0x5b, 0x6d,
  0xaa, 0x55, 0x58, 0x78, 0x44, 0x5e, 0x64, 0x72, 0x85, 0xc7, 0xc0, 0x00,
  0x00, 0x01, 0x00, 0x8c, 0x01, 0xf9, 0x01, 0x82, 0x02, 0xe5, 0x00, 0x0b,
  0x00, 0x1f, 0x40, 0x1c, 0x00, 0x01, 0x00, 0x00, 0x01, 0x59, 0x00, 0x01,
  0x01, 0x00, 0x61, 0x02, 0x01, 0x00, 0x01, 0x00, 0x51, 0x01, 0x00, 0x07,
  0x05, 0x00, 0x0b, 0x01, 0x0b, 0x03, 0x08, 0x16, 0x2b, 0x01, 0x22, 0x26,
  0x35, 0x34, 0x36, 0x33, 0x32, 0x16, 0x15, 0x14, 0x06, 0x01, 0x07, 0x40,
  0x3b, 0x3b, 0x40, 0x41, 0x3a, 0x3a, 0x01, 0xf9, 0x34, 0x42, 0x42, 0x34,
  0x34, 0x42, 0x42, 0x34, 0x00, 0x01, 0x00, 0x82, 0x01, 0x2e, 0x03, 0x0b,
  0x03, 0x9a, 0x00, 0x0b, 0x00, 0x18, 0x40, 0x15, 0x00, 0x00, 0x01, 0x01,
  0x00, 0x59, 0x00, 0x00, 0x00, 0x01, 0x61, 0x00, 0x01, 0x00, 0x01, 0x51,
  0x24, 0x22, 0x02, 0x08, 0x18, 0x2b, 0x13, 0x34, 0x36, 0x33, 0x32, 0x16,
  0x15, 0x14, 0x06, 0x23, 0x22, 0x26, 0x82, 0x9d, 0xa3, 0xa8, 0xa1, 0x9c,
  0xa4, 0xa8, 0xa1, 0x02, 0x68, 0x9c, 0x96, 0x99, 0xa1, 0x9c, 0x96, 0x9a,
  0x00, 0x01, 0x00, 0x78, 0x02, 0xbd, 0x03, 0x5d, 0x05, 0xa7, 0x00, 0x11,
  0x00, 0x25, 0x40, 0x22, 0x11, 0x10, 0x0f, 0x0e, 0x0b, 0x0a, 0x09, 0x08,
  0x07, 0x06, 0x05, 0x02, 0x01, 0x0d, 0x00, 0x01, 0x01, 0x4c, 0x00, 0x00,
  0x00, 0x01, 0x5f, 0x00, 0x01, 0x01, 0x1e, 0x00, 0x4e, 0x18, 0x13, 0x02,
  0x08, 0x18, 0x2b, 0x01, 0x07, 0x25, 0x13, 0x23, 0x13, 0x05, 0x27, 0x25,
  0x25, 0x37, 0x05, 0x03, 0x33, 0x03, 0x25, 0x17, 0x05, 0x03, 0x5d, 0x41,
  0xfe, 0xfe, 0x16, 0x85, 0x15, 0xfe, 0xf9, 0x40, 0x01, 0x28, 0xfe, 0xd7,
  0x41, 0x01, 0x07, 0x15, 0x85, 0x16, 0x01, 0x02, 0x41, 0xfe, 0xe1, 0x03,
  0xb1, 0x78, 0xac, 0xfe, 0xd8, 0x01, 0x28, 0xac, 0x70, 0x8b, 0x80, 0x77,
  0xac, 0x01, 0x28, 0xfe, 0xd8, 0xac, 0x78, 0x7f, 0x00, 0x02, 0x00, 0x64,
  0x00, 0x00, 0x04, 0xbf, 0x05, 0xa1, 0x00, 0x1b, 0x00, 0x1f, 0x00, 0x76,
  0x4b, 0xb0, 0x29, 0x50, 0x58, 0x40, 0x27, 0x0e, 0x0b, 0x02, 0x05, 0x0a,
  0x08, 0x02, 0x06, 0x07, 0x05, 0x06, 0x67, 0x02, 0x01, 0x00, 0x00, 0x1e,
  0x4d, 0x0f, 0x0c, 0x02, 0x04, 0x04, 0x01, 0x5f, 0x0d, 0x03, 0x02, 0x01,
  0x01, 0x21, 0x4d, 0x09, 0x01, 0x07, 0x07, 0x1f, 0x07, 0x4e, 0x1b, 0x40,
  0x27, 0x0e, 0x0b, 0x02, 0x05, 0x0a, 0x08, 0x02, 0x06, 0x07, 0x05, 0x06,
  0x67, 0x02, 0x01, 0x00, 0x00, 0x1e, 0x4d, 0x0f, 0x0c, 0x02, 0x04, 0x04,
  0x01, 0x5f, 0x0d, 0x03, 0x02, 0x01, 0x01, 0x21, 0x4d, 0x09, 0x01, 0x07,
  0x07, 0x22, 0x07, 0x4e, 0x59, 0x40, 0x1a, 0x1f, 0x1e, 0x1d, 0x1c, 0x1b,
  0x1a, 0x19, 0x18, 0x17, 0x16, 0x15, 0x14, 0x13, 0x12, 0x11, 0x11, 0x11,
  0x11, 0x11, 0x11, 0x11, 0x11, 0x10, 0x10, 0x08, 0x1f, 0x2b, 0x01, 0x33,
  0x03, 0x21, 0x13, 0x33, 0x03, 0x33, 0x15, 0x23, 0x03, 0x33, 0x15, 0x21,
  0x03, 0x23, 0x13, 0x21, 0x03, 0x23, 0x13, 0x23, 0x35, 0x33, 0x13, 0x23,
  0x35, 0x21, 0x13, 0x21, 0x13, 0x21, 0x01, 0xfb, 0x8a, 0x56, 0x01, 0x30,
  0x56, 0x8a, 0x56, 0xd6, 0xf1, 0x46, 0xf5, 0xfe, 0xf0, 0x59, 0x8a, 0x59,
  0xfe, 0xd1, 0x59, 0x8b, 0x59, 0xc5, 0xe0, 0x46, 0xe5, 0x01, 0x00, 0x29,
  0x01, 0x30, 0x46, 0xfe, 0xd1, 0x05, 0xa1, 0xfe, 0x61, 0x01, 0x9f, 0xfe,
  0x61, 0x81, 0xfe, 0xac, 0x81, 0xfe, 0x54, 0x01, 0xac, 0xfe, 0x54, 0x01,
  0xac, 0x81, 0x01, 0x54, 0x81, 0xfe, 0x2b, 0x01, 0x54, 0x00, 0x00, 0x01,
  0x00, 0x14, 0xff, 0x38, 0x03, 0x0c, 0x06, 0x69, 0x00, 0x03, 0x00, 0x17,
  0x40, 0x14, 0x00, 0x00, 0x01, 0x00, 0x85, 0x02, 0x01, 0x01, 0x01, 0x76,
  0x00, 0x00, 0x00, 0x03, 0x00, 0x03, 0x11, 0x03, 0x08, 0x17, 0x2b, 0x17,
  0x01, 0x33, 0x01, 0x14, 0x02, 0x54, 0xa4, 0xfd, 0xac, 0xc8, 0x07, 0x31,
  0xf8, 0xcf, 0x00, 0x01, 0x00, 0x14, 0xff, 0x38, 0x03, 0x0c, 0x06, 0x69,
  0x00, 0x03, 0x00, 0x11, 0x40, 0x0e, 0x00, 0x01, 0x00, 0x01, 0x85, 0x00,
  0x00, 0x00, 0x76, 0x11, 0x10, 0x02, 0x08, 0x18, 0x2b, 0x05, 0x23, 0x01,
  0x33, 0x03, 0x0c, 0xa4, 0xfd, 0xac, 0xa4, 0xc8, 0x07, 0x31, 0x00, 0x01,
  0xff, 0xc5, 0x02, 0x10, 0x00, 0x8b, 0x02, 0xce, 0x00, 0x0b, 0x00, 0x1f,
  0x40, 0x1c, 0x00, 0x01, 0x00, 0x00, 0x01, 0x59, 0x00, 0x01, 0x01, 0x00,
  0x61, 0x02, 0x01, 0x00, 0x01, 0x00, 0x51, 0x01, 0x00, 0x07, 0x05, 0x00,
  0x0b, 0x01, 0x0b, 0x03, 0x08, 0x16, 0x2b, 0x13, 0x22, 0x26, 0x35, 0x34,
  0x36, 0x33, 0x32, 0x16, 0x15, 0x14, 0x06, 0x28, 0x34, 0x2f, 0x2f, 0x34,
  0x34, 0x2f, 0x2f, 0x02, 0x10, 0x2a, 0x35, 0x35, 0x2a, 0x2a, 0x35, 0x35,
  0x2a, 0x00, 0x00, 0x01, 0xfe, 0x8d, 0x02, 0xac, 0xff, 0x83, 0x03, 0x98,
  0x00, 0x0b, 0x00, 0x1f, 0x40, 0x1c, 0x00, 0x01, 0x00, 0x00, 0x01, 0x59,
  0x00, 0x01, 0x01, 0x00, 0x61, 0x02, 0x01, 0x00, 0x01, 0x00, 0x51, 0x01,
  0x00, 0x07, 0x05, 0x00, 0x0b, 0x01, 0x0b, 0x03, 0x08, 0x16, 0x2b, 0x03,
  0x22, 0x26, 0x35, 0x34, 0x36, 0x33, 0x32, 0x16, 0x15, 0x14, 0x06, 0xf8,
  0x40, 0x3b, 0x3b, 0x40, 0x41, 0x3a, 0x3a, 0x02, 0xac, 0x34, 0x42, 0x42,
  0x34, 0x34, 0x42, 0x42, 0x34, 0x00, 0x00, 0x01, 0x00, 0x8c, 0x02, 0x42,
  0x02, 0xbb, 0x02, 0xdc, 0x00, 0x03, 0x00, 0x1e, 0x40, 0x1b, 0x00, 0x00,
  0x01, 0x01, 0x00, 0x57, 0x00, 0x00, 0x00, 0x01, 0x5f, 0x02, 0x01, 0x01,
  0x00, 0x01, 0x4f, 0x00, 0x00, 0x00, 0x03, 0x00, 0x03, 0x11, 0x03, 0x08,
  0x17, 0x2b, 0x13, 0x35, 0x21, 0x15, 0x8c, 0x02, 0x2f, 0x02, 0x42, 0x9a,
  0x9a, 0x00, 0xff, 0xff, 0x00, 0x8c, 0x02, 0x42, 0x02, 0xbb, 0x02, 0xdc,
  0x02, 0x06, 0x01, 0xc2, 0x00, 0x00, 0x00, 0x01, 0x00, 0x8c, 0x02, 0x42,
  0x03, 0x65, 0x02, 0xdc, 0x00, 0x03, 0x00, 0x18, 0x40, 0x15, 0x00, 0x01,
  0x00, 0x00, 0x01, 0x57, 0x00, 0x01, 0x01, 0x00, 0x5f, 0x00, 0x00, 0x01,
  0x00, 0x4f, 0x11, 0x10, 0x02, 0x08, 0x18, 0x2b, 0x01, 0x21, 0x35, 0x21,
  0x03, 0x65, 0xfd, 0x27, 0x02, 0xd9, 0x02, 0x42, 0x9a, 0x00, 0x00, 0x01,
  0x00, 0x8c, 0x02, 0x42, 0x04, 0x1e, 0x02, 0xdc, 0x00, 0x03, 0x00, 0x18,
  0x40, 0x15, 0x00, 0x01, 0x00, 0x00, 0x01, 0x57, 0x00, 0x01, 0x01, 0x00,
  0x5f, 0x00, 0x00, 0x01, 0x00, 0x4f, 0x11, 0x10, 0x02, 0x08, 0x18, 0x2b,
  0x01, 0x21, 0x35, 0x21, 0x04, 0x1e, 0xfc, 0x6e, 0x03, 0x92, 0x02, 0x42,
  0x9a, 0x00, 0xff, 0xff, 0x00, 0x8c, 0x02, 0x42, 0x02, 0xbb, 0x02, 0xdc,
  0x02, 0x06, 0x01, 0xc2, 0x00, 0x00, 0x00, 0x01, 0x00, 0x8c, 0xff, 0x66,
  0x03, 0xd2, 0x00, 0x00, 0x00, 0x03, 0x00, 0x20, 0xb1, 0x06, 0x64, 0x44,
  0x40, 0x15, 0x00, 0x01, 0x00, 0x00, 0x01, 0x57, 0x00, 0x01, 0x01, 0x00,
  0x5f, 0x00, 0x00, 0x01, 0x00, 0x4f, 0x11, 0x10, 0x02, 0x08, 0x18, 0x2b,
  0xb1, 0x06, 0x00, 0x44, 0x05, 0x21, 0x35, 0x21, 0x03, 0xd2, 0xfc, 0xba,
  0x03, 0x46, 0x9a, 0x9a, 0x00, 0x01, 0x00, 0xdc, 0xfe, 0x7b, 0x02, 0x79,
  0x05, 0xa1, 0x00, 0x1d, 0x00, 0x1f, 0x40, 0x1c, 0x00, 0x01, 0x01, 0x00,
  0x61, 0x00, 0x00, 0x00, 0x1e, 0x4d, 0x00, 0x02, 0x02, 0x03, 0x61, 0x00,
  0x03, 0x03, 0x23, 0x03, 0x4e, 0x11, 0x1a, 0x11, 0x17, 0x04, 0x08, 0x1a,
  0x2b, 0x13, 0x34, 0x12, 0x36, 0x37, 0x3e, 0x02, 0x37, 0x15, 0x22, 0x06,
  0x07, 0x06, 0x02, 0x11, 0x10, 0x12, 0x17, 0x16, 0x16, 0x33, 0x15, 0x2e,
  0x02, 0x27, 0x26, 0x26, 0x02, 0xdc, 0x0c, 0x28, 0x2b, 0x23, 0x4e, 0x73,
  0x5a, 0x58, 0x61, 0x19, 0x18, 0x0f, 0x0f, 0x18, 0x19, 0x61, 0x58, 0x5b,
  0x73, 0x4d, 0x23, 0x29, 0x29, 0x0d, 0x02, 0x1b, 0xe0, 0x01, 0x2a, 0xbb,
  0x3b, 0x30, 0x36, 0x1b, 0x05, 0x7b, 0x34, 0x42, 0x40, 0xfe, 0xb3, 0xfe,
  0xf8, 0xfe, 0xe9, 0xfe, 0xa9, 0x41, 0x43, 0x33, 0x7b, 0x05, 0x1a, 0x37,
  0x30, 0x39, 0xc6, 0x01, 0x38, 0x00, 0x00, 0x01, 0x00, 0x73, 0xfe, 0x7b,
  0x02, 0x10, 0x05, 0xa1, 0x00, 0x1d, 0x00, 0x1f, 0x40, 0x1c, 0x00, 0x02,
  0x02, 0x03, 0x61, 0x00, 0x03, 0x03, 0x1e, 0x4d, 0x00, 0x01, 0x01, 0x00,
  0x61, 0x00, 0x00, 0x00, 0x23, 0x00, 0x4e, 0x11, 0x1a, 0x11, 0x17, 0x04,
  0x08, 0x1a, 0x2b, 0x01, 0x14, 0x02, 0x06, 0x07, 0x0e, 0x02, 0x07, 0x35,
  0x32, 0x36, 0x37, 0x36, 0x12, 0x11, 0x10, 0x02, 0x27, 0x26, 0x26, 0x23,
  0x35, 0x1e, 0x02, 0x17, 0x16, 0x16, 0x12, 0x02, 0x10, 0x0d, 0x29, 0x29,
  0x22, 0x4e, 0x73, 0x5b, 0x59, 0x60, 0x19, 0x18, 0x0f, 0x0f, 0x18, 0x19,
  0x61, 0x58, 0x5a, 0x73, 0x4f, 0x22, 0x2b, 0x28, 0x0c, 0x02, 0x1b, 0xe3,
  0xfe, 0xc8, 0xc6, 0x39, 0x30, 0x37, 0x1a, 0x05, 0x7b, 0x33, 0x43, 0x41,
  0x01, 0x57, 0x01, 0x17, 0x01, 0x08, 0x01, 0x4d, 0x40, 0x42, 0x34, 0x7b,
  0x05, 0x1b, 0x36, 0x30, 0x3b, 0xbb, 0xfe, 0xd6, 0x00, 0x01, 0x00, 0x8c,
  0xfe, 0x7b, 0x02, 0x79, 0x05, 0xa1, 0x00, 0x24, 0x00, 0x29, 0x40, 0x26,
  0x00, 0x03, 0x00, 0x02, 0x00, 0x03, 0x02, 0x69, 0x00, 0x05, 0x05, 0x04,
  0x61, 0x00, 0x04, 0x04, 0x1e, 0x4d, 0x00, 0x00, 0x00, 0x01, 0x61, 0x00,
  0x01, 0x01, 0x23, 0x01, 0x4e, 0x11, 0x17, 0x11, 0x17, 0x11, 0x17, 0x06,
  0x08, 0x1c, 0x2b, 0x01, 0x1e, 0x02, 0x15, 0x11, 0x14, 0x16, 0x33, 0x15,
  0x22, 0x26, 0x26, 0x35, 0x11, 0x34, 0x26, 0x26, 0x23, 0x35, 0x32, 0x36,
  0x36, 0x35, 0x11, 0x34, 0x36, 0x36, 0x33, 0x15, 0x22, 0x06, 0x15, 0x11,
  0x14, 0x06, 0x06, 0x01, 0x38, 0x34, 0x4a, 0x28, 0x43, 0x58, 0x6f, 0x8d,
  0x43, 0x10, 0x49, 0x55, 0x55, 0x49, 0x10, 0x44, 0x8d, 0x6e, 0x58, 0x43,
  0x28, 0x4a, 0x02, 0x10, 0x16, 0x39, 0x67, 0x5c, 0xfe, 0x6a, 0x51, 0x23,
  0x79, 0x2a, 0x73, 0x6f, 0x01, 0x53, 0x56, 0x6b, 0x33, 0x80, 0x33, 0x6c,
  0x55, 0x01, 0x53, 0x70, 0x73, 0x29, 0x79, 0x21, 0x53, 0xfe, 0x6a, 0x5c,
  0x65, 0x36, 0x00, 0x01, 0x00, 0x73, 0xfe, 0x7b, 0x02, 0x60, 0x05, 0xa1,
  0x00, 0x24, 0x00, 0x29, 0x40, 0x26, 0x00, 0x02, 0x00, 0x03, 0x05, 0x02,
  0x03, 0x69, 0x00, 0x00, 0x00, 0x01, 0x61, 0x00, 0x01, 0x01, 0x1e, 0x4d,
  0x00, 0x05, 0x05, 0x04, 0x61, 0x00, 0x04, 0x04, 0x23, 0x04, 0x4e, 0x11,
  0x17, 0x11, 0x17, 0x11, 0x17, 0x06, 0x08, 0x1c, 0x2b, 0x01, 0x2e, 0x02,
  0x35, 0x11, 0x34, 0x26, 0x23, 0x35, 0x32, 0x16, 0x16, 0x15, 0x11, 0x14,
  0x16, 0x16, 0x33, 0x15, 0x22, 0x06, 0x06, 0x15, 0x11, 0x14, 0x06, 0x06,
  0x23, 0x35, 0x32, 0x36, 0x35, 0x11, 0x34, 0x36, 0x36, 0x01, 0xb4, 0x33,
  0x4b, 0x28, 0x43, 0x58, 0x6e, 0x8d, 0x44, 0x10, 0x49, 0x55, 0x55, 0x49,
  0x10, 0x43, 0x8d, 0x6f, 0x59, 0x42, 0x28, 0x4b, 0x02, 0x10, 0x17, 0x36,
  0x65, 0x5c, 0x01, 0x96, 0x53, 0x21, 0x79, 0x29, 0x73, 0x70, 0xfe, 0xad,
  0x55, 0x6c, 0x33, 0x80, 0x33, 0x6b, 0x56, 0xfe, 0xad, 0x6f, 0x73, 0x2a,
  0x79, 0x23, 0x51, 0x01, 0x96, 0x5c, 0x67, 0x39, 0x00, 0x01, 0x00, 0xdc,
  0xfe, 0x7b, 0x02, 0x3a, 0x05, 0xa1, 0x00, 0x07, 0x00, 0x25, 0x40, 0x22,
  0x00, 0x01, 0x01, 0x00, 0x5f, 0x00, 0x00, 0x00, 0x1e, 0x4d, 0x00, 0x02,
  0x02, 0x03, 0x5f, 0x04, 0x01, 0x03, 0x03, 0x23, 0x03, 0x4e, 0x00, 0x00,
  0x00, 0x07, 0x00, 0x07, 0x11, 0x11, 0x11, 0x05, 0x08, 0x19, 0x2b, 0x13,
  0x11, 0x21, 0x15, 0x23, 0x11, 0x33, 0x15, 0xdc, 0x01, 0x5e, 0xba, 0xba,
  0xfe, 0x7b, 0x07, 0x26, 0x78, 0xf9, 0xca, 0x78, 0x00, 0x01, 0x00, 0x73,
  0xfe, 0x7b, 0x01, 0xd1, 0x05, 0xa1, 0x00, 0x07, 0x00, 0x1f, 0x40, 0x1c,
  0x00, 0x02, 0x02, 0x03, 0x5f, 0x00, 0x03, 0x03, 0x1e, 0x4d, 0x00, 0x01,
  0x01, 0x00, 0x5f, 0x00, 0x00, 0x00, 0x23, 0x00, 0x4e, 0x11, 0x11, 0x11,
  0x10, 0x04, 0x08, 0x1a, 0x2b, 0x01, 0x21, 0x35, 0x33, 0x11, 0x23, 0x35,
  0x21, 0x01, 0xd1, 0xfe, 0xa2, 0xba, 0xba, 0x01, 0x5e, 0xfe, 0x7b, 0x78,
  0x06, 0x36, 0x78, 0x00, 0x00, 0x01, 0x00, 0x96, 0xfe, 0xe5, 0x01, 0x8c,
  0x00, 0xd6, 0x00, 0x0e, 0x00, 0x18, 0x40, 0x15, 0x03, 0x02, 0x02, 0x00,
  0x49, 0x00, 0x01, 0x01, 0x00, 0x61, 0x00, 0x00, 0x00, 0x28, 0x00, 0x4e,
  0x24, 0x16, 0x02, 0x08, 0x18, 0x2b, 0x25, 0x14, 0x07, 0x27, 0x36, 0x36,
  0x37, 0x22, 0x26, 0x35, 0x34, 0x36, 0x33, 0x32, 0x16, 0x01, 0x8c, 0x90,
  0x52, 0x29, 0x29, 0x05, 0x34, 0x37, 0x3c, 0x41, 0x42, 0x37, 0x59, 0xed,
  0x87, 0x37, 0x3c, 0x58, 0x3a, 0x2c, 0x43, 0x45, 0x38, 0x38, 0x00, 0x02,
  0x00, 0x96, 0xfe, 0xe5, 0x02, 0xcb, 0x00, 0xd6, 0x00, 0x0e, 0x00, 0x1d,
  0x00, 0x1e, 0x40, 0x1b, 0x12, 0x11, 0x03, 0x02, 0x04, 0x00, 0x49, 0x03,
  0x01, 0x01, 0x01, 0x00, 0x61, 0x02, 0x01, 0x00, 0x00, 0x28, 0x00, 0x4e,
  0x24, 0x18, 0x24, 0x16, 0x04, 0x08, 0x1a, 0x2b, 0x25, 0x14, 0x07, 0x27,
  0x36, 0x36, 0x37, 0x22, 0x26, 0x35, 0x34, 0x36, 0x33, 0x32, 0x16, 0x05,
  0x14, 0x07, 0x27, 0x36, 0x36, 0x37, 0x22, 0x26, 0x35, 0x34, 0x36, 0x33,
  0x32, 0x16, 0x01, 0x8c, 0x90, 0x52, 0x29, 0x29, 0x05, 0x34, 0x37, 0x3c,
  0x41, 0x42, 0x37, 0x01, 0x3f, 0x90, 0x52, 0x29, 0x29, 0x05, 0x34, 0x37,
  0x3c, 0x41, 0x42, 0x37, 0x59, 0xed, 0x87, 0x37, 0x3c, 0x58, 0x3a, 0x2c,
  0x43, 0x45, 0x38, 0x38, 0x45, 0xed, 0x87, 0x37, 0x3c, 0x58, 0x3a, 0x2c,
  0x43, 0x45, 0x38, 0x38, 0x00, 0x02, 0x00, 0x96, 0x03, 0xe3, 0x02, 0xcb,
  0x05, 0xd4, 0x00, 0x0e, 0x00, 0x1d, 0x00, 0x24, 0x40, 0x21, 0x12, 0x11,
  0x03, 0x02, 0x04, 0x00, 0x4a, 0x02, 0x01, 0x00, 0x01, 0x01, 0x00, 0x59,
  0x02, 0x01, 0x00, 0x00, 0x01, 0x61, 0x03, 0x01, 0x01, 0x00, 0x01, 0x51,
  0x24, 0x18, 0x24, 0x16, 0x04, 0x08, 0x1a, 0x2b, 0x01, 0x34, 0x37, 0x17,
  0x06, 0x06, 0x07, 0x32, 0x16, 0x15, 0x14, 0x06, 0x23, 0x22, 0x26, 0x25,
  0x34, 0x37, 0x17, 0x06, 0x06, 0x07, 0x32, 0x16, 0x15, 0x14, 0x06, 0x23,
  0x22, 0x26, 0x01, 0xd5, 0x90, 0x52, 0x29, 0x29, 0x05, 0x34, 0x37, 0x3c,
  0x41, 0x42, 0x37, 0xfe, 0xc1, 0x90, 0x52, 0x29, 0x29, 0x05, 0x34, 0x37,
  0x3c, 0x41, 0x42, 0x37, 0x04, 0x60, 0xed, 0x87, 0x37, 0x3c, 0x58, 0x3a,
  0x2c, 0x43, 0x45, 0x38, 0x38, 0x45, 0xed, 0x87, 0x37, 0x3c, 0x58, 0x3a,
  0x2c, 0x43, 0x45, 0x38, 0x38, 0x00, 0x00, 0x02, 0x00, 0x96, 0x03, 0xc8,
  0x02, 0xcb, 0x05, 0xb9, 0x00, 0x0e, 0x00, 0x1d, 0x00, 0x1e, 0x40, 0x1b,
  0x12, 0x11, 0x03, 0x02, 0x04, 0x00, 0x49, 0x02, 0x01, 0x00, 0x00, 0x01,
  0x61, 0x03, 0x01, 0x01, 0x01, 0x24, 0x00, 0x4e, 0x24, 0x18, 0x24, 0x16,
  0x04, 0x08, 0x1a, 0x2b, 0x01, 0x14, 0x07, 0x27, 0x36, 0x36, 0x37, 0x22,
  0x26, 0x35, 0x34, 0x36, 0x33, 0x32, 0x16, 0x05, 0x14, 0x07, 0x27, 0x36,
  0x36, 0x37, 0x22, 0x26, 0x35, 0x34, 0x36, 0x33, 0x32, 0x16, 0x01, 0x8c,
  0x90, 0x52, 0x29, 0x29, 0x05, 0x34, 0x37, 0x3c, 0x41, 0x42, 0x37, 0x01,
  0x3f, 0x90, 0x52, 0x29, 0x29, 0x05, 0x34, 0x37, 0x3c, 0x41, 0x42, 0x37,
  0x05, 0x3c, 0xed, 0x87, 0x37, 0x3c, 0x58, 0x3a, 0x2c, 0x43, 0x45, 0x38,
  0x38, 0x45, 0xed, 0x87, 0x37, 0x3c, 0x58, 0x3a, 0x2c, 0x43, 0x45, 0x38,
  0x38, 0x00, 0x00, 0x01, 0x00, 0x96, 0x03, 0xe3, 0x01, 0x8c, 0x05, 0xd4,
  0x00, 0x0e, 0x00, 0x1d, 0x40, 0x1a, 0x03, 0x02, 0x02, 0x00, 0x4a, 0x00,
  0x00, 0x01, 0x01, 0x00, 0x59, 0x00, 0x00, 0x00, 0x01, 0x61, 0x00, 0x01,
  0x00, 0x01, 0x51, 0x24, 0x16, 0x02, 0x08, 0x18, 0x2b, 0x13, 0x34, 0x37,
  0x17, 0x06, 0x06, 0x07, 0x32, 0x16, 0x15, 0x14, 0x06, 0x23, 0x22, 0x26,
  0x96, 0x90, 0x52, 0x29, 0x29, 0x05, 0x34, 0x37, 0x3c, 0x41, 0x42, 0x37,
  0x04, 0x60, 0xed, 0x87, 0x37, 0x3c, 0x58, 0x3a, 0x2c, 0x43, 0x45, 0x38,
  0x38, 0x00, 0x00, 0x01, 0x00, 0x96, 0x03, 0xc8, 0x01, 0x8c, 0x05, 0xb9,
  0x00, 0x0e, 0x00, 0x18, 0x40, 0x15, 0x03, 0x02, 0x02, 0x00, 0x49, 0x00,
  0x00, 0x00, 0x01, 0x61, 0x00, 0x01, 0x01, 0x24, 0x00, 0x4e, 0x24, 0x16,
  0x02, 0x08, 0x18, 0x2b, 0x01, 0x14, 0x07, 0x27, 0x36, 0x36, 0x37, 0x22,
  0x26, 0x35, 0x34, 0x36, 0x33, 0x32, 0x16, 0x01, 0x8c, 0x90, 0x52, 0x29,
  0x29, 0x05, 0x34, 0x37, 0x3c, 0x41, 0x42, 0x37, 0x05, 0x3c, 0xed, 0x87,
  0x37, 0x3c, 0x58, 0x3a, 0x2c, 0x43, 0x45, 0x38, 0x38, 0x00, 0x00, 0x02,
  0x00, 0x64, 0x00, 0x6e, 0x03, 0x93, 0x03, 0x7e, 0x00, 0x06, 0x00, 0x0d,
  0x00, 0x08, 0xb5, 0x0c, 0x08, 0x05, 0x01, 0x02, 0x32, 0x2b, 0x13, 0x01,
  0x17, 0x01, 0x01, 0x07, 0x01, 0x25, 0x01, 0x17, 0x01, 0x01, 0x07, 0x01,
  0x64, 0x01, 0x2c, 0x69, 0xfe, 0xf9, 0x01, 0x07, 0x69, 0xfe, 0xd4, 0x01,
  0x9a, 0x01, 0x2c, 0x69, 0xfe, 0xf9, 0x01, 0x07, 0x69, 0xfe, 0xd4, 0x02,
  0x25, 0x01, 0x59, 0x5a, 0xfe, 0xd2, 0xfe, 0xd2, 0x5a, 0x01, 0x59, 0x5e,
  0x01, 0x59, 0x5a, 0xfe, 0xd2, 0xfe, 0xd2, 0x5a, 0x01, 0x59, 0x00, 0x02,
  0x00, 0x64, 0x00, 0x6e, 0x03, 0x93, 0x03, 0x7e, 0x00, 0x06, 0x00, 0x0d,
  0x00, 0x08, 0xb5, 0x0d, 0x09, 0x06, 0x02, 0x02, 0x32, 0x2b, 0x01, 0x15,
  0x01, 0x27, 0x01, 0x01, 0x37, 0x03, 0x15, 0x01, 0x27, 0x01, 0x01, 0x37,
  0x03, 0x93, 0xfe, 0xd4, 0x69, 0x01, 0x07, 0xfe, 0xf9, 0x69, 0x6e, 0xfe,
  0xd4, 0x69, 0x01, 0x07, 0xfe, 0xf9, 0x69, 0x02, 0x25, 0x5e, 0xfe, 0xa7,
  0x5a, 0x01, 0x2e, 0x01, 0x2e, 0x5a, 0xfe, 0xa7, 0x5e, 0xfe, 0xa7, 0x5a,
  0x01, 0x2e, 0x01, 0x2e, 0x5a, 0x00, 0x00, 0x01, 0x00, 0x64, 0x00, 0x6e,
  0x01, 0xf9, 0x03, 0x7e, 0x00, 0x06, 0x00, 0x06, 0xb3, 0x05, 0x01, 0x01,
  0x32, 0x2b, 0x13, 0x01, 0x17, 0x01, 0x01, 0x07, 0x01, 0x64, 0x01, 0x2c,
  0x69, 0xfe, 0xf9, 0x01, 0x07, 0x69, 0xfe, 0xd4, 0x02, 0x25, 0x01, 0x59,
  0x5a, 0xfe, 0xd2, 0xfe, 0xd2, 0x5a, 0x01, 0x59, 0x00, 0x01, 0x00, 0x64,
  0x00, 0x6e, 0x01, 0xf9, 0x03, 0x7e, 0x00, 0x06, 0x00, 0x06, 0xb3, 0x06,
  0x02, 0x01, 0x32, 0x2b, 0x01, 0x15, 0x01, 0x27, 0x01, 0x01, 0x37, 0x01,
  0xf9, 0xfe, 0xd4, 0x69, 0x01, 0x07, 0xfe, 0xf9, 0x69, 0x02, 0x25, 0x5e,
  0xfe, 0xa7, 0x5a, 0x01, 0x2e, 0x01, 0x2e, 0x5a, 0x00, 0x02, 0x00, 0x8c,
  0x03, 0xa0, 0x02, 0x72, 0x05, 0xb4, 0x00, 0x0f, 0x00, 0x1f, 0x00, 0x25,
  0x40, 0x22, 0x05, 0x02, 0x04, 0x03, 0x00, 0x00, 0x01, 0x61, 0x03, 0x01,
  0x01, 0x01, 0x24, 0x00, 0x4e, 0x11, 0x10, 0x01, 0x00, 0x19, 0x17, 0x10,
  0x1f, 0x11, 0x1f, 0x09, 0x07, 0x00, 0x0f, 0x01, 0x0f, 0x06, 0x08, 0x16,
  0x2b, 0x01, 0x22, 0x2e, 0x02, 0x35, 0x34, 0x36, 0x33, 0x32, 0x16, 0x15,
  0x14, 0x0e, 0x02, 0x21, 0x22, 0x2e, 0x02, 0x35, 0x34, 0x36, 0x33, 0x32,
  0x16, 0x15, 0x14, 0x0e, 0x02, 0x02, 0x15, 0x15, 0x22, 0x19, 0x0d, 0x2c,
  0x31, 0x31, 0x2c, 0x0d, 0x19, 0x22, 0xfe, 0xbf, 0x15, 0x22, 0x19, 0x0d,
  0x2c, 0x31, 0x31, 0x2c, 0x0d, 0x19, 0x22, 0x03, 0xa0, 0x64, 0x8e, 0x85,
  0x21, 0x42, 0x3a, 0x3a, 0x42, 0x21, 0x85, 0x8e, 0x64, 0x64, 0x8e, 0x85,
  0x21, 0x42, 0x3a, 0x3a, 0x42, 0x21, 0x85, 0x8e, 0x64, 0x00, 0x00, 0x01,
  0x00, 0x8c, 0x03, 0xa0, 0x01, 0x46, 0x05, 0xb4, 0x00, 0x0f, 0x00, 0x1a,
  0x40, 0x17, 0x02, 0x01, 0x00, 0x00, 0x01, 0x61, 0x00, 0x01, 0x01, 0x24,
  0x00, 0x4e, 0x01, 0x00, 0x09, 0x07, 0x00, 0x0f, 0x01, 0x0f, 0x03, 0x08,
  0x16, 0x2b, 0x13, 0x22, 0x2e, 0x02, 0x35, 0x34, 0x36, 0x33, 0x32, 0x16,
  0x15, 0x14, 0x0e, 0x02, 0xe9, 0x15, 0x22, 0x19, 0x0d, 0x2c, 0x31, 0x31,
  0x2c, 0x0d, 0x19, 0x22, 0x03, 0xa0, 0x64, 0x8e, 0x85, 0x21, 0x42, 0x3a,
  0x3a, 0x42, 0x21, 0x85, 0x8e, 0x64, 0x00, 0x01, 0xff, 0x1e, 0xfe, 0x23,
  0x03, 0x5b, 0x06, 0x0c, 0x00, 0x26, 0x00, 0x3a, 0x40, 0x37, 0x08, 0x01,
  0x01, 0x02, 0x07, 0x01, 0x00, 0x01, 0x02, 0x4c, 0x00, 0x04, 0x00, 0x05,
  0x03, 0x04, 0x05, 0x69, 0x00, 0x01, 0x00, 0x00, 0x01, 0x00, 0x65, 0x08,
  0x07, 0x02, 0x02, 0x02, 0x03, 0x5f, 0x06, 0x01, 0x03, 0x03, 0x21, 0x02,
  0x4e, 0x00, 0x00, 0x00, 0x26, 0x00, 0x26, 0x14, 0x41, 0x44, 0x11, 0x14,
  0x24, 0x24, 0x09, 0x08, 0x1d, 0x2b, 0x01, 0x03, 0x0e, 0x02, 0x23, 0x22,
  0x27, 0x37, 0x16, 0x16, 0x33, 0x32, 0x36, 0x36, 0x37, 0x13, 0x23, 0x37,
  0x33, 0x37, 0x3e, 0x02, 0x33, 0x32, 0x16, 0x17, 0x07, 0x26, 0x26, 0x23,
  0x22, 0x06, 0x06, 0x07, 0x07, 0x21, 0x07, 0x01, 0xc8, 0xb0, 0x19, 0x4a,
  0x94, 0x8a, 0x3d, 0x3c, 0x16, 0x1d, 0x3d, 0x1d, 0x4a, 0x4d, 0x25, 0x0d,
  0xb0, 0xd3, 0x17, 0xd3, 0x26, 0x18, 0x4c, 0x95, 0x84, 0x1f, 0x3f, 0x1f,
  0x16, 0x1d, 0x3d, 0x1d, 0x4d, 0x4d, 0x22, 0x0d, 0x27, 0x01, 0x1d, 0x19,
  0x03, 0x5c, 0xfc, 0x27, 0x89, 0x9a, 0x3d, 0x10, 0x83, 0x06, 0x08, 0x28,
  0x5b, 0x4a, 0x03, 0xe7, 0x85, 0xd3, 0x86, 0x95, 0x3d, 0x02, 0x02, 0x87,
  0x02, 0x04, 0x23, 0x55, 0x4c, 0xe2, 0x85, 0x00, 0x00, 0x02, 0x00, 0x78,
  0xff, 0x4d, 0x06, 0xaa, 0x05, 0x63, 0x00, 0x3c, 0x00, 0x4b, 0x00, 0xa4,
  0x4b, 0xb0, 0x1d, 0x50, 0x58, 0x40, 0x13, 0x3b, 0x01, 0x0a, 0x07, 0x45,
  0x2e, 0x02, 0x00, 0x0a, 0x16, 0x01, 0x02, 0x05, 0x17, 0x01, 0x03, 0x02,
  0x04, 0x4c, 0x1b, 0x40, 0x13, 0x3b, 0x01, 0x0a, 0x08, 0x45, 0x2e, 0x02,
  0x00, 0x0a, 0x16, 0x01, 0x02, 0x05, 0x17, 0x01, 0x03, 0x02, 0x04, 0x4c,
  0x59, 0x4b, 0xb0, 0x1d, 0x50, 0x58, 0x40, 0x26, 0x00, 0x04, 0x00, 0x01,
  0x07, 0x04, 0x01, 0x69, 0x09, 0x01, 0x00, 0x06, 0x01, 0x05, 0x02, 0x00,
  0x05, 0x6a, 0x00, 0x02, 0x00, 0x03, 0x02, 0x03, 0x65, 0x00, 0x0a, 0x0a,
  0x07, 0x61, 0x0b, 0x08, 0x02, 0x07, 0x07, 0x27, 0x0a, 0x4e, 0x1b, 0x40,
  0x2a, 0x00, 0x04, 0x00, 0x01, 0x07, 0x04, 0x01, 0x69, 0x09, 0x01, 0x00,
  0x06, 0x01, 0x05, 0x02, 0x00, 0x05, 0x6a, 0x00, 0x02, 0x00, 0x03, 0x02,
  0x03, 0x65, 0x0b, 0x01, 0x08, 0x08, 0x21, 0x4d, 0x00, 0x0a, 0x0a, 0x07,
  0x61, 0x00, 0x07, 0x07, 0x27, 0x0a, 0x4e, 0x59, 0x40, 0x15, 0x00, 0x00,
  0x49, 0x47, 0x41, 0x3f, 0x00, 0x3c, 0x00, 0x3c, 0x25, 0x24, 0x26, 0x27,
  0x25, 0x26, 0x25, 0x23, 0x0c, 0x08, 0x1e, 0x2b, 0x01, 0x03, 0x06, 0x16,
  0x33, 0x32, 0x36, 0x36, 0x35, 0x34, 0x00, 0x21, 0x22, 0x04, 0x06, 0x06,
  0x15, 0x10, 0x00, 0x21, 0x32, 0x36, 0x37, 0x17, 0x06, 0x06, 0x23, 0x22,
  0x24, 0x02, 0x35, 0x34, 0x12, 0x36, 0x24, 0x33, 0x32, 0x04, 0x12, 0x15,
  0x14, 0x06, 0x06, 0x23, 0x22, 0x26, 0x27, 0x06, 0x06, 0x23, 0x22, 0x26,
  0x35, 0x34, 0x36, 0x36, 0x33, 0x32, 0x16, 0x17, 0x37, 0x01, 0x14, 0x16,
  0x33, 0x32, 0x36, 0x36, 0x37, 0x13, 0x26, 0x26, 0x23, 0x22, 0x06, 0x06,
  0x05, 0x0e, 0x4c, 0x16, 0x3f, 0x58, 0x43, 0x68, 0x3c, 0xfe, 0xbd, 0xfe,
  0xe1, 0x9f, 0xfe, 0xfd, 0xb9, 0x64, 0x01, 0x3e, 0x01, 0x32, 0x47, 0xb3,
  0x51, 0x37, 0x55, 0xe1, 0x61, 0xe5, 0xfe, 0xb0, 0xb7, 0x7a, 0xe3, 0x01,
  0x3c, 0xc1, 0xde, 0x01, 0x47, 0xb3, 0x63, 0xac, 0x6d, 0x6c, 0x6b, 0x07,
  0x2c, 0x94, 0x65, 0x8e, 0x9b, 0x62, 0xb9, 0x80, 0x3d, 0x62, 0x23, 0x0b,
  0xfe, 0x3f, 0x54, 0x49, 0x29, 0x56, 0x44, 0x0e, 0x39, 0x27, 0x4a, 0x23,
  0x57, 0x7b, 0x41, 0x03, 0xf3, 0xfe, 0x30, 0x85, 0x7d, 0x6c, 0xbd, 0x77,
  0xfe, 0x01, 0x1f, 0x6d, 0xc1, 0xfb, 0x8f, 0xfe, 0xeb, 0xfe, 0xc2, 0x24,
  0x2e, 0x78, 0x33, 0x2d, 0xb7, 0x01, 0x42, 0xd2, 0xb0, 0x01, 0x31, 0xe8,
  0x82, 0xab, 0xfe, 0xc9, 0xd4, 0x96, 0xed, 0x89, 0x77, 0x4c, 0x5c, 0x6f,
  0xbc, 0x98, 0x8e, 0xf3, 0x96, 0x24, 0x33, 0x46, 0xfd, 0xfe, 0x70, 0x61,
  0x25, 0x60, 0x56, 0x01, 0x5b, 0x1c, 0x0b, 0x6d, 0xb4, 0x00, 0x00, 0x02,
  0x00, 0x78, 0xff, 0xe9, 0x05, 0xc3, 0x05, 0xc0, 0x00, 0x24, 0x00, 0x2e,
  0x00, 0x70, 0x40, 0x11, 0x0b, 0x01, 0x04, 0x02, 0x2c, 0x2b, 0x1f, 0x02,
  0x04, 0x05, 0x04, 0x01, 0x01, 0x00, 0x05, 0x03, 0x4c, 0x4b, 0xb0, 0x2b,
  0x50, 0x58, 0x40, 0x24, 0x00, 0x02, 0x03, 0x04, 0x03, 0x02, 0x04, 0x80,
  0x00, 0x04, 0x05, 0x03, 0x04, 0x05, 0x7e, 0x00, 0x03, 0x03, 0x01, 0x61,
  0x00, 0x01, 0x01, 0x24, 0x4d, 0x00, 0x05, 0x05, 0x00, 0x61, 0x00, 0x00,
  0x00, 0x28, 0x00, 0x4e, 0x1b, 0x40, 0x22, 0x00, 0x02, 0x03, 0x04, 0x03,
  0x02, 0x04, 0x80, 0x00, 0x04, 0x05, 0x03, 0x04, 0x05, 0x7e, 0x00, 0x01,
  0x00, 0x03, 0x02, 0x01, 0x03, 0x69, 0x00, 0x05, 0x05, 0x00, 0x61, 0x00,
  0x00, 0x00, 0x28, 0x00, 0x4e, 0x59, 0x40, 0x09, 0x26, 0x17, 0x22, 0x12,
  0x2a, 0x24, 0x06, 0x08, 0x1c, 0x2b, 0x25, 0x07, 0x27, 0x06, 0x06, 0x23,
  0x20, 0x24, 0x35, 0x34, 0x36, 0x37, 0x26, 0x26, 0x35, 0x34, 0x36, 0x33,
  0x32, 0x16, 0x17, 0x23, 0x26, 0x26, 0x23, 0x22, 0x06, 0x15, 0x14, 0x16,
  0x17, 0x01, 0x11, 0x33, 0x11, 0x14, 0x07, 0x25, 0x14, 0x16, 0x33, 0x32,
  0x36, 0x37, 0x01, 0x06, 0x06, 0x05, 0xc3, 0x6a, 0xd8, 0x3d, 0xf4, 0xb6,
  0xfe, 0xef, 0xfe, 0xef, 0x68, 0x76, 0x31, 0x29, 0xde, 0xbc, 0xd1, 0xb9,
  0x11, 0xaf, 0x0e, 0x60, 0x7d, 0x74, 0x75, 0x2a, 0x51, 0x01, 0xf4, 0xa1,
  0x05, 0xfc, 0x6e, 0xb3, 0xc1, 0x8f, 0xb3, 0x25, 0xfd, 0xb2, 0x4e, 0x3f,
  0x89, 0x86, 0xab, 0x65, 0x60, 0xdb, 0xec, 0x92, 0xca, 0x37, 0x41, 0x8c,
  0x47, 0xa7, 0xc2, 0xa7, 0xb3, 0x68, 0x62, 0x6f, 0x66, 0x46, 0x72, 0x40,
  0xfe, 0x74, 0x01, 0x19, 0xfe, 0xc1, 0x2a, 0x2b, 0x54, 0xaf, 0x88, 0x42,
  0x58, 0x01, 0xd4, 0x2d, 0x8d, 0x00, 0x00, 0x01, 0x00, 0x50, 0xff, 0x15,
  0x04, 0x6d, 0x05, 0xa0, 0x00, 0x14, 0x00, 0x23, 0x40, 0x20, 0x02, 0x01,
  0x00, 0x02, 0x01, 0x4c, 0x03, 0x01, 0x00, 0x02, 0x00, 0x86, 0x04, 0x01,
  0x02, 0x02, 0x01, 0x5f, 0x00, 0x01, 0x01, 0x1e, 0x02, 0x4e, 0x11, 0x11,
  0x11, 0x2b, 0x10, 0x05, 0x08, 0x1b, 0x2b, 0x05, 0x23, 0x11, 0x26, 0x27,
  0x26, 0x26, 0x35, 0x34, 0x36, 0x37, 0x36, 0x36, 0x33, 0x21, 0x15, 0x23,
  0x11, 0x23, 0x11, 0x21, 0x02, 0x38, 0x8c, 0x9c, 0x60, 0x2e, 0x32, 0x39,
  0x33, 0x33, 0x8e, 0x56, 0x02, 0x9a, 0xa2, 0x8c, 0xfe, 0xf9, 0xeb, 0x03,
  0xec, 0x0c, 0x5b, 0x2c, 0x74, 0x47, 0x4c, 0x7c, 0x2c, 0x2c, 0x31, 0x8c,
  0xfa, 0x01, 0x05, 0xff, 0x00, 0x02, 0x00, 0x78, 0xff, 0xe2, 0x03, 0xe4,
  0x05, 0xbf, 0x00, 0x31, 0x00, 0x45, 0x02, 0x00, 0x40, 0x09, 0x43, 0x39,
  0x1c, 0x03, 0x04, 0x04, 0x01, 0x01, 0x4c, 0x4b, 0xb0, 0x0f, 0x50, 0x58,
  0x40, 0x24, 0x00, 0x01, 0x02, 0x04, 0x02, 0x01, 0x04, 0x80, 0x00, 0x04,
  0x05, 0x02, 0x04, 0x05, 0x7e, 0x00, 0x02, 0x02, 0x00, 0x61, 0x00, 0x00,
  0x00, 0x24, 0x4d, 0x00, 0x05, 0x05, 0x03, 0x61, 0x00, 0x03, 0x03, 0x25,
  0x03, 0x4e, 0x1b, 0x4b, 0xb0, 0x11, 0x50, 0x58, 0x40, 0x24, 0x00, 0x01,
  0x02, 0x04, 0x02, 0x01, 0x04, 0x80, 0x00, 0x04, 0x05, 0x02, 0x04, 0x05,
  0x7e, 0x00, 0x02, 0x02, 0x00, 0x61, 0x00, 0x00, 0x00, 0x24, 0x4d, 0x00,
  0x05, 0x05, 0x03, 0x61, 0x00, 0x03, 0x03, 0x28, 0x03, 0x4e, 0x1b, 0x4b,
  0xb0, 0x13, 0x50, 0x58, 0x40, 0x24, 0x00, 0x01, 0x02, 0x04, 0x02, 0x01,
  0x04, 0x80, 0x00, 0x04, 0x05, 0x02, 0x04, 0x05, 0x7e, 0x00, 0x02, 0x02,
  0x00, 0x61, 0x00, 0x00, 0x00, 0x24, 0x4d, 0x00, 0x05, 0x05, 0x03, 0x61,
  0x00, 0x03, 0x03, 0x25, 0x03, 0x4e, 0x1b, 0x4b, 0xb0, 0x15, 0x50, 0x58,
  0x40, 0x24, 0x00, 0x01, 0x02, 0x04, 0x02, 0x01, 0x04, 0x80, 0x00, 0x04,
  0x05, 0x02, 0x04, 0x05, 0x7e, 0x00, 0x02, 0x02, 0x00, 0x61, 0x00, 0x00,
  0x00, 0x24, 0x4d, 0x00, 0x05, 0x05, 0x03, 0x61, 0x00, 0x03, 0x03, 0x28,
  0x03, 0x4e, 0x1b, 0x4b, 0xb0, 0x17, 0x50, 0x58, 0x40, 0x24, 0x00, 0x01,
  0x02, 0x04, 0x02, 0x01, 0x04, 0x80, 0x00, 0x04, 0x05, 0x02, 0x04, 0x05,
  0x7e, 0x00, 0x02, 0x02, 0x00, 0x61, 0x00, 0x00, 0x00, 0x24, 0x4d, 0x00,
  0x05, 0x05, 0x03, 0x61, 0x00, 0x03, 0x03, 0x25, 0x03, 0x4e, 0x1b, 0x4b,
  0xb0, 0x19, 0x50, 0x58, 0x40, 0x24, 0x00, 0x01, 0x02, 0x04, 0x02, 0x01,
  0x04, 0x80, 0x00, 0x04, 0x05, 0x02, 0x04, 0x05, 0x7e, 0x00, 0x02, 0x02,
  0x00, 0x61, 0x00, 0x00, 0x00, 0x24, 0x4d, 0x00, 0x05, 0x05, 0x03, 0x61,
  0x00, 0x03, 0x03, 0x28, 0x03, 0x4e, 0x1b, 0x4b, 0xb0, 0x1b, 0x50, 0x58,
  0x40, 0x24, 0x00, 0x01, 0x02, 0x04, 0x02, 0x01, 0x04, 0x80, 0x00, 0x04,
  0x05, 0x02, 0x04, 0x05, 0x7e, 0x00, 0x02, 0x02, 0x00, 0x61, 0x00, 0x00,
  0x00, 0x24, 0x4d, 0x00, 0x05, 0x05, 0x03, 0x61, 0x00, 0x03, 0x03, 0x25,
  0x03, 0x4e, 0x1b, 0x4b, 0xb0, 0x1e, 0x50, 0x58, 0x40, 0x24, 0x00, 0x01,
  0x02, 0x04, 0x02, 0x01, 0x04, 0x80, 0x00, 0x04, 0x05, 0x02, 0x04, 0x05,
  0x7e, 0x00, 0x02, 0x02, 0x00, 0x61, 0x00, 0x00, 0x00, 0x24, 0x4d, 0x00,
  0x05, 0x05, 0x03, 0x61, 0x00, 0x03, 0x03, 0x28, 0x03, 0x4e, 0x1b, 0x4b,
  0xb0, 0x1f, 0x50, 0x58, 0x40, 0x24, 0x00, 0x01, 0x02, 0x04, 0x02, 0x01,
  0x04, 0x80, 0x00, 0x04, 0x05, 0x02, 0x04, 0x05, 0x7e, 0x00, 0x02, 0x02,
  0x00, 0x61, 0x00, 0x00, 0x00, 0x24, 0x4d, 0x00, 0x05, 0x05, 0x03, 0x61,
  0x00, 0x03, 0x03, 0x25, 0x03, 0x4e, 0x1b, 0x4b, 0xb0, 0x2d, 0x50, 0x58,
  0x40, 0x24, 0x00, 0x01, 0x02, 0x04, 0x02, 0x01, 0x04, 0x80, 0x00, 0x04,
  0x05, 0x02, 0x04, 0x05, 0x7e, 0x00, 0x02, 0x02, 0x00, 0x61, 0x00, 0x00,
  0x00, 0x24, 0x4d, 0x00, 0x05, 0x05, 0x03, 0x61, 0x00, 0x03, 0x03, 0x28,
  0x03, 0x4e, 0x1b, 0x40, 0x22, 0x00, 0x01, 0x02, 0x04, 0x02, 0x01, 0x04,
  0x80, 0x00, 0x04, 0x05, 0x02, 0x04, 0x05, 0x7e, 0x00, 0x00, 0x00, 0x02,
  0x01, 0x00, 0x02, 0x69, 0x00, 0x05, 0x05, 0x03, 0x61, 0x00, 0x03, 0x03,
  0x28, 0x03, 0x4e, 0x59, 0x59, 0x59, 0x59, 0x59, 0x59, 0x59, 0x59, 0x59,
  0x59, 0x40, 0x0c, 0x29, 0x27, 0x25, 0x24, 0x22, 0x20, 0x22, 0x12, 0x27,
  0x06, 0x08, 0x19, 0x2b, 0x13, 0x34, 0x36, 0x37, 0x26, 0x35, 0x34, 0x36,
  0x33, 0x32, 0x16, 0x15, 0x23, 0x34, 0x26, 0x23, 0x22, 0x06, 0x15, 0x14,
  0x16, 0x17, 0x17, 0x16, 0x16, 0x15, 0x14, 0x06, 0x07, 0x16, 0x15, 0x14,
  0x06, 0x23, 0x22, 0x26, 0x35, 0x33, 0x14, 0x16, 0x33, 0x32, 0x36, 0x35,
  0x34, 0x26, 0x27, 0x27, 0x26, 0x26, 0x37, 0x14, 0x16, 0x17, 0x17, 0x16,
  0x16, 0x17, 0x36, 0x36, 0x35, 0x34, 0x26, 0x27, 0x27, 0x26, 0x26, 0x27,
  0x06, 0x06, 0x78, 0x48, 0x4c, 0x58, 0xbf, 0xc1, 0xc2, 0xae, 0x92, 0x64,
  0x7a, 0x7c, 0x6f, 0x52, 0x5c, 0xa6, 0xb0, 0x97, 0x48, 0x4c, 0x58, 0xbe,
  0xc2, 0xc2, 0xae, 0x92, 0x65, 0x79, 0x7d, 0x6e, 0x52, 0x5c, 0xa6, 0xb0,
  0x97, 0x8e, 0x5b, 0x63, 0xa6, 0x23, 0x3e, 0x1b, 0x3e, 0x32, 0x5b, 0x63,
  0xa6, 0x23, 0x3e, 0x1b, 0x3e, 0x32, 0x02, 0xe7, 0x56, 0x77, 0x1c, 0x44,
  0x88, 0x89, 0x9a, 0x8a, 0x9f, 0x5f, 0x52, 0x50, 0x59, 0x45, 0x4a, 0x0f,
  0x1b, 0x1c, 0x8a, 0x85, 0x55, 0x78, 0x1c, 0x44, 0x88, 0x88, 0x9b, 0x8a,
  0x9f, 0x5f, 0x52, 0x50, 0x59, 0x45, 0x4a, 0x0f, 0x1b, 0x1d, 0x89, 0x87,
  0x46, 0x53, 0x10, 0x1b, 0x06, 0x0e, 0x09, 0x1b, 0x52, 0x43, 0x47, 0x52,
  0x10, 0x1b, 0x06, 0x0e, 0x09, 0x1b, 0x52, 0x00, 0x00, 0x03, 0x00, 0x69,
  0xff, 0xd5, 0x06, 0x66, 0x05, 0xb9, 0x00, 0x0f, 0x00, 0x1f, 0x00, 0x3a,
  0x00, 0x50, 0xb1, 0x06, 0x64, 0x44, 0x40, 0x45, 0x00, 0x07, 0x08, 0x04,
  0x08, 0x07, 0x04, 0x80, 0x00, 0x04, 0x09, 0x08, 0x04, 0x09, 0x7e, 0x00,
  0x01, 0x00, 0x02, 0x06, 0x01, 0x02, 0x69, 0x00, 0x06, 0x00, 0x08, 0x07,
  0x06, 0x08, 0x69, 0x00, 0x09, 0x00, 0x05, 0x03, 0x09, 0x05, 0x69, 0x00,
  0x03, 0x00, 0x00, 0x03, 0x59, 0x00, 0x03, 0x03, 0x00, 0x61, 0x00, 0x00,
  0x03, 0x00, 0x51, 0x39, 0x37, 0x22, 0x12, 0x24, 0x22, 0x13, 0x26, 0x26,
  0x26, 0x23, 0x0a, 0x08, 0x1f, 0x2b, 0xb1, 0x06, 0x00, 0x44, 0x01, 0x14,
  0x02, 0x04, 0x23, 0x22, 0x24, 0x02, 0x35, 0x34, 0x12, 0x24, 0x33, 0x32,
  0x04, 0x12, 0x07, 0x34, 0x02, 0x24, 0x23, 0x22, 0x04, 0x02, 0x15, 0x14,
  0x12, 0x04, 0x33, 0x32, 0x24, 0x12, 0x25, 0x33, 0x06, 0x06, 0x23, 0x22,
  0x26, 0x35, 0x34, 0x36, 0x33, 0x32, 0x16, 0x17, 0x23, 0x26, 0x26, 0x23,
  0x22, 0x06, 0x15, 0x14, 0x16, 0x16, 0x33, 0x32, 0x36, 0x06, 0x66, 0xc0,
  0xfe, 0xa5, 0xe7, 0xe5, 0xfe, 0xa9, 0xbf, 0xbf, 0x01, 0x57, 0xe5, 0xe7,
  0x01, 0x5b, 0xc0, 0x5b, 0xa2, 0xfe, 0xd2, 0xd2, 0xcb, 0xfe, 0xd0, 0xa9,
  0xa9, 0x01, 0x30, 0xcb, 0xcb, 0x01, 0x2f, 0xa8, 0xfe, 0x59, 0x9d, 0x01,
  0xb1, 0xc5, 0xed, 0xd1, 0xd2, 0xed, 0xb7, 0xbc, 0x03, 0x9d, 0x08, 0x6a,
  0x6b, 0xa0, 0x7e, 0x38, 0x81, 0x6d, 0x6e, 0x65, 0x02, 0xca, 0xe3, 0xfe,
  0xab, 0xbd, 0xbc, 0x01, 0x52, 0xe2, 0xe3, 0x01, 0x54, 0xbd, 0xbc, 0xfe,
  0xaf, 0xe5, 0xcb, 0x01, 0x31, 0xaa, 0xaa, 0xfe, 0xcf, 0xcb, 0xcb, 0xfe,
  0xd0, 0xa9, 0xa9, 0x01, 0x30, 0x2c, 0x9f, 0x96, 0xdc, 0xfc, 0xfc, 0xd6,
  0x9f, 0x96, 0x64, 0x54, 0x96, 0xc1, 0x82, 0x97, 0x40, 0x53, 0x00, 0x04,
  0x00, 0x69, 0xff, 0xd5, 0x06, 0x66, 0x05, 0xb9, 0x00, 0x0f, 0x00, 0x1f,
  0x00, 0x33, 0x00, 0x3c, 0x00, 0x57, 0xb1, 0x06, 0x64, 0x44, 0x40, 0x4c,
  0x28, 0x01, 0x06, 0x08, 0x01, 0x4c, 0x0a, 0x07, 0x02, 0x05, 0x06, 0x03,
  0x06, 0x05, 0x03, 0x80, 0x00, 0x01, 0x00, 0x02, 0x04, 0x01, 0x02, 0x69,
  0x00, 0x04, 0x00, 0x09, 0x08, 0x04, 0x09, 0x67, 0x00, 0x08, 0x00, 0x06,
  0x05, 0x08, 0x06, 0x69, 0x00, 0x03, 0x00, 0x00, 0x03, 0x59, 0x00, 0x03,
  0x03, 0x00, 0x61, 0x00, 0x00, 0x03, 0x00, 0x51, 0x20, 0x20, 0x3c, 0x3a,
  0x36, 0x34, 0x20, 0x33, 0x20, 0x33, 0x23, 0x19, 0x24, 0x26, 0x26, 0x26,
  0x23, 0x0b, 0x08, 0x1d, 0x2b, 0xb1, 0x06, 0x00, 0x44, 0x01, 0x14, 0x02,
  0x04, 0x23, 0x22, 0x24, 0x02, 0x35, 0x34, 0x12, 0x24, 0x33, 0x32, 0x04,
  0x12, 0x07, 0x34, 0x02, 0x24, 0x23, 0x22, 0x04, 0x02, 0x15, 0x14, 0x12,
  0x04, 0x33, 0x32, 0x24, 0x12, 0x05, 0x11, 0x21, 0x32, 0x16, 0x15, 0x14,
  0x06, 0x07, 0x16, 0x16, 0x17, 0x13, 0x23, 0x27, 0x26, 0x26, 0x23, 0x23,
  0x11, 0x11, 0x33, 0x32, 0x36, 0x35, 0x34, 0x26, 0x23, 0x23, 0x06, 0x66,
  0xc0, 0xfe, 0xa5, 0xe7, 0xe5, 0xfe, 0xa9, 0xbf, 0xbf, 0x01, 0x57, 0xe5,
  0xe7, 0x01, 0x5b, 0xc0, 0x5b, 0xa2, 0xfe, 0xd2, 0xd2, 0xcb, 0xfe, 0xd0,
  0xa9, 0xa9, 0x01, 0x30, 0xcb, 0xcb, 0x01, 0x2f, 0xa8, 0xfc, 0x27, 0x01,
  0x3b, 0xb6, 0x90, 0x49, 0x48, 0x35, 0x2d, 0x11, 0x3e, 0xa1, 0x32, 0x11,
  0x3e, 0x56, 0x8a, 0xa1, 0x55, 0x4f, 0x3e, 0x61, 0xa6, 0x02, 0xca, 0xe3,
  0xfe, 0xab, 0xbd, 0xbc, 0x01, 0x52, 0xe2, 0xe3, 0x01, 0x54, 0xbd, 0xbc,
  0xfe, 0xaf, 0xe5, 0xcb, 0x01, 0x31, 0xaa, 0xaa, 0xfe, 0xcf, 0xcb, 0xcb,
  0xfe, 0xd0, 0xa9, 0xa9, 0x01, 0x30, 0xe2, 0x03, 0x64, 0x72, 0x85, 0x4b,
  0x65, 0x0d, 0x0d, 0x46, 0x4a, 0xfe, 0xed, 0xe7, 0x51, 0x32, 0xfe, 0x96,
  0x01, 0xf0, 0x35, 0x42, 0x46, 0x31, 0x00, 0x02, 0x00, 0x64, 0x03, 0x16,
  0x05, 0x47, 0x05, 0x7d, 0x00, 0x07, 0x00, 0x16, 0x00, 0x51, 0x40, 0x4e,
  0x0b, 0x01, 0x07, 0x01, 0x01, 0x4c, 0x10, 0x01, 0x08, 0x01, 0x4b, 0x00,
  0x07, 0x01, 0x02, 0x01, 0x07, 0x02, 0x80, 0x0b, 0x09, 0x06, 0x03, 0x02,
  0x02, 0x84, 0x05, 0x04, 0x02, 0x00, 0x00, 0x08, 0x01, 0x00, 0x08, 0x67,
  0x05, 0x04, 0x02, 0x00, 0x00, 0x01, 0x5f, 0x0a, 0x03, 0x02, 0x01, 0x00,
  0x01, 0x4f, 0x08, 0x08, 0x00, 0x00, 0x08, 0x16, 0x08, 0x16, 0x15, 0x14,
  0x13, 0x12, 0x0f, 0x0e, 0x0d, 0x0c, 0x0a, 0x09, 0x00, 0x07, 0x00, 0x07,
  0x11, 0x11, 0x11, 0x0c, 0x06, 0x19, 0x2b, 0x13, 0x35, 0x21, 0x15, 0x23,
  0x11, 0x23, 0x11, 0x01, 0x11, 0x33, 0x13, 0x13, 0x33, 0x11, 0x23, 0x11,
  0x23, 0x03, 0x23, 0x03, 0x23, 0x11, 0x64, 0x01, 0xf1, 0xbb, 0x7b, 0x01,
  0x6e, 0xdc, 0x80, 0x81, 0xdd, 0x74, 0x13, 0x92, 0x8a, 0x90, 0x14, 0x05,
  0x0b, 0x72, 0x72, 0xfe, 0x0b, 0x01, 0xf5, 0xfe, 0x0c, 0x02, 0x66, 0xfe,
  0x67, 0x01, 0x99, 0xfd, 0x9a, 0x02, 0x07, 0xfe, 0x39, 0x01, 0xc7, 0xfd,
  0xf9, 0x00, 0x00, 0x02, 0x00, 0x50, 0x02, 0xde, 0x03, 0x4a, 0x05, 0xbf,
  0x00, 0x0f, 0x00, 0x1b, 0x00, 0x38, 0xb1, 0x06, 0x64, 0x44, 0x40, 0x2d,
  0x00, 0x01, 0x05, 0x01, 0x02, 0x03, 0x01, 0x02, 0x69, 0x00, 0x03, 0x00,
  0x00, 0x03, 0x59, 0x00, 0x03, 0x03, 0x00, 0x61, 0x04, 0x01, 0x00, 0x03,
  0x00, 0x51, 0x11, 0x10, 0x01, 0x00, 0x17, 0x15, 0x10, 0x1b, 0x11, 0x1b,
  0x09, 0x07, 0x00, 0x0f, 0x01, 0x0f, 0x06, 0x08, 0x16, 0x2b, 0xb1, 0x06,
  0x00, 0x44, 0x01, 0x22, 0x26, 0x26, 0x35, 0x34, 0x36, 0x36, 0x33, 0x32,
  0x16, 0x16, 0x15, 0x14, 0x06, 0x06, 0x03, 0x22, 0x06, 0x15, 0x14, 0x16,
  0x33, 0x32, 0x36, 0x35, 0x34, 0x26, 0x01, 0xcf, 0x70, 0xad, 0x62, 0x62,
  0xad, 0x70, 0x71, 0xaa, 0x60, 0x60, 0xaa, 0x71, 0x68, 0x78, 0x78, 0x68,
  0x68, 0x74, 0x74, 0x02, 0xde, 0x5d, 0xa7, 0x6d, 0x6e, 0xa5, 0x5d, 0x5d,
  0xa5, 0x6e, 0x6d, 0xa7, 0x5d, 0x02, 0x5c, 0x8d, 0x5e, 0x5e, 0x8e, 0x8e,
  0x5e, 0x5e, 0x8d, 0x00, 0x00, 0x01, 0x00, 0x8c, 0x03, 0xa0, 0x01, 0x46,
  0x05, 0xb4, 0x00, 0x0f, 0x00, 0x1a, 0x40, 0x17, 0x02, 0x01, 0x00, 0x00,
  0x01, 0x61, 0x00, 0x01, 0x01, 0x24, 0x00, 0x4e, 0x01, 0x00, 0x09, 0x07,
  0x00, 0x0f, 0x01, 0x0f, 0x03, 0x08, 0x16, 0x2b, 0x13, 0x22, 0x2e, 0x02,
  0x35, 0x34, 0x36, 0x33, 0x32, 0x16, 0x15, 0x14, 0x0e, 0x02, 0xe9, 0x15,
  0x22, 0x19, 0x0d, 0x2c, 0x31, 0x31, 0x2c, 0x0d, 0x19, 0x22, 0x03, 0xa0,
  0x64, 0x8e, 0x85, 0x21, 0x42, 0x3a, 0x3a, 0x42, 0x21, 0x85, 0x8e, 0x64,
  0x00, 0x02, 0x00, 0x8c, 0x03, 0xa0, 0x02, 0x72, 0x05, 0xb4, 0x00, 0x0f,
  0x00, 0x1f, 0x00, 0x25, 0x40, 0x22, 0x05, 0x02, 0x04, 0x03, 0x00, 0x00,
  0x01, 0x61, 0x03, 0x01, 0x01, 0x01, 0x24, 0x00, 0x4e, 0x11, 0x10, 0x01,
  0x00, 0x19, 0x17, 0x10, 0x1f, 0x11, 0x1f, 0x09, 0x07, 0x00, 0x0f, 0x01,
  0x0f, 0x06, 0x08, 0x16, 0x2b, 0x01, 0x22, 0x2e, 0x02, 0x35, 0x34, 0x36,
  0x33, 0x32, 0x16, 0x15, 0x14, 0x0e, 0x02, 0x21, 0x22, 0x2e, 0x02, 0x35,
  0x34, 0x36, 0x33, 0x32, 0x16, 0x15, 0x14, 0x0e, 0x02, 0x02, 0x15, 0x15,
  0x22, 0x19, 0x0d, 0x2c, 0x31, 0x31, 0x2c, 0x0d, 0x19, 0x22, 0xfe, 0xbf,
  0x15, 0x22, 0x19, 0x0d, 0x2c, 0x31, 0x31, 0x2c, 0x0d, 0x19, 0x22, 0x03,
  0xa0, 0x64, 0x8e, 0x85, 0x21, 0x42, 0x3a, 0x3a, 0x42, 0x21, 0x85, 0x8e,
  0x64, 0x64, 0x8e, 0x85, 0x21, 0x42, 0x3a, 0x3a, 0x42, 0x21, 0x85, 0x8e,
  0x64, 0x00, 0x00, 0x01, 0x00, 0xb4, 0xfe, 0xd3, 0x01, 0x58, 0x06, 0x00,
  0x00, 0x03, 0x00, 0x17, 0x40, 0x14, 0x00, 0x00, 0x01, 0x00, 0x85, 0x02,
  0x01, 0x01, 0x01, 0x76, 0x00, 0x00, 0x00, 0x03, 0x00, 0x03, 0x11, 0x03,
  0x08, 0x17, 0x2b, 0x13, 0x11, 0x33, 0x11, 0xb4, 0xa4, 0xfe, 0xd3, 0x07,
  0x2d, 0xf8, 0xd3, 0x00, 0x00, 0x02, 0x00, 0xb4, 0xfe, 0xd3, 0x01, 0x58,
  0x06, 0x00, 0x00, 0x03, 0x00, 0x07, 0x00, 0x22, 0x40, 0x1f, 0x00, 0x01,
  0x00, 0x00, 0x03, 0x01, 0x00, 0x67, 0x00, 0x03, 0x02, 0x02, 0x03, 0x57,
  0x00, 0x03, 0x03, 0x02, 0x5f, 0x00, 0x02, 0x03, 0x02, 0x4f, 0x11, 0x11,
  0x11, 0x10, 0x04, 0x08, 0x1a, 0x2b, 0x01, 0x23, 0x11, 0x33, 0x11, 0x23,
  0x11, 0x33, 0x01, 0x58, 0xa4, 0xa4, 0xa4, 0xa4, 0x03, 0x0e, 0x02, 0xf2,
  0xf8, 0xd3, 0x02, 0xf0, 0x00, 0x01, 0x00, 0x64, 0xff, 0x25, 0x03, 0x55,
  0x05, 0xa1, 0x00, 0x0b, 0x00, 0x29, 0x40, 0x26, 0x00, 0x03, 0x02, 0x03,
  0x86, 0x00, 0x00, 0x00, 0x1e, 0x4d, 0x04, 0x01, 0x02, 0x02, 0x01, 0x5f,
  0x06, 0x05, 0x02, 0x01, 0x01, 0x21, 0x02, 0x4e, 0x00, 0x00, 0x00, 0x0b,
  0x00, 0x0b, 0x11, 0x11, 0x11, 0x11, 0x11, 0x07, 0x08, 0x1b, 0x2b, 0x01,
  0x03, 0x33, 0x03, 0x25, 0x15, 0x25, 0x13, 0x23, 0x13, 0x05, 0x35, 0x01,
  0x9d, 0x14, 0xa7, 0x14, 0x01, 0x39, 0xfe, 0xc7, 0x14, 0xa7, 0x14, 0xfe,
  0xc7, 0x03, 0xf3, 0x01, 0xae, 0xfe, 0x52, 0x0a, 0x90, 0x0a, 0xfb, 0xae,
  0x04, 0x52, 0x0a, 0x90, 0x00, 0x01, 0x00, 0x64, 0xff, 0x25, 0x03, 0x54,
  0x05, 0xa1, 0x00, 0x13, 0x00, 0x37, 0x40, 0x34, 0x00, 0x05, 0x04, 0x05,
  0x86, 0x07, 0x01, 0x03, 0x06, 0x01, 0x04, 0x05, 0x03, 0x04, 0x67, 0x00,
  0x00, 0x00, 0x1e, 0x4d, 0x08, 0x01, 0x02, 0x02, 0x01, 0x5f, 0x0a, 0x09,
  0x02, 0x01, 0x01, 0x21, 0x02, 0x4e, 0x00, 0x00, 0x00, 0x13, 0x00, 0x13,
  0x11, 0x11, 0x11, 0x11, 0x11, 0x11, 0x11, 0x11, 0x11, 0x0b, 0x08, 0x1f,
  0x2b, 0x01, 0x03, 0x33, 0x03, 0x25, 0x15, 0x25, 0x11, 0x25, 0x15, 0x25,
  0x13, 0x23, 0x13, 0x05, 0x35, 0x05, 0x11, 0x05, 0x35, 0x01, 0x9d, 0x14,
  0xa6, 0x14, 0x01, 0x39, 0xfe, 0xc7, 0x01, 0x39, 0xfe, 0xc7, 0x14, 0xa6,
  0x14, 0xfe, 0xc7, 0x01, 0x39, 0xfe, 0xc7, 0x03, 0xf3, 0x01, 0xae, 0xfe,
  0x52, 0x0a, 0x91, 0x0a, 0xfd, 0xd8, 0x0a, 0x8f, 0x0a, 0xfe, 0x52, 0x01,
  0xae, 0x0a, 0x8f, 0x0a, 0x02, 0x28, 0x0a, 0x91, 0x00, 0x04, 0x00, 0xdc,
  0x00, 0x00, 0x09, 0x7e, 0x05, 0xce, 0x00, 0x0b, 0x00, 0x17, 0x00, 0x25,
  0x00, 0x29, 0x00, 0xdd, 0x4b, 0xb0, 0x1b, 0x50, 0x58, 0x40, 0x35, 0x0e,
  0x01, 0x08, 0x0c, 0x01, 0x00, 0x0a, 0x08, 0x00, 0x69, 0x00, 0x0a, 0x0f,
  0x01, 0x0b, 0x03, 0x0a, 0x0b, 0x67, 0x00, 0x09, 0x09, 0x01, 0x61, 0x00,
  0x01, 0x01, 0x24, 0x4d, 0x00, 0x06, 0x06, 0x02, 0x5f, 0x04, 0x01, 0x02,
  0x02, 0x1e, 0x4d, 0x00, 0x03, 0x03, 0x05, 0x5f, 0x0d, 0x07, 0x02, 0x05,
  0x05, 0x1f, 0x05, 0x4e, 0x1b, 0x4b, 0xb0, 0x29, 0x50, 0x58, 0x40, 0x33,
  0x00, 0x01, 0x00, 0x09, 0x06, 0x01, 0x09, 0x69, 0x0e, 0x01, 0x08, 0x0c,
  0x01, 0x00, 0x0a, 0x08, 0x00, 0x69, 0x00, 0x0a, 0x0f, 0x01, 0x0b, 0x03,
  0x0a, 0x0b, 0x67, 0x00, 0x06, 0x06, 0x02, 0x5f, 0x04, 0x01, 0x02, 0x02,
  0x1e, 0x4d, 0x00, 0x03, 0x03, 0x05, 0x5f, 0x0d, 0x07, 0x02, 0x05, 0x05,
  0x1f, 0x05, 0x4e, 0x1b, 0x40, 0x33, 0x00, 0x01, 0x00, 0x09, 0x06, 0x01,
  0x09, 0x69, 0x0e, 0x01, 0x08, 0x0c, 0x01, 0x00, 0x0a, 0x08, 0x00, 0x69,
  0x00, 0x0a, 0x0f, 0x01, 0x0b, 0x03, 0x0a, 0x0b, 0x67, 0x00, 0x06, 0x06,
  0x02, 0x5f, 0x04, 0x01, 0x02, 0x02, 0x1e, 0x4d, 0x00, 0x03, 0x03, 0x05,
  0x5f, 0x0d, 0x07, 0x02, 0x05, 0x05, 0x22, 0x05, 0x4e, 0x59, 0x59, 0x40,
  0x2b, 0x26, 0x26, 0x19, 0x18, 0x0c, 0x0c, 0x01, 0x00, 0x26, 0x29, 0x26,
  0x29, 0x28, 0x27, 0x20, 0x1e, 0x18, 0x25, 0x19, 0x25, 0x0c, 0x17, 0x0c,
  0x17, 0x16, 0x15, 0x14, 0x13, 0x12, 0x11, 0x10, 0x0f, 0x0e, 0x0d, 0x07,
  0x05, 0x00, 0x0b, 0x01, 0x0b, 0x10, 0x08, 0x16, 0x2b, 0x01, 0x22, 0x26,
  0x35, 0x34, 0x36, 0x33, 0x32, 0x16, 0x15, 0x14, 0x06, 0x01, 0x11, 0x21,
  0x01, 0x33, 0x11, 0x33, 0x11, 0x21, 0x01, 0x23, 0x11, 0x01, 0x32, 0x36,
  0x36, 0x35, 0x34, 0x26, 0x23, 0x22, 0x06, 0x15, 0x14, 0x16, 0x16, 0x03,
  0x35, 0x21, 0x15, 0x08, 0x1e, 0xb9, 0xa3, 0xa2, 0xba, 0xbc, 0xa4, 0xa3,
  0xf8, 0x01, 0x01, 0x11, 0x03, 0x0d, 0x20, 0x9c, 0xfe, 0xf9, 0xfc, 0xe9,
  0x20, 0x06, 0xaa, 0x55, 0x54, 0x1c, 0x4c, 0x7d, 0x7c, 0x4a, 0x1f, 0x57,
  0xc8, 0x02, 0x34, 0x02, 0xb9, 0xb9, 0xd2, 0xd2, 0xb8, 0xb7, 0xd1, 0xd5,
  0xb8, 0xfd, 0x47, 0x05, 0xa1, 0xfb, 0x0c, 0x04, 0xf4, 0xfa, 0x5f, 0x05,
  0x05, 0xfa, 0xfb, 0x03, 0x36, 0x34, 0x76, 0x63, 0x8f, 0x7f, 0x84, 0x8c,
  0x64, 0x75, 0x32, 0xfe, 0x14, 0x7c, 0x7c, 0x00, 0x00, 0x02, 0x00, 0x7d,
  0xff, 0x24, 0x05, 0x3f, 0x06, 0x91, 0x00, 0x1a, 0x00, 0x21, 0x00, 0x88,
  0x40, 0x0e, 0x0d, 0x01, 0x05, 0x04, 0x1f, 0x01, 0x07, 0x05, 0x18, 0x01,
  0x01, 0x08, 0x03, 0x4c, 0x4b, 0xb0, 0x29, 0x50, 0x58, 0x40, 0x2f, 0x00,
  0x04, 0x05, 0x04, 0x85, 0x00, 0x06, 0x07, 0x00, 0x07, 0x06, 0x00, 0x80,
  0x00, 0x00, 0x08, 0x07, 0x00, 0x08, 0x7e, 0x00, 0x02, 0x01, 0x02, 0x86,
  0x00, 0x07, 0x07, 0x05, 0x61, 0x00, 0x05, 0x05, 0x1e, 0x4d, 0x00, 0x08,
  0x08, 0x01, 0x61, 0x03, 0x01, 0x01, 0x01, 0x1f, 0x01, 0x4e, 0x1b, 0x40,
  0x2f, 0x00, 0x04, 0x05, 0x04, 0x85, 0x00, 0x06, 0x07, 0x00, 0x07, 0x06,
  0x00, 0x80, 0x00, 0x00, 0x08, 0x07, 0x00, 0x08, 0x7e, 0x00, 0x02, 0x01,
  0x02, 0x86, 0x00, 0x07, 0x07, 0x05, 0x61, 0x00, 0x05, 0x05, 0x1e, 0x4d,
  0x00, 0x08, 0x08, 0x01, 0x61, 0x03, 0x01, 0x01, 0x01, 0x22, 0x01, 0x4e,
  0x59, 0x40, 0x0c, 0x16, 0x12, 0x12, 0x11, 0x16, 0x11, 0x11, 0x12, 0x10,
  0x09, 0x08, 0x1f, 0x2b, 0x01, 0x33, 0x16, 0x04, 0x07, 0x15, 0x23, 0x35,
  0x24, 0x00, 0x11, 0x10, 0x00, 0x25, 0x35, 0x33, 0x15, 0x16, 0x04, 0x07,
  0x23, 0x34, 0x26, 0x27, 0x11, 0x36, 0x36, 0x01, 0x10, 0x12, 0x17, 0x11,
  0x06, 0x02, 0x04, 0x93, 0xa9, 0x03, 0xfe, 0xf9, 0xf7, 0x82, 0xfe, 0xd9,
  0xfe, 0xe5, 0x01, 0x1b, 0x01, 0x27, 0x82, 0xf6, 0x01, 0x08, 0x03, 0xa9,
  0xaf, 0xa3, 0xa3, 0xaf, 0xfc, 0x9e, 0xb8, 0xd6, 0xd6, 0xb8, 0x01, 0xa3,
  0xbd, 0xd8, 0x0c, 0xde, 0xde, 0x11, 0x01, 0x5d, 0x01, 0x5a, 0x01, 0x57,
  0x01, 0x66, 0x17, 0xf3, 0xf1, 0x07, 0xd9, 0xc2, 0x7d, 0x8f, 0x07, 0xfb,
  0x80, 0x0c, 0x8d, 0x01, 0xa5, 0xfe, 0xdc, 0xfe, 0xf3, 0x0e, 0x04, 0x7e,
  0x15, 0xfe, 0xf2, 0x00, 0x00, 0x02, 0x00, 0x78, 0x00, 0x00, 0x03, 0xd5,
  0x05, 0xa1, 0x00, 0x1a, 0x00, 0x21, 0x00, 0x81, 0x40, 0x12, 0x1e, 0x01,
  0x04, 0x05, 0x14, 0x01, 0x06, 0x04, 0x02, 0x4c, 0x1a, 0x01, 0x01, 0x1f,
  0x01, 0x03, 0x02, 0x4b, 0x4b, 0xb0, 0x29, 0x50, 0x58, 0x40, 0x2a, 0x00,
  0x02, 0x03, 0x05, 0x03, 0x02, 0x05, 0x80, 0x00, 0x05, 0x04, 0x03, 0x05,
  0x04, 0x7e, 0x00, 0x01, 0x00, 0x03, 0x02, 0x01, 0x03, 0x69, 0x00, 0x04,
  0x00, 0x06, 0x07, 0x04, 0x06, 0x69, 0x00, 0x00, 0x00, 0x1e, 0x4d, 0x00,
  0x07, 0x07, 0x1f, 0x07, 0x4e, 0x1b, 0x40, 0x2a, 0x00, 0x02, 0x03, 0x05,
  0x03, 0x02, 0x05, 0x80, 0x00, 0x05, 0x04, 0x03, 0x05, 0x04, 0x7e, 0x00,
  0x01, 0x00, 0x03, 0x02, 0x01, 0x03, 0x69, 0x00, 0x04, 0x00, 0x06, 0x07,
  0x04, 0x06, 0x69, 0x00, 0x00, 0x00, 0x1e, 0x4d, 0x00, 0x07, 0x07, 0x22,
  0x07, 0x4e, 0x59, 0x40, 0x0b, 0x11, 0x12, 0x12, 0x11, 0x12, 0x12, 0x11,
  0x10, 0x08, 0x08, 0x1e, 0x2b, 0x01, 0x33, 0x15, 0x16, 0x16, 0x17, 0x23,
  0x26, 0x26, 0x27, 0x11, 0x36, 0x36, 0x37, 0x33, 0x06, 0x06, 0x07, 0x15,
  0x23, 0x35, 0x26, 0x26, 0x11, 0x10, 0x36, 0x37, 0x03, 0x14, 0x16, 0x17,
  0x11, 0x06, 0x06, 0x01, 0xf5, 0x78, 0xb5, 0xb0, 0x03, 0x9d, 0x07, 0x5e,
  0x66, 0x6d, 0x5c, 0x02, 0x9d, 0x01, 0xa7, 0xc0, 0x78, 0xcd, 0xb0, 0xb0,
  0xcd, 0xe0, 0x62, 0x7e, 0x7f, 0x61, 0x05, 0xa1, 0xc3, 0x06, 0xa1, 0xa2,
  0x68, 0x60, 0x07, 0xfc, 0xda, 0x05, 0x5f, 0x6b, 0xac, 0x98, 0x06, 0xc3,
  0xc7, 0x12, 0xf5, 0x01, 0x06, 0x01, 0x03, 0xf2, 0x12, 0xfd, 0xf7, 0xc7,
  0xb5, 0x13, 0x03, 0x1d, 0x11, 0xb5, 0x00, 0x03, 0x00, 0x7d, 0xff, 0x24,
  0x04, 0xf7, 0x06, 0x91, 0x00, 0x22, 0x00, 0x28, 0x00, 0x2f, 0x00, 0xcd,
  0x40, 0x17, 0x08, 0x05, 0x02, 0x0b, 0x01, 0x2d, 0x26, 0x0d, 0x03, 0x03,
  0x0b, 0x2c, 0x0e, 0x02, 0x0a, 0x04, 0x1d, 0x1a, 0x02, 0x05, 0x0a, 0x04,
  0x4c, 0x4b, 0xb0, 0x0b, 0x50, 0x58, 0x40, 0x2f, 0x00, 0x04, 0x03, 0x0a,
  0x03, 0x04, 0x0a, 0x80, 0x08, 0x01, 0x06, 0x05, 0x05, 0x06, 0x71, 0x02,
  0x01, 0x00, 0x00, 0x03, 0x04, 0x00, 0x03, 0x67, 0x00, 0x0b, 0x0b, 0x01,
  0x61, 0x09, 0x01, 0x01, 0x01, 0x1e, 0x4d, 0x00, 0x0a, 0x0a, 0x05, 0x61,
  0x07, 0x01, 0x05, 0x05, 0x1f, 0x05, 0x4e, 0x1b, 0x4b, 0xb0, 0x29, 0x50,
  0x58, 0x40, 0x2e, 0x00, 0x04, 0x03, 0x0a, 0x03, 0x04, 0x0a, 0x80, 0x08,
  0x01, 0x06, 0x05, 0x06, 0x86, 0x02, 0x01, 0x00, 0x00, 0x03, 0x04, 0x00,
  0x03, 0x67, 0x00, 0x0b, 0x0b, 0x01, 0x61, 0x09, 0x01, 0x01, 0x01, 0x1e,
  0x4d, 0x00, 0x0a, 0x0a, 0x05, 0x61, 0x07, 0x01, 0x05, 0x05, 0x1f, 0x05,
  0x4e, 0x1b, 0x40, 0x2e, 0x00, 0x04, 0x03, 0x0a, 0x03, 0x04, 0x0a, 0x80,
  0x08, 0x01, 0x06, 0x05, 0x06, 0x86, 0x02, 0x01, 0x00, 0x00, 0x03, 0x04,
  0x00, 0x03, 0x67, 0x00, 0x0b, 0x0b, 0x01, 0x61, 0x09, 0x01, 0x01, 0x01,
  0x1e, 0x4d, 0x00, 0x0a, 0x0a, 0x05, 0x61, 0x07, 0x01, 0x05, 0x05, 0x22,
  0x05, 0x4e, 0x59, 0x59, 0x40, 0x12, 0x28, 0x27, 0x25, 0x24, 0x22, 0x21,
  0x12, 0x11, 0x11, 0x12, 0x16, 0x13, 0x13, 0x11, 0x10, 0x0c, 0x08, 0x1f,
  0x2b, 0x01, 0x33, 0x07, 0x16, 0x16, 0x17, 0x13, 0x33, 0x03, 0x16, 0x07,
  0x23, 0x34, 0x27, 0x03, 0x36, 0x36, 0x35, 0x33, 0x16, 0x06, 0x07, 0x07,
  0x23, 0x37, 0x26, 0x27, 0x07, 0x23, 0x13, 0x24, 0x11, 0x10, 0x00, 0x25,
  0x03, 0x16, 0x17, 0x13, 0x26, 0x27, 0x01, 0x14, 0x16, 0x17, 0x13, 0x06,
  0x02, 0x02, 0xdd, 0x82, 0x35, 0x2b, 0x4d, 0x23, 0x3a, 0x82, 0x44, 0xba,
  0x03, 0x9f, 0x3c, 0xd9, 0x86, 0x8f, 0x9f, 0x02, 0xf1, 0xe3, 0x31, 0x82,
  0x31, 0x52, 0x49, 0x36, 0x82, 0x40, 0xfe, 0xf0, 0x01, 0x10, 0x01, 0x1b,
  0x86, 0x44, 0x57, 0xea, 0x42, 0x58, 0xfe, 0x19, 0x41, 0x47, 0xdb, 0xbe,
  0xa5, 0x06, 0x91, 0xfb, 0x03, 0x0b, 0x0a, 0x01, 0x13, 0xfe, 0xbd, 0x69,
  0xeb, 0x69, 0x42, 0xfb, 0xf8, 0x14, 0x87, 0x6f, 0xb8, 0xd5, 0x0e, 0xe8,
  0xe8, 0x04, 0x13, 0xff, 0x01, 0x2f, 0x95, 0x01, 0xe1, 0x01, 0x57, 0x01,
  0x61, 0x14, 0xfb, 0x19, 0x15, 0x03, 0x04, 0x59, 0x16, 0x05, 0xfd, 0xc4,
  0xb2, 0xeb, 0x41, 0x04, 0x14, 0x19, 0xfe, 0xf5, 0x00, 0x02, 0x00, 0x78,
  0x00, 0xcc, 0x04, 0x62, 0x04, 0xb4, 0x00, 0x1f, 0x00, 0x2b, 0x00, 0x52,
  0x40, 0x4f, 0x1d, 0x1b, 0x05, 0x03, 0x04, 0x03, 0x00, 0x1a, 0x15, 0x0b,
  0x06, 0x04, 0x02, 0x03, 0x14, 0x12, 0x0e, 0x0c, 0x04, 0x01, 0x02, 0x03,
  0x4c, 0x1c, 0x04, 0x02, 0x00, 0x4a, 0x13, 0x0d, 0x02, 0x01, 0x49, 0x04,
  0x01, 0x00, 0x00, 0x03, 0x02, 0x00, 0x03, 0x69, 0x05, 0x01, 0x02, 0x01,
  0x01, 0x02, 0x59, 0x05, 0x01, 0x02, 0x02, 0x01, 0x61, 0x00, 0x01, 0x02,
  0x01, 0x51, 0x21, 0x20, 0x01, 0x00, 0x27, 0x25, 0x20, 0x2b, 0x21, 0x2b,
  0x11, 0x0f, 0x00, 0x1f, 0x01, 0x1f, 0x06, 0x08, 0x16, 0x2b, 0x01, 0x32,
  0x16, 0x17, 0x37, 0x17, 0x07, 0x16, 0x16, 0x15, 0x14, 0x07, 0x17, 0x07,
  0x27, 0x06, 0x23, 0x22, 0x27, 0x07, 0x27, 0x37, 0x26, 0x35, 0x34, 0x36,
  0x37, 0x27, 0x37, 0x17, 0x36, 0x36, 0x13, 0x32, 0x36, 0x35, 0x34, 0x26,
  0x23, 0x22, 0x06, 0x15, 0x14, 0x16, 0x02, 0x6d, 0x4c, 0x76, 0x2a, 0x91,
  0x6e, 0x92, 0x1d, 0x1c, 0x2d, 0x90, 0x6e, 0x82, 0x5c, 0xa9, 0xa9, 0x5c,
  0x82, 0x6e, 0x90, 0x2d, 0x1c, 0x1d, 0x92, 0x6e, 0x91, 0x2a, 0x76, 0x4c,
  0x8e, 0x71, 0x6b, 0x94, 0x95, 0x6a, 0x73, 0x04, 0x5d, 0x20, 0x1c, 0x93,
  0x6c, 0x95, 0x39, 0x83, 0x42, 0x7b, 0x67, 0x9c, 0x6b, 0x8c, 0x45, 0x45,
  0x8c, 0x6b, 0x9c, 0x67, 0x7b, 0x42, 0x83, 0x39, 0x95, 0x6c, 0x93, 0x1c,
  0x20, 0xfd, 0x33, 0x8e, 0x97, 0x98, 0x93, 0x96, 0x95, 0x99, 0x8c, 0x00,
  0x00, 0x03, 0x00, 0x96, 0xff, 0x24, 0x04, 0xa0, 0x06, 0x91, 0x00, 0x21,
  0x00, 0x28, 0x00, 0x2f, 0x00, 0x8f, 0x40, 0x11, 0x2f, 0x25, 0x16, 0x05,
  0x04, 0x00, 0x04, 0x01, 0x4c, 0x0b, 0x01, 0x03, 0x26, 0x01, 0x05, 0x02,
  0x4b, 0x4b, 0xb0, 0x29, 0x50, 0x58, 0x40, 0x30, 0x00, 0x02, 0x03, 0x02,
  0x85, 0x00, 0x04, 0x05, 0x00, 0x05, 0x04, 0x00, 0x80, 0x00, 0x00, 0x01,
  0x05, 0x00, 0x01, 0x7e, 0x00, 0x07, 0x06, 0x07, 0x86, 0x00, 0x05, 0x05,
  0x03, 0x61, 0x00, 0x03, 0x03, 0x1e, 0x4d, 0x09, 0x01, 0x01, 0x01, 0x06,
  0x61, 0x08, 0x01, 0x06, 0x06, 0x1f, 0x06, 0x4e, 0x1b, 0x40, 0x30, 0x00,
  0x02, 0x03, 0x02, 0x85, 0x00, 0x04, 0x05, 0x00, 0x05, 0x04, 0x00, 0x80,
  0x00, 0x00, 0x01, 0x05, 0x00, 0x01, 0x7e, 0x00, 0x07, 0x06, 0x07, 0x86,
  0x00, 0x05, 0x05, 0x03, 0x61, 0x00, 0x03, 0x03, 0x1e, 0x4d, 0x09, 0x01,
  0x01, 0x01, 0x06, 0x61, 0x08, 0x01, 0x06, 0x06, 0x22, 0x06, 0x4e, 0x59,
  0x40, 0x0e, 0x2a, 0x29, 0x11, 0x11, 0x16, 0x12, 0x12, 0x11, 0x18, 0x12,
  0x10, 0x0a, 0x08, 0x1f, 0x2b, 0x13, 0x33, 0x14, 0x16, 0x17, 0x11, 0x26,
  0x26, 0x35, 0x34, 0x36, 0x37, 0x35, 0x33, 0x15, 0x16, 0x16, 0x15, 0x23,
  0x34, 0x26, 0x27, 0x11, 0x16, 0x16, 0x15, 0x14, 0x06, 0x07, 0x15, 0x23,
  0x35, 0x26, 0x26, 0x13, 0x14, 0x16, 0x17, 0x11, 0x06, 0x06, 0x01, 0x36,
  0x36, 0x35, 0x34, 0x26, 0x27, 0x96, 0xa5, 0x7c, 0x9a, 0xf0, 0xc3, 0xd4,
  0xdf, 0x82, 0xe4, 0xc5, 0x9f, 0x6f, 0x9b, 0xfb, 0xd2, 0xdc, 0xf1, 0x82,
  0xe3, 0xd8, 0xb6, 0x74, 0x91, 0x89, 0x7c, 0x01, 0x87, 0x9e, 0x81, 0x7b,
  0xa4, 0x01, 0x7a, 0x76, 0x6a, 0x09, 0x02, 0x1b, 0x29, 0xb3, 0xa4, 0xa4,
  0xbe, 0x10, 0xf3, 0xf0, 0x06, 0xa2, 0xb6, 0x6e, 0x5c, 0x04, 0xfe, 0x22,
  0x2b, 0xbd, 0xb0, 0xbe, 0xcf, 0x0c, 0xde, 0xdd, 0x0a, 0xb0, 0x03, 0x76,
  0x67, 0x69, 0x19, 0x01, 0xc7, 0x0c, 0x6a, 0xfb, 0xf7, 0x08, 0x7a, 0x81,
  0x6e, 0x77, 0x1e, 0x00, 0x00, 0x03, 0x00, 0x55, 0xfe, 0xed, 0x04, 0x6e,
  0x05, 0xa1, 0x00, 0x19, 0x00, 0x29, 0x00, 0x2d, 0x00, 0xc5, 0xb6, 0x17,
  0x0a, 0x02, 0x08, 0x09, 0x01, 0x4c, 0x4b, 0xb0, 0x17, 0x50, 0x58, 0x40,
  0x2d, 0x02, 0x01, 0x00, 0x07, 0x01, 0x03, 0x06, 0x00, 0x03, 0x67, 0x00,
  0x0a, 0x00, 0x0b, 0x0a, 0x0b, 0x63, 0x00, 0x01, 0x01, 0x1e, 0x4d, 0x00,
  0x09, 0x09, 0x06, 0x61, 0x00, 0x06, 0x06, 0x27, 0x4d, 0x0c, 0x01, 0x08,
  0x08, 0x04, 0x61, 0x05, 0x01, 0x04, 0x04, 0x1f, 0x04, 0x4e, 0x1b, 0x4b,
  0xb0, 0x29, 0x50, 0x58, 0x40, 0x31, 0x02, 0x01, 0x00, 0x07, 0x01, 0x03,
  0x06, 0x00, 0x03, 0x67, 0x00, 0x0a, 0x00, 0x0b, 0x0a, 0x0b, 0x63, 0x00,
  0x01, 0x01, 0x1e, 0x4d, 0x00, 0x09, 0x09, 0x06, 0x61, 0x00, 0x06, 0x06,
  0x27, 0x4d, 0x00, 0x04, 0x04, 0x1f, 0x4d, 0x0c, 0x01, 0x08, 0x08, 0x05,
  0x61, 0x00, 0x05, 0x05, 0x28, 0x05, 0x4e, 0x1b, 0x40, 0x31, 0x02, 0x01,
  0x00, 0x07, 0x01, 0x03, 0x06, 0x00, 0x03, 0x67, 0x00, 0x0a, 0x00, 0x0b,
  0x0a, 0x0b, 0x63, 0x00, 0x01, 0x01, 0x1e, 0x4d, 0x00, 0x09, 0x09, 0x06,
  0x61, 0x00, 0x06, 0x06, 0x27, 0x4d, 0x00, 0x04, 0x04, 0x22, 0x4d, 0x0c,
  0x01, 0x08, 0x08, 0x05, 0x61, 0x00, 0x05, 0x05, 0x28, 0x05, 0x4e, 0x59,
  0x59, 0x40, 0x17, 0x1b, 0x1a, 0x2d, 0x2c, 0x2b, 0x2a, 0x23, 0x21, 0x1a,
  0x29, 0x1b, 0x29, 0x13, 0x24, 0x24, 0x11, 0x11, 0x11, 0x11, 0x10, 0x0d,
  0x08, 0x1e, 0x2b, 0x01, 0x21, 0x35, 0x33, 0x15, 0x33, 0x15, 0x23, 0x11,
  0x23, 0x27, 0x0e, 0x02, 0x23, 0x22, 0x26, 0x11, 0x10, 0x36, 0x33, 0x32,
  0x16, 0x17, 0x11, 0x21, 0x13, 0x32, 0x36, 0x36, 0x35, 0x34, 0x26, 0x26,
  0x23, 0x22, 0x06, 0x06, 0x15, 0x14, 0x16, 0x16, 0x01, 0x21, 0x15, 0x21,
  0x02, 0x00, 0x01, 0x59, 0x9a, 0x7b, 0x7b, 0x7b, 0x12, 0x18, 0x4e, 0x87,
  0x6d, 0xcd, 0xc7, 0xc7, 0xcf, 0x80, 0x99, 0x32, 0xfe, 0xa7, 0x2f, 0x71,
  0x82, 0x37, 0x31, 0x80, 0x76, 0x6c, 0x7d, 0x35, 0x34, 0x7c, 0xfe, 0x91,
  0x04, 0x04, 0xfb, 0xfc, 0x05, 0x2f, 0x72, 0x72, 0x74, 0xfb, 0x45, 0x86,
  0x25, 0x49, 0x2f, 0xf0, 0x01, 0x18, 0x01, 0x28, 0xf1, 0x3f, 0x49, 0x01,
  0x39, 0xfb, 0xab, 0x4a, 0xb0, 0x99, 0xa2, 0xaf, 0x43, 0x4c, 0xb4, 0x9e,
  0x95, 0xac, 0x48, 0xfe, 0xfb, 0x74, 0x00, 0x01, 0x00, 0x19, 0xff, 0xd9,
  0x05, 0xa3, 0x05, 0xc0, 0x00, 0x30, 0x00, 0xd6, 0x4b, 0xb0, 0x29, 0x50,
  0x58, 0x40, 0x39, 0x00, 0x02, 0x03, 0x00, 0x03, 0x02, 0x00, 0x80, 0x00,
  0x09, 0x07, 0x08, 0x07, 0x09, 0x08, 0x80, 0x04, 0x01, 0x00, 0x0d, 0x01,
  0x05, 0x06, 0x00, 0x05, 0x67, 0x0c, 0x01, 0x06, 0x0b, 0x01, 0x07, 0x09,
  0x06, 0x07, 0x67, 0x00, 0x03, 0x03, 0x01, 0x61, 0x00, 0x01, 0x01, 0x24,
  0x4d, 0x00, 0x08, 0x08, 0x0a, 0x61, 0x00, 0x0a, 0x0a, 0x25, 0x0a, 0x4e,
  0x1b, 0x4b, 0xb0, 0x2b, 0x50, 0x58, 0x40, 0x39, 0x00, 0x02, 0x03, 0x00,
  0x03, 0x02, 0x00, 0x80, 0x00, 0x09, 0x07, 0x08, 0x07, 0x09, 0x08, 0x80,
  0x04, 0x01, 0x00, 0x0d, 0x01, 0x05, 0x06, 0x00, 0x05, 0x67, 0x0c, 0x01,
  0x06, 0x0b, 0x01, 0x07, 0x09, 0x06, 0x07, 0x67, 0x00, 0x03, 0x03, 0x01,
  0x61, 0x00, 0x01, 0x01, 0x24, 0x4d, 0x00, 0x08, 0x08, 0x0a, 0x61, 0x00,
  0x0a, 0x0a, 0x28, 0x0a, 0x4e, 0x1b, 0x40, 0x37, 0x00, 0x02, 0x03, 0x00,
  0x03, 0x02, 0x00, 0x80, 0x00, 0x09, 0x07, 0x08, 0x07, 0x09, 0x08, 0x80,
  0x00, 0x01, 0x00, 0x03, 0x02, 0x01, 0x03, 0x69, 0x04, 0x01, 0x00, 0x0d,
  0x01, 0x05, 0x06, 0x00, 0x05, 0x67, 0x0c, 0x01, 0x06, 0x0b, 0x01, 0x07,
  0x09, 0x06, 0x07, 0x67, 0x00, 0x08, 0x08, 0x0a, 0x61, 0x00, 0x0a, 0x0a,
  0x28, 0x0a, 0x4e, 0x59, 0x59, 0x40, 0x16, 0x30, 0x2f, 0x2a, 0x29, 0x28,
  0x27, 0x25, 0x23, 0x21, 0x20, 0x22, 0x11, 0x16, 0x11, 0x12, 0x22, 0x12,
  0x22, 0x10, 0x0e, 0x08, 0x1f, 0x2b, 0x13, 0x33, 0x12, 0x00, 0x21, 0x20,
  0x04, 0x07, 0x23, 0x34, 0x26, 0x23, 0x22, 0x06, 0x07, 0x21, 0x15, 0x21,
  0x06, 0x06, 0x15, 0x14, 0x16, 0x17, 0x21, 0x15, 0x21, 0x16, 0x16, 0x33,
  0x32, 0x36, 0x35, 0x33, 0x16, 0x04, 0x21, 0x20, 0x00, 0x03, 0x23, 0x35,
  0x33, 0x26, 0x26, 0x35, 0x34, 0x37, 0x23, 0x19, 0xd6, 0x29, 0x01, 0x44,
  0x01, 0x22, 0x01, 0x09, 0x01, 0x1c, 0x03, 0xa9, 0xc4, 0xb5, 0xd9, 0xe3,
  0x20, 0x02, 0x37, 0xfd, 0xbe, 0x01, 0x01, 0x01, 0x01, 0x02, 0x42, 0xfd,
  0xc8, 0x1d, 0xd4, 0xcd, 0xc4, 0xd4, 0xa9, 0x03, 0xfe, 0xd8, 0xfe, 0xeb,
  0xfe, 0xe5, 0xfe, 0xc8, 0x26, 0xd4, 0xca, 0x01, 0x01, 0x03, 0xcb, 0x03,
  0x99, 0x01, 0x17, 0x01, 0x10, 0xe4, 0xd3, 0x8b, 0x96, 0xba, 0xd7, 0x74,
  0x16, 0x2d, 0x18, 0x16, 0x2b, 0x14, 0x74, 0xd7, 0xbc, 0x97, 0x8b, 0xd3,
  0xe4, 0x01, 0x0f, 0x01, 0x19, 0x74, 0x14, 0x28, 0x14, 0x32, 0x2e, 0x00,
  0x00, 0x01, 0x00, 0x19, 0x00, 0x00, 0x04, 0xa1, 0x05, 0xa1, 0x00, 0x11,
  0x00, 0x5e, 0x4b, 0xb0, 0x29, 0x50, 0x58, 0x40, 0x22, 0x00, 0x03, 0x00,
  0x04, 0x00, 0x03, 0x04, 0x67, 0x05, 0x01, 0x00, 0x08, 0x01, 0x06, 0x07,
  0x00, 0x06, 0x67, 0x00, 0x02, 0x02, 0x01, 0x5f, 0x00, 0x01, 0x01, 0x1e,
  0x4d, 0x00, 0x07, 0x07, 0x1f, 0x07, 0x4e, 0x1b, 0x40, 0x22, 0x00, 0x03,
  0x00, 0x04, 0x00, 0x03, 0x04, 0x67, 0x05, 0x01, 0x00, 0x08, 0x01, 0x06,
  0x07, 0x00, 0x06, 0x67, 0x00, 0x02, 0x02, 0x01, 0x5f, 0x00, 0x01, 0x01,
  0x1e, 0x4d, 0x00, 0x07, 0x07, 0x22, 0x07, 0x4e, 0x59, 0x40, 0x0c, 0x11,
  0x11, 0x11, 0x11, 0x11, 0x11, 0x11, 0x11, 0x10, 0x09, 0x08, 0x1f, 0x2b,
  0x13, 0x33, 0x11, 0x21, 0x15, 0x21, 0x11, 0x21, 0x15, 0x21, 0x11, 0x21,
  0x15, 0x21, 0x11, 0x23, 0x11, 0x23, 0x19, 0xc8, 0x03, 0xc0, 0xfc, 0xee,
  0x02, 0x95, 0xfd, 0x6b, 0x01, 0x90, 0xfe, 0x70, 0xae, 0xc8, 0x01, 0x86,
  0x04, 0x1b, 0x98, 0xfe, 0x32, 0x96, 0xfe, 0xe1, 0x74, 0xfe, 0xee, 0x01,
  0x12, 0x00, 0x00, 0x02, 0x00, 0x7d, 0xff, 0x24, 0x05, 0x47, 0x06, 0x91,
  0x00, 0x1f, 0x00, 0x26, 0x00, 0xe3, 0x4b, 0xb0, 0x31, 0x50, 0x58, 0x40,
  0x14, 0x07, 0x01, 0x02, 0x01, 0x24, 0x01, 0x04, 0x02, 0x23, 0x1c, 0x12,
  0x03, 0x00, 0x05, 0x1e, 0x01, 0x08, 0x00, 0x04, 0x4c, 0x1b, 0x40, 0x14,
  0x07, 0x01, 0x02, 0x01, 0x24, 0x01, 0x04, 0x02, 0x23, 0x1c, 0x12, 0x03,
  0x00, 0x05, 0x1e, 0x01, 0x07, 0x00, 0x04, 0x4c, 0x59, 0x4b, 0xb0, 0x29,
  0x50, 0x58, 0x40, 0x2c, 0x00, 0x01, 0x02, 0x01, 0x85, 0x00, 0x03, 0x04,
  0x06, 0x04, 0x03, 0x06, 0x80, 0x09, 0x01, 0x08, 0x00, 0x08, 0x86, 0x00,
  0x06, 0x00, 0x05, 0x00, 0x06, 0x05, 0x67, 0x00, 0x04, 0x04, 0x02, 0x61,
  0x00, 0x02, 0x02, 0x1e, 0x4d, 0x07, 0x01, 0x00, 0x00, 0x1f, 0x00, 0x4e,
  0x1b, 0x4b, 0xb0, 0x31, 0x50, 0x58, 0x40, 0x2c, 0x00, 0x01, 0x02, 0x01,
  0x85, 0x00, 0x03, 0x04, 0x06, 0x04, 0x03, 0x06, 0x80, 0x09, 0x01, 0x08,
  0x00, 0x08, 0x86, 0x00, 0x06, 0x00, 0x05, 0x00, 0x06, 0x05, 0x67, 0x00,
  0x04, 0x04, 0x02, 0x61, 0x00, 0x02, 0x02, 0x1e, 0x4d, 0x07, 0x01, 0x00,
  0x00, 0x22, 0x00, 0x4e, 0x1b, 0x40, 0x30, 0x00, 0x01, 0x02, 0x01, 0x85,
  0x00, 0x03, 0x04, 0x06, 0x04, 0x03, 0x06, 0x80, 0x09, 0x01, 0x08, 0x07,
  0x08, 0x86, 0x00, 0x06, 0x00, 0x05, 0x00, 0x06, 0x05, 0x67, 0x00, 0x04,
  0x04, 0x02, 0x61, 0x00, 0x02, 0x02, 0x1e, 0x4d, 0x00, 0x00, 0x00, 0x22,
  0x4d, 0x00, 0x07, 0x07, 0x22, 0x07, 0x4e, 0x59, 0x59, 0x40, 0x11, 0x00,
  0x00, 0x00, 0x1f, 0x00, 0x1f, 0x11, 0x11, 0x15, 0x12, 0x12, 0x11, 0x16,
  0x11, 0x0a, 0x08, 0x1e, 0x2b, 0x05, 0x35, 0x24, 0x00, 0x11, 0x10, 0x00,
  0x25, 0x35, 0x33, 0x15, 0x16, 0x04, 0x07, 0x23, 0x34, 0x26, 0x27, 0x11,
  0x36, 0x36, 0x35, 0x35, 0x23, 0x35, 0x21, 0x11, 0x23, 0x27, 0x06, 0x05,
  0x15, 0x01, 0x10, 0x12, 0x17, 0x11, 0x06, 0x02, 0x02, 0xbf, 0xfe, 0xd9,
  0xfe, 0xe5, 0x01, 0x1b, 0x01, 0x27, 0x82, 0xf6, 0x01, 0x08, 0x03, 0xa9,
  0xaf, 0xa3, 0xa6, 0xb2, 0xae, 0x01, 0x5c, 0x7c, 0x12, 0x70, 0xfe, 0xf8,
  0xfd, 0xf0, 0xb7, 0xd7, 0xd6, 0xb8, 0xdc, 0xde, 0x11, 0x01, 0x5d, 0x01,
  0x59, 0x01, 0x58, 0x01, 0x66, 0x17, 0xf3, 0xf1, 0x07, 0xd9, 0xc2, 0x7d,
  0x8f, 0x07, 0xfb, 0x80, 0x0e, 0xae, 0x94, 0x47, 0x98, 0xfd, 0x40, 0xdd,
  0xc8, 0x13, 0xde, 0x03, 0xab, 0xfe, 0xde, 0xfe, 0xf4, 0x11, 0x04, 0x7e,
  0x15, 0xfe, 0xf2, 0x00, 0x00, 0x01, 0x00, 0x19, 0x00, 0x00, 0x05, 0x24,
  0x05, 0xa1, 0x00, 0x21, 0x00, 0x4e, 0x4b, 0xb0, 0x29, 0x50, 0x58, 0x40,
  0x19, 0x04, 0x02, 0x02, 0x00, 0x09, 0x07, 0x02, 0x05, 0x06, 0x00, 0x05,
  0x68, 0x03, 0x01, 0x01, 0x01, 0x1e, 0x4d, 0x08, 0x01, 0x06, 0x06, 0x1f,
  0x06, 0x4e, 0x1b, 0x40, 0x19, 0x04, 0x02, 0x02, 0x00, 0x09, 0x07, 0x02,
  0x05, 0x06, 0x00, 0x05, 0x68, 0x03, 0x01, 0x01, 0x01, 0x1e, 0x4d, 0x08,
  0x01, 0x06, 0x06, 0x22, 0x06, 0x4e, 0x59, 0x40, 0x0e, 0x21, 0x20, 0x11,
  0x24, 0x14, 0x11, 0x14, 0x14, 0x21, 0x11, 0x10, 0x0a, 0x08, 0x1f, 0x2b,
  0x13, 0x33, 0x11, 0x33, 0x11, 0x33, 0x32, 0x36, 0x36, 0x37, 0x13, 0x33,
  0x03, 0x06, 0x06, 0x07, 0x21, 0x15, 0x21, 0x16, 0x16, 0x17, 0x13, 0x23,
  0x03, 0x2e, 0x02, 0x23, 0x23, 0x11, 0x23, 0x11, 0x23, 0x19, 0xc8, 0xab,
  0x76, 0x79, 0x90, 0x60, 0x30, 0xad, 0xc1, 0xa7, 0x3b, 0x67, 0x56, 0x01,
  0x9b, 0xfe, 0x7c, 0x44, 0x63, 0x38, 0xc4, 0xc1, 0xc4, 0x31, 0x5d, 0x90,
  0x7f, 0x76, 0xab, 0xc8, 0x03, 0x06, 0x02, 0x9b, 0xfd, 0x66, 0x46, 0x88,
  0x64, 0x01, 0x68, 0xfe, 0xa5, 0x7c, 0x99, 0x2b, 0x74, 0x28, 0x8b, 0x6b,
  0xfe, 0x8c, 0x01, 0x80, 0x61, 0x77, 0x38, 0xfd, 0x70, 0x02, 0x92, 0x00,
  0x00, 0x01, 0x00, 0x5f, 0xff, 0xe9, 0x04, 0xbd, 0x05, 0xbe, 0x00, 0x44,
  0x00, 0xef, 0x40, 0x13, 0x2c, 0x01, 0x08, 0x07, 0x22, 0x01, 0x09, 0x08,
  0x38, 0x2d, 0x02, 0x0b, 0x09, 0x37, 0x01, 0x0a, 0x0b, 0x04, 0x4c, 0x4b,
  0xb0, 0x1d, 0x50, 0x58, 0x40, 0x3b, 0x00, 0x02, 0x03, 0x00, 0x03, 0x02,
  0x00, 0x80, 0x04, 0x01, 0x00, 0x0e, 0x01, 0x05, 0x06, 0x00, 0x05, 0x67,
  0x0d, 0x01, 0x06, 0x0c, 0x01, 0x07, 0x08, 0x06, 0x07, 0x67, 0x00, 0x03,
  0x03, 0x01, 0x61, 0x00, 0x01, 0x01, 0x24, 0x4d, 0x00, 0x08, 0x08, 0x0b,
  0x61, 0x00, 0x0b, 0x0b, 0x1f, 0x4d, 0x00, 0x09, 0x09, 0x0a, 0x61, 0x00,
  0x0a, 0x0a, 0x28, 0x0a, 0x4e, 0x1b, 0x4b, 0xb0, 0x2f, 0x50, 0x58, 0x40,
  0x39, 0x00, 0x02, 0x03, 0x00, 0x03, 0x02, 0x00, 0x80, 0x04, 0x01, 0x00,
  0x0e, 0x01, 0x05, 0x06, 0x00, 0x05, 0x67, 0x0d, 0x01, 0x06, 0x0c, 0x01,
  0x07, 0x08, 0x06, 0x07, 0x67, 0x00, 0x08, 0x00, 0x0b, 0x0a, 0x08, 0x0b,
  0x69, 0x00, 0x03, 0x03, 0x01, 0x61, 0x00, 0x01, 0x01, 0x24, 0x4d, 0x00,
  0x09, 0x09, 0x0a, 0x61, 0x00, 0x0a, 0x0a, 0x28, 0x0a, 0x4e, 0x1b, 0x40,
  0x37, 0x00, 0x02, 0x03, 0x00, 0x03, 0x02, 0x00, 0x80, 0x00, 0x01, 0x00,
  0x03, 0x02, 0x01, 0x03, 0x69, 0x04, 0x01, 0x00, 0x0e, 0x01, 0x05, 0x06,
  0x00, 0x05, 0x67, 0x0d, 0x01, 0x06, 0x0c, 0x01, 0x07, 0x08, 0x06, 0x07,
  0x67, 0x00, 0x08, 0x00, 0x0b, 0x0a, 0x08, 0x0b, 0x69, 0x00, 0x09, 0x09,
  0x0a, 0x61, 0x00, 0x0a, 0x0a, 0x28, 0x0a, 0x4e, 0x59, 0x59, 0x40, 0x18,
  0x44, 0x43, 0x40, 0x3f, 0x3e, 0x3d, 0x35, 0x33, 0x31, 0x2f, 0x2a, 0x28,
  0x27, 0x11, 0x13, 0x11, 0x15, 0x22, 0x12, 0x25, 0x10, 0x0f, 0x08, 0x1f,
  0x2b, 0x13, 0x33, 0x26, 0x26, 0x35, 0x34, 0x36, 0x33, 0x32, 0x16, 0x15,
  0x23, 0x34, 0x26, 0x23, 0x22, 0x06, 0x15, 0x14, 0x16, 0x17, 0x21, 0x15,
  0x21, 0x16, 0x16, 0x17, 0x21, 0x15, 0x21, 0x16, 0x15, 0x14, 0x06, 0x07,
  0x36, 0x36, 0x33, 0x32, 0x16, 0x16, 0x33, 0x32, 0x36, 0x37, 0x17, 0x06,
  0x06, 0x23, 0x22, 0x26, 0x26, 0x23, 0x22, 0x06, 0x07, 0x27, 0x36, 0x36,
  0x35, 0x34, 0x27, 0x21, 0x35, 0x21, 0x26, 0x26, 0x27, 0x23, 0x5f, 0xa8,
  0x09, 0x0b, 0xed, 0xe8, 0xe0, 0xdc, 0xb2, 0x79, 0x8a, 0xa5, 0x89, 0x0e,
  0x0a, 0x02, 0x03, 0xfe, 0x24, 0x11, 0x22, 0x0f, 0x01, 0x9a, 0xfe, 0x83,
  0x07, 0x4f, 0x4a, 0x26, 0x4f, 0x19, 0x59, 0x67, 0x57, 0x3f, 0x38, 0x89,
  0x2e, 0x3d, 0x31, 0x99, 0x59, 0x55, 0x77, 0x78, 0x57, 0x37, 0xb6, 0x65,
  0x13, 0x79, 0x8f, 0x06, 0xfe, 0xc3, 0x01, 0x1c, 0x10, 0x29, 0x13, 0xd0,
  0x03, 0x9a, 0x23, 0x48, 0x28, 0xb6, 0xdb, 0xa3, 0xb4, 0x6b, 0x5c, 0x81,
  0x7a, 0x25, 0x4d, 0x27, 0x74, 0x2c, 0x5a, 0x2c, 0x74, 0x23, 0x28, 0x58,
  0x94, 0x2f, 0x08, 0x0b, 0x1a, 0x1a, 0x2d, 0x2d, 0x80, 0x34, 0x36, 0x1d,
  0x1d, 0x15, 0x20, 0x7e, 0x35, 0xab, 0x69, 0x27, 0x24, 0x74, 0x2d, 0x57,
  0x2e, 0x00, 0x00, 0x01, 0x00, 0x19, 0xff, 0xff, 0x04, 0x6b, 0x05, 0xab,
  0x00, 0x1f, 0x00, 0x5e, 0x40, 0x18, 0x1f, 0x1e, 0x1d, 0x1c, 0x1b, 0x1a,
  0x19, 0x18, 0x09, 0x08, 0x07, 0x06, 0x05, 0x04, 0x02, 0x0f, 0x02, 0x00,
  0x01, 0x4c, 0x03, 0x01, 0x00, 0x4a, 0x4b, 0xb0, 0x29, 0x50, 0x58, 0x40,
  0x18, 0x00, 0x02, 0x00, 0x01, 0x00, 0x02, 0x01, 0x80, 0x00, 0x00, 0x00,
  0x1e, 0x4d, 0x00, 0x01, 0x01, 0x03, 0x5f, 0x00, 0x03, 0x03, 0x1f, 0x03,
  0x4e, 0x1b, 0x40, 0x18, 0x00, 0x02, 0x00, 0x01, 0x00, 0x02, 0x01, 0x80,
  0x00, 0x00, 0x00, 0x1e, 0x4d, 0x00, 0x01, 0x01, 0x03, 0x5f, 0x00, 0x03,
  0x03, 0x22, 0x03, 0x4e, 0x59, 0xb6, 0x24, 0x14, 0x29, 0x10, 0x04, 0x08,
  0x1a, 0x2b, 0x13, 0x33, 0x15, 0x25, 0x15, 0x05, 0x15, 0x25, 0x15, 0x05,
  0x11, 0x33, 0x32, 0x36, 0x36, 0x35, 0x35, 0x33, 0x15, 0x14, 0x06, 0x06,
  0x23, 0x21, 0x11, 0x07, 0x35, 0x37, 0x35, 0x07, 0x35, 0x37, 0xe1, 0xa4,
  0x01, 0xf1, 0xfe, 0x0f, 0x01, 0xf1, 0xfe, 0x0f, 0xfd, 0x82, 0x94, 0x3d,
  0x96, 0x55, 0xd5, 0xbf, 0xfe, 0x5f, 0xc8, 0xc8, 0xc8, 0xc8, 0x05, 0xa1,
  0xdd, 0xe7, 0x7e, 0xe7, 0xb2, 0xe7, 0x7e, 0xe7, 0xfd, 0x7a, 0x30, 0x89,
  0x83, 0x74, 0xa7, 0x7e, 0xb8, 0x64, 0x02, 0xcb, 0x5d, 0x7e, 0x5d, 0xb2,
  0x5d, 0x7e, 0x5d, 0x00, 0x00, 0x01, 0x00, 0xd2, 0x00, 0x00, 0x05, 0x59,
  0x06, 0x91, 0x00, 0x17, 0x00, 0x39, 0x40, 0x09, 0x15, 0x12, 0x09, 0x06,
  0x04, 0x00, 0x01, 0x01, 0x4c, 0x4b, 0xb0, 0x29, 0x50, 0x58, 0x40, 0x0d,
  0x00, 0x01, 0x00, 0x01, 0x85, 0x03, 0x02, 0x02, 0x00, 0x00, 0x1f, 0x00,
  0x4e, 0x1b, 0x40, 0x0d, 0x00, 0x01, 0x00, 0x01, 0x85, 0x03, 0x02, 0x02,
  0x00, 0x00, 0x22, 0x00, 0x4e, 0x59, 0xb6, 0x15, 0x15, 0x15, 0x11, 0x04,
  0x08, 0x1a, 0x2b, 0x01, 0x11, 0x23, 0x11, 0x10, 0x00, 0x37, 0x35, 0x33,
  0x15, 0x16, 0x00, 0x11, 0x11, 0x23, 0x11, 0x34, 0x26, 0x27, 0x11, 0x23,
  0x11, 0x06, 0x06, 0x01, 0x80, 0xae, 0x01, 0x0c, 0xf7, 0x82, 0xf8, 0x01,
  0x0a, 0xae, 0xb0, 0xa4, 0x82, 0xa4, 0xb1, 0x03, 0x6a, 0xfc, 0x96, 0x03,
  0x5b, 0x01, 0x07, 0x01, 0x2b, 0x12, 0xf2, 0xf2, 0x12, 0xfe, 0xd5, 0xfe,
  0xf9, 0xfc, 0xa5, 0x03, 0x6a, 0xb9, 0xd8, 0x12, 0xfa, 0xf3, 0x05, 0x0d,
  0x12, 0xd8, 0x00, 0x05, 0x00, 0x19, 0x00, 0x00, 0x06, 0x83, 0x05, 0xa1,
  0x00, 0x1b, 0x00, 0x1f, 0x00, 0x23, 0x00, 0x27, 0x00, 0x2b, 0x00, 0xac,
  0x4b, 0xb0, 0x29, 0x50, 0x58, 0x40, 0x36, 0x0e, 0x07, 0x05, 0x03, 0x03,
  0x17, 0x13, 0x11, 0x08, 0x04, 0x02, 0x01, 0x03, 0x02, 0x67, 0x12, 0x10,
  0x09, 0x03, 0x01, 0x18, 0x15, 0x0c, 0x0a, 0x04, 0x00, 0x14, 0x01, 0x00,
  0x67, 0x00, 0x0f, 0x0f, 0x04, 0x5f, 0x06, 0x01, 0x04, 0x04, 0x1e, 0x4d,
  0x00, 0x14, 0x14, 0x0b, 0x5f, 0x16, 0x0d, 0x02, 0x0b, 0x0b, 0x1f, 0x0b,
  0x4e, 0x1b, 0x40, 0x36, 0x0e, 0x07, 0x05, 0x03, 0x03, 0x17, 0x13, 0x11,
  0x08, 0x04, 0x02, 0x01, 0x03, 0x02, 0x67, 0x12, 0x10, 0x09, 0x03, 0x01,
  0x18, 0x15, 0x0c, 0x0a, 0x04, 0x00, 0x14, 0x01, 0x00, 0x67, 0x00, 0x0f,
  0x0f, 0x04, 0x5f, 0x06, 0x01, 0x04, 0x04, 0x1e, 0x4d, 0x00, 0x14, 0x14,
  0x0b, 0x5f, 0x16, 0x0d, 0x02, 0x0b, 0x0b, 0x22, 0x0b, 0x4e, 0x59, 0x40,
  0x32, 0x28, 0x28, 0x24, 0x24, 0x00, 0x00, 0x28, 0x2b, 0x28, 0x2b, 0x2a,
  0x29, 0x24, 0x27, 0x24, 0x27, 0x26, 0x25, 0x23, 0x22, 0x21, 0x20, 0x1f,
  0x1e, 0x1d, 0x1c, 0x00, 0x1b, 0x00, 0x1b, 0x1a, 0x19, 0x18, 0x17, 0x16,
  0x15, 0x14, 0x13, 0x11, 0x11, 0x11, 0x11, 0x11, 0x11, 0x11, 0x11, 0x11,
  0x19, 0x08, 0x1f, 0x2b, 0x33, 0x11, 0x23, 0x35, 0x33, 0x35, 0x23, 0x35,
  0x33, 0x11, 0x21, 0x01, 0x21, 0x11, 0x33, 0x11, 0x33, 0x15, 0x23, 0x15,
  0x33, 0x15, 0x23, 0x11, 0x21, 0x01, 0x21, 0x11, 0x11, 0x21, 0x03, 0x23,
  0x11, 0x21, 0x27, 0x21, 0x21, 0x17, 0x21, 0x35, 0x03, 0x13, 0x33, 0x11,
  0xe1, 0xc8, 0xc8, 0xc8, 0xc8, 0x01, 0x11, 0x01, 0x40, 0x01, 0xed, 0x9c,
  0xc8, 0xc8, 0xc8, 0xc8, 0xfe, 0xf9, 0xfe, 0xc4, 0xfe, 0x05, 0x01, 0x00,
  0xe0, 0x20, 0x01, 0xb4, 0x6d, 0xfe, 0xb9, 0x01, 0xfd, 0x6c, 0x01, 0x39,
  0xf1, 0xd1, 0x20, 0x02, 0x01, 0x74, 0xb0, 0x74, 0x02, 0x08, 0xfd, 0xf8,
  0x02, 0x08, 0xfd, 0xf8, 0x74, 0xb0, 0x74, 0xfd, 0xff, 0x02, 0x01, 0xfd,
  0xff, 0x03, 0x99, 0x01, 0x6c, 0xfd, 0x70, 0xb0, 0xb0, 0xb0, 0xfe, 0xdc,
  0xfe, 0xac, 0x01, 0x54, 0x00, 0x03, 0x00, 0x19, 0x00, 0x00, 0x05, 0xa2,
  0x05, 0xa1, 0x00, 0x13, 0x00, 0x1a, 0x00, 0x21, 0x00, 0x9f, 0x4b, 0xb0,
  0x1f, 0x50, 0x58, 0x40, 0x27, 0x00, 0x09, 0x00, 0x05, 0x06, 0x09, 0x05,
  0x67, 0x00, 0x08, 0x08, 0x02, 0x5f, 0x00, 0x02, 0x02, 0x1e, 0x4d, 0x0a,
  0x04, 0x02, 0x00, 0x00, 0x01, 0x5f, 0x07, 0x03, 0x02, 0x01, 0x01, 0x21,
  0x4d, 0x0b, 0x01, 0x06, 0x06, 0x1f, 0x06, 0x4e, 0x1b, 0x4b, 0xb0, 0x29,
  0x50, 0x58, 0x40, 0x25, 0x07, 0x03, 0x02, 0x01, 0x0a, 0x04, 0x02, 0x00,
  0x09, 0x01, 0x00, 0x67, 0x00, 0x09, 0x00, 0x05, 0x06, 0x09, 0x05, 0x67,
  0x00, 0x08, 0x08, 0x02, 0x5f, 0x00, 0x02, 0x02, 0x1e, 0x4d, 0x0b, 0x01,
  0x06, 0x06, 0x1f, 0x06, 0x4e, 0x1b, 0x40, 0x25, 0x07, 0x03, 0x02, 0x01,
  0x0a, 0x04, 0x02, 0x00, 0x09, 0x01, 0x00, 0x67, 0x00, 0x09, 0x00, 0x05,
  0x06, 0x09, 0x05, 0x67, 0x00, 0x08, 0x08, 0x02, 0x5f, 0x00, 0x02, 0x02,
  0x1e, 0x4d, 0x0b, 0x01, 0x06, 0x06, 0x22, 0x06, 0x4e, 0x59, 0x59, 0x40,
  0x17, 0x00, 0x00, 0x21, 0x20, 0x1d, 0x1b, 0x1a, 0x18, 0x15, 0x14, 0x00,
  0x13, 0x00, 0x13, 0x23, 0x11, 0x13, 0x21, 0x11, 0x11, 0x0c, 0x08, 0x1c,
  0x2b, 0x33, 0x11, 0x23, 0x35, 0x33, 0x11, 0x21, 0x32, 0x16, 0x16, 0x17,
  0x33, 0x15, 0x23, 0x0e, 0x02, 0x23, 0x21, 0x11, 0x11, 0x21, 0x2e, 0x02,
  0x23, 0x21, 0x11, 0x21, 0x32, 0x36, 0x36, 0x37, 0x21, 0xe1, 0xc8, 0xc8,
  0x01, 0xb7, 0xcb, 0xf3, 0x70, 0x08, 0xd4, 0xd3, 0x08, 0x79, 0xf4, 0xc2,
  0xfe, 0xf7, 0x02, 0x92, 0x06, 0x4a, 0xa7, 0x92, 0xfe, 0xf7, 0x01, 0x09,
  0x94, 0xa7, 0x49, 0x06, 0xfd, 0x6d, 0x03, 0x9f, 0x74, 0x01, 0x8e, 0x47,
  0xad, 0x9a, 0x74, 0x94, 0xb1, 0x4e, 0xfd, 0xf4, 0x04, 0x13, 0x69, 0x6f,
  0x29, 0xfd, 0x8a, 0x29, 0x70, 0x68, 0x00, 0x04, 0x00, 0x19, 0x00, 0x00,
  0x05, 0xa2, 0x05, 0xa1, 0x00, 0x1e, 0x00, 0x24, 0x00, 0x2d, 0x00, 0x33,
  0x00, 0x90, 0x4b, 0xb0, 0x29, 0x50, 0x58, 0x40, 0x31, 0x0b, 0x05, 0x02,
  0x03, 0x0d, 0x06, 0x02, 0x02, 0x01, 0x03, 0x02, 0x67, 0x0e, 0x07, 0x02,
  0x01, 0x10, 0x08, 0x02, 0x00, 0x0f, 0x01, 0x00, 0x67, 0x00, 0x0f, 0x00,
  0x09, 0x0a, 0x0f, 0x09, 0x67, 0x00, 0x0c, 0x0c, 0x04, 0x5f, 0x00, 0x04,
  0x04, 0x1e, 0x4d, 0x11, 0x01, 0x0a, 0x0a, 0x1f, 0x0a, 0x4e, 0x1b, 0x40,
  0x31, 0x0b, 0x05, 0x02, 0x03, 0x0d, 0x06, 0x02, 0x02, 0x01, 0x03, 0x02,
  0x67, 0x0e, 0x07, 0x02, 0x01, 0x10, 0x08, 0x02, 0x00, 0x0f, 0x01, 0x00,
  0x67, 0x00, 0x0f, 0x00, 0x09, 0x0a, 0x0f, 0x09, 0x67, 0x00, 0x0c, 0x0c,
  0x04, 0x5f, 0x00, 0x04, 0x04, 0x1e, 0x4d, 0x11, 0x01, 0x0a, 0x0a, 0x22,
  0x0a, 0x4e, 0x59, 0x40, 0x20, 0x00, 0x00, 0x33, 0x32, 0x30, 0x2e, 0x2b,
  0x2a, 0x29, 0x28, 0x24, 0x22, 0x20, 0x1f, 0x00, 0x1e, 0x00, 0x1e, 0x1d,
  0x1b, 0x11, 0x16, 0x11, 0x12, 0x21, 0x11, 0x11, 0x11, 0x11, 0x12, 0x08,
  0x1f, 0x2b, 0x33, 0x11, 0x23, 0x35, 0x33, 0x35, 0x23, 0x35, 0x33, 0x11,
  0x21, 0x32, 0x16, 0x17, 0x33, 0x15, 0x23, 0x16, 0x16, 0x15, 0x14, 0x06,
  0x07, 0x33, 0x15, 0x23, 0x06, 0x04, 0x23, 0x21, 0x11, 0x11, 0x21, 0x26,
  0x26, 0x23, 0x21, 0x01, 0x34, 0x26, 0x27, 0x21, 0x15, 0x21, 0x36, 0x36,
  0x01, 0x21, 0x32, 0x36, 0x37, 0x21, 0xe1, 0xc8, 0xc8, 0xc8, 0xc8, 0x01,
  0xb7, 0xfa, 0xfe, 0x29, 0xe9, 0xd6, 0x02, 0x02, 0x02, 0x02, 0xd6, 0xec,
  0x2c, 0xfe, 0xfb, 0xed, 0xfe, 0xf7, 0x02, 0x71, 0x24, 0xa8, 0x9c, 0xfe,
  0xf7, 0x02, 0x94, 0x02, 0x02, 0xfd, 0x70, 0x02, 0x90, 0x02, 0x02, 0xfd,
  0x6c, 0x01, 0x09, 0x9e, 0xa9, 0x23, 0xfd, 0x8d, 0x03, 0x03, 0x74, 0xb0,
  0x74, 0x01, 0x06, 0x74, 0x92, 0x74, 0x16, 0x2e, 0x19, 0x16, 0x29, 0x14,
  0x74, 0x8e, 0x7d, 0xfe, 0x08, 0x04, 0x9b, 0x45, 0x34, 0xfe, 0xb6, 0x1a,
  0x2e, 0x15, 0xb0, 0x13, 0x2a, 0xfe, 0xd6, 0x34, 0x45, 0x00, 0x00, 0x02,
  0x00, 0x19, 0x00, 0x00, 0x04, 0xd0, 0x05, 0xa1, 0x00, 0x18, 0x00, 0x23,
  0x00, 0x6d, 0x4b, 0xb0, 0x29, 0x50, 0x58, 0x40, 0x25, 0x09, 0x01, 0x03,
  0x05, 0x01, 0x02, 0x01, 0x03, 0x02, 0x67, 0x06, 0x01, 0x01, 0x07, 0x01,
  0x00, 0x08, 0x01, 0x00, 0x67, 0x00, 0x0a, 0x0a, 0x04, 0x5f, 0x00, 0x04,
  0x04, 0x1e, 0x4d, 0x0b, 0x01, 0x08, 0x08, 0x1f, 0x08, 0x4e, 0x1b, 0x40,
  0x25, 0x09, 0x01, 0x03, 0x05, 0x01, 0x02, 0x01, 0x03, 0x02, 0x67, 0x06,
  0x01, 0x01, 0x07, 0x01, 0x00, 0x08, 0x01, 0x00, 0x67, 0x00, 0x0a, 0x0a,
  0x04, 0x5f, 0x00, 0x04, 0x04, 0x1e, 0x4d, 0x0b, 0x01, 0x08, 0x08, 0x22,
  0x08, 0x4e, 0x59, 0x40, 0x15, 0x00, 0x00, 0x23, 0x21, 0x1b, 0x19, 0x00,
  0x18, 0x00, 0x18, 0x11, 0x11, 0x26, 0x21, 0x11, 0x11, 0x11, 0x11, 0x0c,
  0x08, 0x1e, 0x2b, 0x33, 0x11, 0x23, 0x35, 0x33, 0x35, 0x23, 0x35, 0x33,
  0x11, 0x21, 0x32, 0x16, 0x16, 0x15, 0x14, 0x06, 0x06, 0x23, 0x21, 0x15,
  0x21, 0x15, 0x21, 0x11, 0x11, 0x21, 0x32, 0x36, 0x36, 0x35, 0x34, 0x26,
  0x26, 0x23, 0x21, 0xe1, 0xc8, 0xc8, 0xc8, 0xc8, 0x01, 0xb7, 0xd8, 0xf8,
  0x68, 0x5a, 0xd5, 0xb9, 0xfe, 0xa7, 0x02, 0x1f, 0xfd, 0xe1, 0x01, 0x09,
  0xa0, 0xaa, 0x41, 0x41, 0xaa, 0xa0, 0xfe, 0xf7, 0x01, 0x06, 0x74, 0xb0,
  0x74, 0x03, 0x03, 0x4f, 0xc2, 0xad, 0xa3, 0xc1, 0x55, 0xb0, 0x74, 0xfe,
  0xfa, 0x02, 0x9e, 0x31, 0x86, 0x7f, 0x83, 0x8a, 0x33, 0x00, 0x00, 0x01,
  0x00, 0x41, 0x00, 0x00, 0x04, 0x4a, 0x05, 0xa1, 0x00, 0x22, 0x00, 0x3f,
  0x40, 0x3c, 0x0a, 0x01, 0x05, 0x06, 0x01, 0x4c, 0x00, 0x04, 0x05, 0x04,
  0x86, 0x00, 0x00, 0x09, 0x01, 0x01, 0x02, 0x00, 0x01, 0x67, 0x08, 0x01,
  0x02, 0x07, 0x01, 0x03, 0x06, 0x02, 0x03, 0x67, 0x00, 0x06, 0x05, 0x05,
  0x06, 0x57, 0x00, 0x06, 0x06, 0x05, 0x5f, 0x00, 0x05, 0x06, 0x05, 0x4f,
  0x22, 0x20, 0x11, 0x12, 0x21, 0x24, 0x17, 0x11, 0x12, 0x11, 0x10, 0x0a,
  0x06, 0x1f, 0x2b, 0x13, 0x21, 0x15, 0x21, 0x16, 0x17, 0x33, 0x15, 0x23,
  0x06, 0x05, 0x1e, 0x02, 0x17, 0x13, 0x23, 0x03, 0x2e, 0x02, 0x23, 0x21,
  0x35, 0x21, 0x32, 0x36, 0x37, 0x21, 0x35, 0x21, 0x26, 0x26, 0x23, 0x21,
  0x41, 0x04, 0x09, 0xfe, 0xd2, 0x4b, 0x14, 0xcf, 0xc8, 0x09, 0xfe, 0xec,
  0x45, 0x54, 0x38, 0x19, 0x74, 0xb0, 0x65, 0x1c, 0x44, 0x7c, 0x71, 0xfe,
  0xe0, 0x01, 0x48, 0x9d, 0xa8, 0x06, 0xfd, 0x6d, 0x02, 0x8d, 0x11, 0x90,
  0x9b, 0xfe, 0xaf, 0x05, 0xa1, 0x74, 0x3b, 0x75, 0x74, 0xfb, 0x47, 0x10,
  0x3a, 0x6e, 0x5f, 0xfe, 0x50, 0x01, 0x73, 0x6a, 0x74, 0x2e, 0x92, 0x72,
  0x86, 0x74, 0x62, 0x4e, 0x00, 0x01, 0x00, 0x5f, 0xff, 0xe9, 0x04, 0xbd,
  0x05, 0xbe, 0x00, 0x3a, 0x00, 0xd0, 0x40, 0x13, 0x1c, 0x01, 0x03, 0x02,
  0x12, 0x01, 0x04, 0x03, 0x28, 0x1d, 0x02, 0x06, 0x04, 0x27, 0x01, 0x05,
  0x06, 0x04, 0x4c, 0x4b, 0xb0, 0x1d, 0x50, 0x58, 0x40, 0x32, 0x0b, 0x01,
  0x0a, 0x00, 0x01, 0x00, 0x0a, 0x01, 0x80, 0x08, 0x01, 0x01, 0x07, 0x01,
  0x02, 0x03, 0x01, 0x02, 0x67, 0x00, 0x00, 0x00, 0x09, 0x61, 0x00, 0x09,
  0x09, 0x24, 0x4d, 0x00, 0x03, 0x03, 0x06, 0x61, 0x00, 0x06, 0x06, 0x1f,
  0x4d, 0x00, 0x04, 0x04, 0x05, 0x61, 0x00, 0x05, 0x05, 0x28, 0x05, 0x4e,
  0x1b, 0x4b, 0xb0, 0x2f, 0x50, 0x58, 0x40, 0x30, 0x0b, 0x01, 0x0a, 0x00,
  0x01, 0x00, 0x0a, 0x01, 0x80, 0x08, 0x01, 0x01, 0x07, 0x01, 0x02, 0x03,
  0x01, 0x02, 0x67, 0x00, 0x03, 0x00, 0x06, 0x05, 0x03, 0x06, 0x69, 0x00,
  0x00, 0x00, 0x09, 0x61, 0x00, 0x09, 0x09, 0x24, 0x4d, 0x00, 0x04, 0x04,
  0x05, 0x61, 0x00, 0x05, 0x05, 0x28, 0x05, 0x4e, 0x1b, 0x40, 0x2e, 0x0b,
  0x01, 0x0a, 0x00, 0x01, 0x00, 0x0a, 0x01, 0x80, 0x00, 0x09, 0x00, 0x00,
  0x0a, 0x09, 0x00, 0x69, 0x08, 0x01, 0x01, 0x07, 0x01, 0x02, 0x03, 0x01,
  0x02, 0x67, 0x00, 0x03, 0x00, 0x06, 0x05, 0x03, 0x06, 0x69, 0x00, 0x04,
  0x04, 0x05, 0x61, 0x00, 0x05, 0x05, 0x28, 0x05, 0x4e, 0x59, 0x59, 0x40,
  0x14, 0x00, 0x00, 0x00, 0x3a, 0x00, 0x3a, 0x38, 0x36, 0x11, 0x19, 0x22,
  0x25, 0x22, 0x28, 0x11, 0x15, 0x22, 0x0c, 0x08, 0x1f, 0x2b, 0x01, 0x34,
  0x26, 0x23, 0x22, 0x06, 0x15, 0x14, 0x16, 0x17, 0x21, 0x15, 0x21, 0x16,
  0x16, 0x15, 0x14, 0x06, 0x07, 0x36, 0x36, 0x33, 0x32, 0x16, 0x16, 0x33,
  0x32, 0x36, 0x37, 0x17, 0x06, 0x06, 0x23, 0x22, 0x26, 0x26, 0x23, 0x22,
  0x06, 0x07, 0x27, 0x36, 0x36, 0x35, 0x34, 0x26, 0x27, 0x21, 0x35, 0x33,
  0x26, 0x26, 0x35, 0x34, 0x36, 0x33, 0x32, 0x16, 0x15, 0x03, 0xd2, 0x79,
  0x8a, 0xa5, 0x89, 0x2c, 0x1c, 0x01, 0xd3, 0xfe, 0x59, 0x14, 0x1d, 0x4f,
  0x4a, 0x26, 0x4f, 0x19, 0x59, 0x67, 0x57, 0x3f, 0x38, 0x89, 0x2e, 0x3d,
  0x31, 0x99, 0x59, 0x55, 0x77, 0x78, 0x57, 0x37, 0xb6, 0x65, 0x13, 0x79,
  0x8f, 0x1f, 0x17, 0xfe, 0xf3, 0xda, 0x1c, 0x2a, 0xed, 0xe8, 0xe0, 0xdc,
  0x04, 0x67, 0x6b, 0x5c, 0x81, 0x7a, 0x46, 0x94, 0x4b, 0x74, 0x3a, 0x73,
  0x38, 0x58, 0x94, 0x2f, 0x08, 0x0b, 0x1a, 0x1a, 0x2d, 0x2d, 0x80, 0x34,
  0x36, 0x1d, 0x1d, 0x15, 0x20, 0x7e, 0x35, 0xab, 0x69, 0x3f, 0x70, 0x36,
  0x74, 0x41, 0x8c, 0x52, 0xb6, 0xdb, 0xa3, 0xb4, 0x00, 0x07, 0x00, 0x19,
  0x00, 0x00, 0x07, 0x96, 0x05, 0xa1, 0x00, 0x1f, 0x00, 0x23, 0x00, 0x27,
  0x00, 0x2b, 0x00, 0x2f, 0x00, 0x33, 0x00, 0x37, 0x00, 0xca, 0x4b, 0xb0,
  0x29, 0x50, 0x58, 0x40, 0x3d, 0x10, 0x0f, 0x05, 0x03, 0x04, 0x01, 0x1d,
  0x17, 0x15, 0x1c, 0x13, 0x0e, 0x06, 0x06, 0x07, 0x01, 0x06, 0x68, 0x16,
  0x14, 0x12, 0x0d, 0x04, 0x07, 0x1f, 0x1b, 0x1e, 0x19, 0x0c, 0x0a, 0x06,
  0x08, 0x18, 0x07, 0x08, 0x67, 0x00, 0x11, 0x11, 0x00, 0x5f, 0x04, 0x02,
  0x02, 0x00, 0x00, 0x1e, 0x4d, 0x1a, 0x01, 0x18, 0x18, 0x09, 0x5f, 0x0b,
  0x01, 0x09, 0x09, 0x1f, 0x09, 0x4e, 0x1b, 0x40, 0x3d, 0x10, 0x0f, 0x05,
  0x03, 0x04, 0x01, 0x1d, 0x17, 0x15, 0x1c, 0x13, 0x0e, 0x06, 0x06, 0x07,
  0x01, 0x06, 0x68, 0x16, 0x14, 0x12, 0x0d, 0x04, 0x07, 0x1f, 0x1b, 0x1e,
  0x19, 0x0c, 0x0a, 0x06, 0x08, 0x18, 0x07, 0x08, 0x67, 0x00, 0x11, 0x11,
  0x00, 0x5f, 0x04, 0x02, 0x02, 0x00, 0x00, 0x1e, 0x4d, 0x1a, 0x01, 0x18,
  0x18, 0x09, 0x5f, 0x0b, 0x01, 0x09, 0x09, 0x22, 0x09, 0x4e, 0x59, 0x40,
  0x42, 0x34, 0x34, 0x30, 0x30, 0x2c, 0x2c, 0x24, 0x24, 0x34, 0x37, 0x34,
  0x37, 0x36, 0x35, 0x30, 0x33, 0x30, 0x33, 0x32, 0x31, 0x2c, 0x2f, 0x2c,
  0x2f, 0x2e, 0x2d, 0x2b, 0x2a, 0x29, 0x28, 0x24, 0x27, 0x24, 0x27, 0x26,
  0x25, 0x23, 0x22, 0x21, 0x20, 0x1f, 0x1e, 0x1d, 0x1c, 0x1b, 0x1a, 0x19,
  0x18, 0x17, 0x16, 0x15, 0x14, 0x13, 0x12, 0x11, 0x11, 0x11, 0x11, 0x11,
  0x11, 0x11, 0x11, 0x10, 0x20, 0x08, 0x1f, 0x2b, 0x13, 0x33, 0x13, 0x21,
  0x13, 0x33, 0x13, 0x21, 0x13, 0x33, 0x03, 0x33, 0x15, 0x23, 0x07, 0x21,
  0x15, 0x21, 0x03, 0x23, 0x03, 0x21, 0x03, 0x23, 0x03, 0x21, 0x35, 0x21,
  0x27, 0x23, 0x35, 0x33, 0x21, 0x33, 0x03, 0x23, 0x01, 0x17, 0x33, 0x37,
  0x17, 0x21, 0x27, 0x23, 0x21, 0x17, 0x33, 0x37, 0x01, 0x13, 0x33, 0x13,
  0x21, 0x13, 0x33, 0x13, 0x6e, 0xa4, 0x77, 0x01, 0x66, 0x78, 0xe1, 0x78,
  0x01, 0x66, 0x77, 0xa4, 0x7f, 0xd4, 0xf0, 0x2c, 0x01, 0x1c, 0xfe, 0xc8,
  0x7d, 0xd6, 0x76, 0xfe, 0x89, 0x7b, 0xd6, 0x7d, 0xfe, 0xc9, 0x01, 0x1b,
  0x2b, 0xf0, 0xd3, 0x02, 0x94, 0xb6, 0x48, 0x23, 0xfd, 0xd9, 0x28, 0xde,
  0x2a, 0x66, 0x01, 0x40, 0x29, 0xed, 0x01, 0x76, 0x29, 0xe0, 0x29, 0xfb,
  0xdb, 0x49, 0x1d, 0x42, 0x02, 0x8f, 0x45, 0x1d, 0x49, 0x05, 0xa1, 0xfd,
  0xf9, 0x02, 0x07, 0xfd, 0xf9, 0x02, 0x07, 0xfd, 0xf9, 0x74, 0xb2, 0x74,
  0xfe, 0x00, 0x02, 0x00, 0xfe, 0x00, 0x02, 0x00, 0x74, 0xb2, 0x74, 0x01,
  0x39, 0xfe, 0x53, 0xb2, 0xb2, 0xb2, 0xb2, 0xb2, 0xb2, 0xfe, 0xda, 0xfe,
  0xc2, 0x01, 0x3e, 0xfe, 0xc1, 0x01, 0x3f, 0x00, 0x00, 0x01, 0xff, 0xfa,
  0x00, 0x00, 0x04, 0x7e, 0x05, 0xa1, 0x00, 0x17, 0x00, 0x70, 0x4b, 0xb0,
  0x29, 0x50, 0x58, 0x40, 0x26, 0x07, 0x01, 0x03, 0x08, 0x01, 0x02, 0x01,
  0x03, 0x02, 0x68, 0x09, 0x01, 0x01, 0x0a, 0x01, 0x00, 0x0b, 0x01, 0x00,
  0x67, 0x06, 0x01, 0x04, 0x04, 0x1e, 0x4d, 0x00, 0x05, 0x05, 0x0b, 0x5f,
  0x0c, 0x01, 0x0b, 0x0b, 0x1f, 0x0b, 0x4e, 0x1b, 0x40, 0x26, 0x07, 0x01,
  0x03, 0x08, 0x01, 0x02, 0x01, 0x03, 0x02, 0x68, 0x09, 0x01, 0x01, 0x0a,
  0x01, 0x00, 0x0b, 0x01, 0x00, 0x67, 0x06, 0x01, 0x04, 0x04, 0x1e, 0x4d,
  0x00, 0x05, 0x05, 0x0b, 0x5f, 0x0c, 0x01, 0x0b, 0x0b, 0x22, 0x0b, 0x4e,
  0x59, 0x40, 0x16, 0x00, 0x00, 0x00, 0x17, 0x00, 0x17, 0x16, 0x15, 0x14,
  0x13, 0x11, 0x11, 0x11, 0x11, 0x11, 0x11, 0x11, 0x11, 0x11, 0x0d, 0x08,
  0x1f, 0x2b, 0x21, 0x11, 0x21, 0x35, 0x21, 0x35, 0x21, 0x35, 0x21, 0x01,
  0x33, 0x01, 0x33, 0x01, 0x33, 0x01, 0x21, 0x15, 0x21, 0x15, 0x21, 0x15,
  0x21, 0x11, 0x01, 0xe3, 0xfe, 0xa9, 0x01, 0x57, 0xfe, 0xa9, 0x01, 0x14,
  0xfe, 0x5a, 0xb8, 0x01, 0x7b, 0x1c, 0x01, 0x80, 0xb5, 0xfe, 0x57, 0x01,
  0x13, 0xfe, 0xa9, 0x01, 0x57, 0xfe, 0xa9, 0x01, 0x2e, 0x74, 0xb2, 0x74,
  0x02, 0xd9, 0xfd, 0x64, 0x02, 0x9c, 0xfd, 0x27, 0x74, 0xb2, 0x74, 0xfe,
  0xd2, 0x00, 0x00, 0x01, 0x01, 0x2c, 0x01, 0x2b, 0x03, 0x83, 0x03, 0x75,
  0x00, 0x0b, 0x00, 0x18, 0x40, 0x15, 0x00, 0x01, 0x00, 0x01, 0x85, 0x02,
  0x01, 0x00, 0x00, 0x76, 0x01, 0x00, 0x07, 0x05, 0x00, 0x0b, 0x01, 0x0b,
  0x03, 0x06, 0x16, 0x2b, 0x01, 0x22, 0x26, 0x35, 0x34, 0x36, 0x33, 0x32,
  0x16, 0x15, 0x14, 0x06, 0x02, 0x63, 0xa3, 0x94, 0x94, 0xa3, 0xa4, 0x7c,
  0x7c, 0x01, 0x2b, 0x86, 0x9f, 0x9e, 0x87, 0x87, 0x9e, 0x9f, 0x86, 0x00,
  0x00, 0x03, 0x01, 0x12, 0xff, 0x55, 0x03, 0x9f, 0x06, 0x58, 0x00, 0x03,
  0x00, 0x07, 0x00, 0x0b, 0x00, 0x5d, 0xb3, 0x02, 0x01, 0x01, 0x4a, 0x4b,
  0xb0, 0x1f, 0x50, 0x58, 0x40, 0x15, 0x00, 0x00, 0x00, 0x01, 0x5f, 0x00,
  0x01, 0x01, 0x1e, 0x4d, 0x00, 0x02, 0x02, 0x03, 0x5f, 0x00, 0x03, 0x03,
  0x1f, 0x03, 0x4e, 0x1b, 0x4b, 0xb0, 0x29, 0x50, 0x58, 0x40, 0x13, 0x00,
  0x01, 0x00, 0x00, 0x02, 0x01, 0x00, 0x67, 0x00, 0x02, 0x02, 0x03, 0x5f,
  0x00, 0x03, 0x03, 0x1f, 0x03, 0x4e, 0x1b, 0x40, 0x13, 0x00, 0x01, 0x00,
  0x00, 0x02, 0x01, 0x00, 0x67, 0x00, 0x02, 0x02, 0x03, 0x5f, 0x00, 0x03,
  0x03, 0x22, 0x03, 0x4e, 0x59, 0x59, 0xb6, 0x11, 0x11, 0x11, 0x14, 0x04,
  0x08, 0x1a, 0x2b, 0x05, 0x01, 0x17, 0x01, 0x13, 0x23, 0x35, 0x33, 0x13,
  0x33, 0x15, 0x23, 0x01, 0x4a, 0x01, 0x8c, 0x93, 0xfe, 0x72, 0x18, 0xe1,
  0xe1, 0xcb, 0xe1, 0xe1, 0x8f, 0x06, 0xe7, 0x1b, 0xf9, 0x18, 0x05, 0x98,
  0xd4, 0xfa, 0xff, 0xd4, 0x00, 0x01, 0x01, 0x48, 0xff, 0x55, 0x03, 0x67,
  0x06, 0x58, 0x00, 0x03, 0x00, 0x06, 0xb3, 0x03, 0x01, 0x01, 0x32, 0x2b,
  0x05, 0x01, 0x17, 0x01, 0x01, 0x48, 0x01, 0x8c, 0x93, 0xfe, 0x72, 0x8f,
  0x06, 0xe7, 0x1b, 0xf9, 0x18, 0x00, 0x00, 0x01, 0x00, 0x71, 0x00, 0xac,
  0x04, 0x40, 0x04, 0x7b, 0x00, 0x0b, 0x00, 0x26, 0x40, 0x23, 0x00, 0x04,
  0x03, 0x01, 0x04, 0x57, 0x05, 0x01, 0x03, 0x02, 0x01, 0x00, 0x01, 0x03,
  0x00, 0x67, 0x00, 0x04, 0x04, 0x01, 0x5f, 0x00, 0x01, 0x04, 0x01, 0x4f,
  0x11, 0x11, 0x11, 0x11, 0x11, 0x10, 0x06, 0x08, 0x1c, 0x2b, 0x01, 0x21,
  0x11, 0x23, 0x11, 0x21, 0x35, 0x21, 0x11, 0x33, 0x11, 0x21, 0x04, 0x40,
  0xfe, 0x67, 0x9c, 0xfe, 0x66, 0x01, 0x9a, 0x9c, 0x01, 0x99, 0x02, 0x47,
  0xfe, 0x65, 0x01, 0x9b, 0x98, 0x01, 0x9c, 0xfe, 0x64, 0x00, 0x00, 0x01,
  0x00, 0x71, 0x02, 0x47, 0x04, 0x40, 0x02, 0xdf, 0x00, 0x03, 0x00, 0x18,
  0x40, 0x15, 0x00, 0x01, 0x00, 0x00, 0x01, 0x57, 0x00, 0x01, 0x01, 0x00,
  0x5f, 0x00, 0x00, 0x01, 0x00, 0x4f, 0x11, 0x10, 0x02, 0x06, 0x18, 0x2b,
  0x01, 0x21, 0x35, 0x21, 0x04, 0x40, 0xfc, 0x31, 0x03, 0xcf, 0x02, 0x47,
  0x98, 0x00, 0x00, 0x01, 0x00, 0x8e, 0x00, 0xc9, 0x04, 0x23, 0x04, 0x5d,
  0x00, 0x0b, 0x00, 0x06, 0xb3, 0x06, 0x00, 0x01, 0x32, 0x2b, 0x25, 0x01,
  0x01, 0x27, 0x01, 0x01, 0x37, 0x01, 0x01, 0x17, 0x01, 0x01, 0x03, 0xb7,
  0xfe, 0xa1, 0xfe, 0xa1, 0x6a, 0x01, 0x5f, 0xfe, 0xa0, 0x6c, 0x01, 0x5f,
  0x01, 0x5f, 0x6a, 0xfe, 0xa1, 0x01, 0x60, 0xc9, 0x01, 0x60, 0xfe, 0xa1,
  0x6a, 0x01, 0x5f, 0x01, 0x5f, 0x6b, 0xfe, 0xa1, 0x01, 0x5f, 0x6a, 0xfe,
  0xa1, 0xfe, 0xa0, 0x00, 0x00, 0x03, 0x00, 0x71, 0x00, 0x76, 0x04, 0x40,
  0x04, 0xb0, 0x00, 0x03, 0x00, 0x07, 0x00, 0x0b, 0x00, 0x32, 0x40, 0x2f,
  0x00, 0x00, 0x00, 0x01, 0x03, 0x00, 0x01, 0x67, 0x00, 0x03, 0x00, 0x02,
  0x04, 0x03, 0x02, 0x67, 0x00, 0x04, 0x05, 0x05, 0x04, 0x57, 0x00, 0x04,
  0x04, 0x05, 0x5f, 0x06, 0x01, 0x05, 0x04, 0x05, 0x4f, 0x08, 0x08, 0x08,
  0x0b, 0x08, 0x0b, 0x12, 0x11, 0x11, 0x11, 0x10, 0x07, 0x08, 0x1b, 0x2b,
  0x01, 0x33, 0x15, 0x23, 0x01, 0x21, 0x35, 0x21, 0x01, 0x35, 0x33, 0x15,
  0x01, 0xef, 0xd3, 0xd3, 0x02, 0x51, 0xfc, 0x31, 0x03, 0xcf, 0xfd, 0xaf,
  0xd3, 0x04, 0xb0, 0xdd, 0xfe, 0x74, 0x98, 0xfd, 0x97, 0xdd, 0xdd, 0x00,
  0x00, 0x02, 0x00, 0x71, 0x01, 0x7b, 0x04, 0x40, 0x03, 0xa2, 0x00, 0x03,
  0x00, 0x07, 0x00, 0x22, 0x40, 0x1f, 0x00, 0x01, 0x00, 0x00, 0x03, 0x01,
  0x00, 0x67, 0x00, 0x03, 0x02, 0x02, 0x03, 0x57, 0x00, 0x03, 0x03, 0x02,
  0x5f, 0x00, 0x02, 0x03, 0x02, 0x4f, 0x11, 0x11, 0x11, 0x10, 0x04, 0x08,
  0x1a, 0x2b, 0x01, 0x21, 0x35, 0x21, 0x11, 0x21, 0x35, 0x21, 0x04, 0x40,
  0xfc, 0x31, 0x03, 0xcf, 0xfc, 0x31, 0x03, 0xcf, 0x03, 0x0a, 0x98, 0xfd,
  0xd9, 0x9b, 0x00, 0x01, 0x00, 0x71, 0x00, 0x1a, 0x04, 0x40, 0x04, 0xbb,
  0x00, 0x13, 0x00, 0x35, 0x40, 0x32, 0x0d, 0x0c, 0x02, 0x04, 0x4a, 0x03,
  0x02, 0x02, 0x00, 0x49, 0x05, 0x01, 0x04, 0x06, 0x01, 0x03, 0x02, 0x04,
  0x03, 0x67, 0x07, 0x01, 0x02, 0x00, 0x00, 0x02, 0x57, 0x07, 0x01, 0x02,
  0x02, 0x00, 0x5f, 0x01, 0x01, 0x00, 0x02, 0x00, 0x4f, 0x11, 0x11, 0x13,
  0x11, 0x11, 0x11, 0x13, 0x10, 0x08, 0x06, 0x1e, 0x2b, 0x01, 0x21, 0x03,
  0x27, 0x13, 0x21, 0x35, 0x21, 0x37, 0x21, 0x35, 0x21, 0x13, 0x17, 0x07,
  0x21, 0x15, 0x21, 0x07, 0x21, 0x04, 0x40, 0xfd, 0xec, 0xad, 0x74, 0x91,
  0xfe, 0xd5, 0x01, 0x76, 0x79, 0xfe, 0x11, 0x02, 0x39, 0x89, 0x74, 0x6e,
  0x01, 0x07, 0xfe, 0xb0, 0x7a, 0x01, 0xca, 0x01, 0x7b, 0xfe, 0x9f, 0x38,
  0x01, 0x29, 0x99, 0xf8, 0x96, 0x01, 0x19, 0x38, 0xe1, 0x96, 0xf8, 0x00,
  0x00, 0x01, 0x00, 0x83, 0x00, 0x7f, 0x04, 0x32, 0x04, 0xaa, 0x00, 0x06,
  0x00, 0x06, 0xb3, 0x06, 0x02, 0x01, 0x32, 0x2b, 0x01, 0x15, 0x01, 0x27,
  0x01, 0x01, 0x37, 0x04, 0x32, 0xfc, 0x97, 0x46, 0x02, 0xb6, 0xfd, 0x4a,
  0x46, 0x02, 0xc1, 0x56, 0xfe, 0x14, 0xa1, 0x01, 0x74, 0x01, 0x76, 0xa0,
  0x00, 0x01, 0x00, 0x83, 0x00, 0x7f, 0x04, 0x32, 0x04, 0xaa, 0x00, 0x06,
  0x00, 0x06, 0xb3, 0x06, 0x02, 0x01, 0x32, 0x2b, 0x13, 0x35, 0x01, 0x17,
  0x01, 0x01, 0x07, 0x83, 0x03, 0x69, 0x46, 0xfd, 0x4a, 0x02, 0xb6, 0x46,
  0x02, 0x68, 0x56, 0x01, 0xec, 0xa1, 0xfe, 0x8c, 0xfe, 0x8a, 0xa0, 0x00,
  0x00, 0x02, 0x00, 0x71, 0x00, 0x00, 0x04, 0x40, 0x05, 0x68, 0x00, 0x06,
  0x00, 0x0a, 0x00, 0x28, 0x40, 0x25, 0x06, 0x05, 0x04, 0x03, 0x02, 0x01,
  0x00, 0x07, 0x00, 0x4a, 0x00, 0x00, 0x01, 0x01, 0x00, 0x57, 0x00, 0x00,
  0x00, 0x01, 0x5f, 0x02, 0x01, 0x01, 0x00, 0x01, 0x4f, 0x07, 0x07, 0x07,
  0x0a, 0x07, 0x0a, 0x18, 0x03, 0x06, 0x17, 0x2b, 0x01, 0x15, 0x01, 0x27,
  0x01, 0x01, 0x37, 0x03, 0x35, 0x21, 0x15, 0x04, 0x2f, 0xfc, 0x97, 0x46,
  0x02, 0xb6, 0xfd, 0x4a, 0x46, 0x55, 0x03, 0xcf, 0x03, 0x9d, 0x56, 0xfe,
  0x32, 0xa1, 0x01, 0x56, 0x01, 0x58, 0xa0, 0xfa, 0x98, 0x98, 0x98, 0x00,
  0x00, 0x02, 0x00, 0x71, 0x00, 0x00, 0x04, 0x40, 0x05, 0x68, 0x00, 0x06,
  0x00, 0x0a, 0x00, 0x28, 0x40, 0x25, 0x06, 0x05, 0x04, 0x03, 0x02, 0x01,
  0x00, 0x07, 0x00, 0x4a, 0x00, 0x00, 0x01, 0x01, 0x00, 0x57, 0x00, 0x00,
  0x00, 0x01, 0x5f, 0x02, 0x01, 0x01, 0x00, 0x01, 0x4f, 0x07, 0x07, 0x07,
  0x0a, 0x07, 0x0a, 0x18, 0x03, 0x06, 0x17, 0x2b, 0x13, 0x01, 0x17, 0x01,
  0x01, 0x07, 0x01, 0x03, 0x35, 0x21, 0x15, 0x81, 0x03, 0x69, 0x46, 0xfd,
  0x4a, 0x02, 0xb6, 0x46, 0xfc, 0x97, 0x10, 0x03, 0xcf, 0x03, 0x9d, 0x01,
  0xcb, 0xa0, 0xfe, 0xa8, 0xfe, 0xaa, 0xa1, 0x01, 0xce, 0xfc, 0xb9, 0x98,
  0x98, 0x00, 0x00, 0x02, 0x00, 0x71, 0x00, 0x00, 0x04, 0x40, 0x05, 0x61,
  0x00, 0x0b, 0x00, 0x0f, 0x00, 0x53, 0x4b, 0xb0, 0x29, 0x50, 0x58, 0x40,
  0x1d, 0x05, 0x01, 0x03, 0x02, 0x01, 0x00, 0x01, 0x03, 0x00, 0x67, 0x00,
  0x04, 0x00, 0x01, 0x07, 0x04, 0x01, 0x67, 0x00, 0x07, 0x07, 0x06, 0x5f,
  0x00, 0x06, 0x06, 0x1f, 0x06, 0x4e, 0x1b, 0x40, 0x1d, 0x05, 0x01, 0x03,
  0x02, 0x01, 0x00, 0x01, 0x03, 0x00, 0x67, 0x00, 0x04, 0x00, 0x01, 0x07,
  0x04, 0x01, 0x67, 0x00, 0x07, 0x07, 0x06, 0x5f, 0x00, 0x06, 0x06, 0x22,
  0x06, 0x4e, 0x59, 0x40, 0x0b, 0x11, 0x11, 0x11, 0x11, 0x11, 0x11, 0x11,
  0x10, 0x08, 0x08, 0x1e, 0x2b, 0x01, 0x21, 0x11, 0x23, 0x11, 0x21, 0x35,
  0x21, 0x11, 0x33, 0x11, 0x21, 0x11, 0x21, 0x35, 0x21, 0x04, 0x40, 0xfe,
  0x67, 0x9c, 0xfe, 0x66, 0x01, 0x9a, 0x9c, 0x01, 0x99, 0xfc, 0x31, 0x03,
  0xcf, 0x03, 0x19, 0xfe, 0x51, 0x01, 0xaf, 0x98, 0x01, 0xb0, 0xfe, 0x50,
  0xfc, 0x4f, 0x98, 0x00, 0x00, 0x02, 0x00, 0x99, 0x01, 0x80, 0x05, 0x3d,
  0x04, 0x2c, 0x00, 0x17, 0x00, 0x2f, 0x00, 0x61, 0x40, 0x5e, 0x16, 0x15,
  0x02, 0x01, 0x02, 0x0a, 0x01, 0x06, 0x03, 0x2d, 0x09, 0x02, 0x00, 0x06,
  0x2e, 0x01, 0x05, 0x00, 0x22, 0x21, 0x02, 0x04, 0x07, 0x05, 0x4c, 0x00,
  0x02, 0x00, 0x01, 0x03, 0x02, 0x01, 0x69, 0x00, 0x03, 0x08, 0x01, 0x00,
  0x05, 0x03, 0x00, 0x69, 0x00, 0x06, 0x00, 0x05, 0x07, 0x06, 0x05, 0x69,
  0x00, 0x07, 0x04, 0x04, 0x07, 0x59, 0x00, 0x07, 0x07, 0x04, 0x61, 0x09,
  0x01, 0x04, 0x07, 0x04, 0x51, 0x19, 0x18, 0x01, 0x00, 0x2b, 0x29, 0x25,
  0x23, 0x1f, 0x1d, 0x18, 0x2f, 0x19, 0x2f, 0x13, 0x11, 0x0d, 0x0b, 0x07,
  0x05, 0x00, 0x17, 0x01, 0x17, 0x0a, 0x06, 0x16, 0x2b, 0x01, 0x22, 0x26,
  0x27, 0x26, 0x26, 0x23, 0x22, 0x06, 0x07, 0x27, 0x36, 0x33, 0x32, 0x16,
  0x17, 0x16, 0x16, 0x33, 0x32, 0x36, 0x37, 0x17, 0x06, 0x03, 0x22, 0x26,
  0x27, 0x26, 0x26, 0x23, 0x22, 0x06, 0x07, 0x27, 0x36, 0x33, 0x32, 0x16,
  0x17, 0x16, 0x16, 0x33, 0x32, 0x36, 0x37, 0x17, 0x06, 0x03, 0xe0, 0x45,
  0x81, 0x4d, 0x4d, 0x6a, 0x31, 0x52, 0x6b, 0x27, 0x68, 0x89, 0xd4, 0x45,
  0x82, 0x4c, 0x4d, 0x6a, 0x31, 0x52, 0x6b, 0x27, 0x68, 0x89, 0xd4, 0x45,
  0x81, 0x4d, 0x4d, 0x6a, 0x31, 0x52, 0x6b, 0x27, 0x68, 0x89, 0xd4, 0x45,
  0x82, 0x4c, 0x4d, 0x6a, 0x31, 0x52, 0x6b, 0x27, 0x68, 0x89, 0x02, 0xca,
  0x36, 0x2b, 0x2c, 0x27, 0x60, 0x3d, 0x5a, 0xf1, 0x35, 0x2c, 0x2c, 0x27,
  0x60, 0x3d, 0x5a, 0xf1, 0xfe, 0xb6, 0x36, 0x2b, 0x2c, 0x27, 0x60, 0x3d,
  0x5a, 0xf1, 0x35, 0x2c, 0x2c, 0x27, 0x60, 0x3d, 0x5a, 0xf1, 0x00, 0x01,
  0x00, 0x99, 0x02, 0x25, 0x05, 0x3d, 0x03, 0x87, 0x00, 0x17, 0x00, 0x3f,
  0xb1, 0x06, 0x64, 0x44, 0x40, 0x34, 0x16, 0x15, 0x02, 0x01, 0x02, 0x0a,
  0x09, 0x02, 0x00, 0x03, 0x02, 0x4c, 0x00, 0x02, 0x00, 0x01, 0x03, 0x02,
  0x01, 0x69, 0x00, 0x03, 0x00, 0x00, 0x03, 0x59, 0x00, 0x03, 0x03, 0x00,
  0x61, 0x04, 0x01, 0x00, 0x03, 0x00, 0x51, 0x01, 0x00, 0x13, 0x11, 0x0d,
  0x0b, 0x07, 0x05, 0x00, 0x17, 0x01, 0x17, 0x05, 0x08, 0x16, 0x2b, 0xb1,
  0x06, 0x00, 0x44, 0x01, 0x22, 0x26, 0x27, 0x26, 0x26, 0x23, 0x22, 0x06,
  0x07, 0x27, 0x36, 0x33, 0x32, 0x16, 0x17, 0x16, 0x16, 0x33, 0x32, 0x36,
  0x37, 0x17, 0x06, 0x03, 0xe0, 0x45, 0x81, 0x4d, 0x4d, 0x6a, 0x31, 0x52,
  0x6b, 0x27, 0x68, 0x89, 0xd4, 0x45, 0x82, 0x4c, 0x4d, 0x6a, 0x31, 0x52,
  0x6b, 0x27, 0x68, 0x89, 0x02, 0x25, 0x36, 0x2b, 0x2c, 0x27, 0x60, 0x3d,
  0x5a, 0xf1, 0x35, 0x2c, 0x2c, 0x27, 0x60, 0x3d, 0x5a, 0xf1, 0x00, 0x01,
  0x00, 0x99, 0x00, 0xdc, 0x04, 0xee, 0x03, 0x89, 0x00, 0x05, 0x00, 0x1e,
  0x40, 0x1b, 0x00, 0x00, 0x01, 0x00, 0x86, 0x00, 0x02, 0x01, 0x01, 0x02,
  0x57, 0x00, 0x02, 0x02, 0x01, 0x5f, 0x00, 0x01, 0x02, 0x01, 0x4f, 0x11,
  0x11, 0x10, 0x03, 0x08, 0x19, 0x2b, 0x25, 0x23, 0x11, 0x21, 0x35, 0x21,
  0x04, 0xee, 0x9a, 0xfc, 0x45, 0x04, 0x55, 0xdc, 0x02, 0x14, 0x99, 0x00,
  0x00, 0x01, 0x00, 0x81, 0x02, 0x4a, 0x04, 0x2f, 0x05, 0xac, 0x00, 0x06,
  0x00, 0x27, 0xb1, 0x06, 0x64, 0x44, 0x40, 0x1c, 0x05, 0x01, 0x01, 0x00,
  0x01, 0x4c, 0x00, 0x00, 0x01, 0x00, 0x85, 0x03, 0x02, 0x02, 0x01, 0x01,
  0x76, 0x00, 0x00, 0x00, 0x06, 0x00, 0x06, 0x11, 0x11, 0x04, 0x08, 0x18,
  0x2b, 0xb1, 0x06, 0x00, 0x44, 0x13, 0x01, 0x33, 0x01, 0x23, 0x01, 0x01,
  0x81, 0x01, 0x88, 0x9f, 0x01, 0x87, 0xa4, 0xfe, 0xcf, 0xfe, 0xcb, 0x02,
  0x4a, 0x03, 0x62, 0xfc, 0x9e, 0x02, 0xa7, 0xfd, 0x59, 0x00, 0x00, 0x03,
  0x00, 0x96, 0x01, 0x65, 0x06, 0xd0, 0x04, 0x4a, 0x00, 0x1f, 0x00, 0x2b,
  0x00, 0x37, 0x00, 0x33, 0x40, 0x30, 0x26, 0x18, 0x08, 0x03, 0x04, 0x05,
  0x01, 0x4c, 0x01, 0x01, 0x00, 0x07, 0x01, 0x05, 0x04, 0x00, 0x05, 0x69,
  0x06, 0x01, 0x04, 0x02, 0x02, 0x04, 0x59, 0x06, 0x01, 0x04, 0x04, 0x02,
  0x61, 0x03, 0x01, 0x02, 0x04, 0x02, 0x51, 0x24, 0x24, 0x24, 0x25, 0x26,
  0x26, 0x26, 0x23, 0x08, 0x06, 0x1e, 0x2b, 0x13, 0x34, 0x36, 0x36, 0x33,
  0x32, 0x16, 0x16, 0x17, 0x3e, 0x02, 0x33, 0x32, 0x16, 0x16, 0x15, 0x14,
  0x06, 0x06, 0x23, 0x22, 0x26, 0x26, 0x27, 0x0e, 0x02, 0x23, 0x22, 0x26,
  0x26, 0x37, 0x14, 0x16, 0x33, 0x32, 0x36, 0x37, 0x26, 0x26, 0x23, 0x22,
  0x06, 0x05, 0x16, 0x16, 0x33, 0x32, 0x36, 0x35, 0x34, 0x26, 0x23, 0x22,
  0x06, 0x96, 0x5a, 0xa1, 0x6c, 0x4e, 0x86, 0x8e, 0x58, 0x57, 0x8d, 0x84,
  0x49, 0x6e, 0xa1, 0x59, 0x59, 0xa2, 0x6c, 0x4d, 0x87, 0x8c, 0x58, 0x59,
  0x8f, 0x82, 0x49, 0x6d, 0xa2, 0x59, 0xab, 0x69, 0x6c, 0x3e, 0x94, 0x6a,
  0x62, 0x8c, 0x5c, 0x64, 0x63, 0x02, 0xd5, 0x62, 0x8b, 0x5b, 0x64, 0x63,
  0x69, 0x6c, 0x40, 0x92, 0x02, 0xd4, 0x6b, 0xa9, 0x62, 0x31, 0x72, 0x61,
  0x61, 0x72, 0x31, 0x63, 0xa7, 0x65, 0x6b, 0xa9, 0x62, 0x31, 0x70, 0x60,
  0x60, 0x71, 0x30, 0x63, 0xa7, 0x62, 0x5e, 0x7b, 0x66, 0x75, 0x72, 0x75,
  0x86, 0x5b, 0x70, 0x74, 0x86, 0x63, 0x5f, 0x7a, 0x67, 0x00, 0x00, 0x01,
  0x00, 0x30, 0xfe, 0x7b, 0x02, 0xc1, 0x07, 0x2e, 0x00, 0x17, 0x00, 0x22,
  0x40, 0x1f, 0x00, 0x00, 0x00, 0x01, 0x03, 0x00, 0x01, 0x69, 0x00, 0x03,
  0x02, 0x02, 0x03, 0x59, 0x00, 0x03, 0x03, 0x02, 0x61, 0x00, 0x02, 0x03,
  0x02, 0x51, 0x11, 0x19, 0x11, 0x14, 0x04, 0x06, 0x1a, 0x2b, 0x01, 0x34,
  0x3e, 0x02, 0x33, 0x15, 0x22, 0x0e, 0x02, 0x15, 0x11, 0x14, 0x0e, 0x02,
  0x23, 0x35, 0x32, 0x3e, 0x02, 0x35, 0x01, 0x31, 0x16, 0x4c, 0xa2, 0x8c,
  0x58, 0x67, 0x31, 0x0e, 0x16, 0x4d, 0xa3, 0x8d, 0x5a, 0x67, 0x32, 0x0e,
  0x05, 0x76, 0x6d, 0xa4, 0x6f, 0x38, 0x85, 0x18, 0x43, 0x80, 0x68, 0xfa,
  0xcd, 0x6d, 0xa4, 0x6f, 0x38, 0x85, 0x18, 0x43, 0x80, 0x68, 0x00, 0x02,
  0x00, 0x28, 0x00, 0x00, 0x05, 0x38, 0x05, 0xa1, 0x00, 0x03, 0x00, 0x06,
  0x00, 0x2b, 0x40, 0x28, 0x06, 0x01, 0x02, 0x00, 0x01, 0x4c, 0x00, 0x00,
  0x02, 0x00, 0x85, 0x00, 0x02, 0x01, 0x01, 0x02, 0x57, 0x00, 0x02, 0x02,
  0x01, 0x5f, 0x03, 0x01, 0x01, 0x02, 0x01, 0x4f, 0x00, 0x00, 0x05, 0x04,
  0x00, 0x03, 0x00, 0x03, 0x11, 0x04, 0x06, 0x17, 0x2b, 0x33, 0x01, 0x33,
  0x01, 0x25, 0x21, 0x01, 0x28, 0x02, 0x20, 0xc9, 0x02, 0x27, 0xfb, 0xd6,
  0x03, 0x43, 0xfe, 0x5c, 0x05, 0xa1, 0xfa, 0x5f, 0x8d, 0x04, 0x81, 0x00,
  0x00, 0x01, 0x00, 0x32, 0x00, 0x00, 0x05, 0xb2, 0x05, 0xa1, 0x00, 0x0b,
  0x00, 0x24, 0x40, 0x21, 0x03, 0x01, 0x01, 0x00, 0x01, 0x86, 0x00, 0x05,
  0x00, 0x00, 0x05, 0x57, 0x00, 0x05, 0x05, 0x00, 0x5f, 0x04, 0x02, 0x02,
  0x00, 0x05, 0x00, 0x4f, 0x11, 0x11, 0x11, 0x11, 0x11, 0x10, 0x06, 0x06,
  0x1c, 0x2b, 0x01, 0x21, 0x11, 0x23, 0x11, 0x21, 0x11, 0x23, 0x11, 0x21,
  0x35, 0x21, 0x05, 0xb2, 0xfe, 0xe2, 0xae, 0xfe, 0x18, 0xae, 0xfe, 0xe2,
  0x05, 0x80, 0x05, 0x1a, 0xfa, 0xe6, 0x05, 0x1a, 0xfa, 0xe6, 0x05, 0x1a,
  0x87, 0x00, 0x00, 0x01, 0x00, 0x5a, 0x00, 0x00, 0x04, 0x06, 0x05, 0xa1,
  0x00, 0x0b, 0x00, 0x31, 0x40, 0x2e, 0x04, 0x01, 0x02, 0x01, 0x09, 0x03,
  0x02, 0x03, 0x02, 0x02, 0x01, 0x00, 0x03, 0x03, 0x4c, 0x00, 0x01, 0x00,
  0x02, 0x03, 0x01, 0x02, 0x67, 0x00, 0x03, 0x00, 0x00, 0x03, 0x57, 0x00,
  0x03, 0x03, 0x00, 0x5f, 0x00, 0x00, 0x03, 0x00, 0x4f, 0x12, 0x11, 0x14,
  0x10, 0x04, 0x06, 0x1a, 0x2b, 0x21, 0x21, 0x35, 0x01, 0x01, 0x35, 0x21,
  0x15, 0x21, 0x01, 0x01, 0x21, 0x04, 0x06, 0xfc, 0x54, 0x02, 0x23, 0xfd,
  0xdd, 0x03, 0xac, 0xfd, 0x20, 0x02, 0x12, 0xfd, 0xee, 0x02, 0xe0, 0x74,
  0x02, 0x69, 0x02, 0x48, 0x7c, 0x85, 0xfd, 0xc1, 0xfd, 0xae, 0x00, 0x01,
  0x00, 0x71, 0x00, 0x00, 0x05, 0xb3, 0x05, 0xa1, 0x00, 0x0b, 0x00, 0x28,
  0x40, 0x25, 0x00, 0x04, 0x02, 0x04, 0x85, 0x00, 0x02, 0x00, 0x01, 0x03,
  0x02, 0x01, 0x67, 0x00, 0x03, 0x00, 0x00, 0x03, 0x57, 0x00, 0x03, 0x03,
  0x00, 0x5f, 0x00, 0x00, 0x03, 0x00, 0x4f, 0x12, 0x12, 0x11, 0x11, 0x10,
  0x05, 0x06, 0x1b, 0x2b, 0x21, 0x23, 0x01, 0x21, 0x35, 0x21, 0x13, 0x17,
  0x33, 0x37, 0x01, 0x33, 0x03, 0xbb, 0xd6, 0xff, 0x00, 0xfe, 0x8c, 0x01,
  0xf5, 0xa6, 0x3a, 0x21, 0x3a, 0x01, 0x64, 0xae, 0x03, 0x5b, 0x98, 0xfd,
  0x81, 0xb7, 0xb7, 0x04, 0x2d, 0x00, 0x00, 0x01, 0x00, 0xb4, 0xfe, 0x7b,
  0x03, 0xfd, 0x03, 0xf3, 0x00, 0x15, 0x00, 0x79, 0x40, 0x0a, 0x0d, 0x01,
  0x01, 0x00, 0x13, 0x01, 0x03, 0x01, 0x02, 0x4c, 0x4b, 0xb0, 0x17, 0x50,
  0x58, 0x40, 0x17, 0x02, 0x01, 0x00, 0x00, 0x21, 0x4d, 0x00, 0x01, 0x01,
  0x03, 0x61, 0x04, 0x01, 0x03, 0x03, 0x1f, 0x4d, 0x00, 0x05, 0x05, 0x23,
  0x05, 0x4e, 0x1b, 0x4b, 0xb0, 0x29, 0x50, 0x58, 0x40, 0x1b, 0x02, 0x01,
  0x00, 0x00, 0x21, 0x4d, 0x00, 0x03, 0x03, 0x1f, 0x4d, 0x00, 0x01, 0x01,
  0x04, 0x61, 0x00, 0x04, 0x04, 0x28, 0x4d, 0x00, 0x05, 0x05, 0x23, 0x05,
  0x4e, 0x1b, 0x40, 0x1b, 0x02, 0x01, 0x00, 0x00, 0x21, 0x4d, 0x00, 0x03,
  0x03, 0x22, 0x4d, 0x00, 0x01, 0x01, 0x04, 0x61, 0x00, 0x04, 0x04, 0x28,
  0x4d, 0x00, 0x05, 0x05, 0x23, 0x05, 0x4e, 0x59, 0x59, 0x40, 0x09, 0x13,
  0x23, 0x11, 0x13, 0x23, 0x10, 0x06, 0x08, 0x1c, 0x2b, 0x13, 0x33, 0x11,
  0x14, 0x16, 0x33, 0x32, 0x36, 0x35, 0x11, 0x33, 0x11, 0x23, 0x27, 0x06,
  0x06, 0x23, 0x22, 0x26, 0x27, 0x11, 0x23, 0xb4, 0x9a, 0x70, 0x84, 0x9c,
  0x85, 0x9a, 0x7e, 0x0c, 0x31, 0x9c, 0x7d, 0x42, 0x6d, 0x2c, 0x9a, 0x03,
  0xf3, 0xfd, 0x9a, 0x9d, 0x86, 0x8a, 0xa1, 0x02, 0x5e, 0xfc, 0x0d, 0x92,
  0x5b, 0x4e, 0x1d, 0x28, 0xfe, 0x4d, 0x00, 0x02, 0x00, 0x78, 0xff, 0xe0,
  0x03, 0xec, 0x05, 0xbf, 0x00, 0x1a, 0x00, 0x26, 0x00, 0x4e, 0x40, 0x4b,
  0x1f, 0x09, 0x02, 0x05, 0x06, 0x01, 0x4c, 0x00, 0x03, 0x02, 0x01, 0x02,
  0x03, 0x01, 0x80, 0x00, 0x04, 0x00, 0x02, 0x03, 0x04, 0x02, 0x69, 0x00,
  0x01, 0x00, 0x06, 0x05, 0x01, 0x06, 0x69, 0x08, 0x01, 0x05, 0x00, 0x00,
  0x05, 0x59, 0x08, 0x01, 0x05, 0x05, 0x00, 0x61, 0x07, 0x01, 0x00, 0x05,
  0x00, 0x51, 0x1c, 0x1b, 0x01, 0x00, 0x23, 0x21, 0x1b, 0x26, 0x1c, 0x26,
  0x15, 0x13, 0x11, 0x10, 0x0e, 0x0c, 0x07, 0x05, 0x00, 0x1a, 0x01, 0x1a,
  0x09, 0x06, 0x16, 0x2b, 0x05, 0x22, 0x26, 0x35, 0x34, 0x36, 0x33, 0x32,
  0x16, 0x17, 0x11, 0x34, 0x26, 0x23, 0x22, 0x06, 0x15, 0x23, 0x34, 0x36,
  0x33, 0x32, 0x16, 0x15, 0x11, 0x14, 0x06, 0x27, 0x32, 0x36, 0x35, 0x35,
  0x26, 0x26, 0x23, 0x20, 0x11, 0x14, 0x16, 0x02, 0x2d, 0xd7, 0xde, 0xd5,
  0xbf, 0x84, 0x99, 0x30, 0x85, 0x98, 0x95, 0x80, 0x8e, 0xcc, 0xd3, 0xde,
  0xd6, 0xdb, 0xe2, 0x99, 0x91, 0x1f, 0x90, 0x89, 0xfe, 0xef, 0x8d, 0x20,
  0xdb, 0xe2, 0xda, 0xd1, 0x3d, 0x4a, 0x01, 0x78, 0x8f, 0x7a, 0x67, 0x7a,
  0xb3, 0xab, 0xc1, 0xb9, 0xfd, 0x7d, 0xf6, 0xec, 0x7d, 0x8c, 0x93, 0xaa,
  0x56, 0x4a, 0xfe, 0xd7, 0xa3, 0x9d, 0x00, 0x05, 0x00, 0x64, 0xff, 0xec,
  0x06, 0x40, 0x05, 0xb0, 0x00, 0x0b, 0x00, 0x0f, 0x00, 0x1b, 0x00, 0x27,
  0x00, 0x33, 0x01, 0x0f, 0x4b, 0xb0, 0x19, 0x50, 0x58, 0x40, 0x2c, 0x0c,
  0x01, 0x04, 0x0a, 0x01, 0x00, 0x09, 0x04, 0x00, 0x69, 0x00, 0x07, 0x00,
  0x09, 0x08, 0x07, 0x09, 0x6a, 0x00, 0x05, 0x05, 0x01, 0x61, 0x02, 0x01,
  0x01, 0x01, 0x24, 0x4d, 0x0e, 0x01, 0x08, 0x08, 0x03, 0x61, 0x0d, 0x06,
  0x0b, 0x03, 0x03, 0x03, 0x1f, 0x03, 0x4e, 0x1b, 0x4b, 0xb0, 0x21, 0x50,
  0x58, 0x40, 0x30, 0x0c, 0x01, 0x04, 0x0a, 0x01, 0x00, 0x09, 0x04, 0x00,
  0x69, 0x00, 0x07, 0x00, 0x09, 0x08, 0x07, 0x09, 0x6a, 0x00, 0x05, 0x05,
  0x01, 0x61, 0x02, 0x01, 0x01, 0x01, 0x24, 0x4d, 0x0b, 0x01, 0x03, 0x03,
  0x1f, 0x4d, 0x0e, 0x01, 0x08, 0x08, 0x06, 0x61, 0x0d, 0x01, 0x06, 0x06,
  0x28, 0x06, 0x4e, 0x1b, 0x4b, 0xb0, 0x29, 0x50, 0x58, 0x40, 0x34, 0x0c,
  0x01, 0x04, 0x0a, 0x01, 0x00, 0x09, 0x04, 0x00, 0x69, 0x00, 0x07, 0x00,
  0x09, 0x08, 0x07, 0x09, 0x6a, 0x00, 0x02, 0x02, 0x1e, 0x4d, 0x00, 0x05,
  0x05, 0x01, 0x61, 0x00, 0x01, 0x01, 0x24, 0x4d, 0x0b, 0x01, 0x03, 0x03,
  0x1f, 0x4d, 0x0e, 0x01, 0x08, 0x08, 0x06, 0x61, 0x0d, 0x01, 0x06, 0x06,
  0x28, 0x06, 0x4e, 0x1b, 0x40, 0x34, 0x0c, 0x01, 0x04, 0x0a, 0x01, 0x00,
  0x09, 0x04, 0x00, 0x69, 0x00, 0x07, 0x00, 0x09, 0x08, 0x07, 0x09, 0x6a,
  0x00, 0x02, 0x02, 0x1e, 0x4d, 0x00, 0x05, 0x05, 0x01, 0x61, 0x00, 0x01,
  0x01, 0x24, 0x4d, 0x0b, 0x01, 0x03, 0x03, 0x22, 0x4d, 0x0e, 0x01, 0x08,
  0x08, 0x06, 0x61, 0x0d, 0x01, 0x06, 0x06, 0x28, 0x06, 0x4e, 0x59, 0x59,
  0x59, 0x40, 0x2b, 0x29, 0x28, 0x1d, 0x1c, 0x11, 0x10, 0x0c, 0x0c, 0x01,
  0x00, 0x2f, 0x2d, 0x28, 0x33, 0x29, 0x33, 0x23, 0x21, 0x1c, 0x27, 0x1d,
  0x27, 0x17, 0x15, 0x10, 0x1b, 0x11, 0x1b, 0x0c, 0x0f, 0x0c, 0x0f, 0x0e,
  0x0d, 0x07, 0x05, 0x00, 0x0b, 0x01, 0x0b, 0x0f, 0x08, 0x16, 0x2b, 0x01,
  0x22, 0x26, 0x35, 0x34, 0x36, 0x33, 0x32, 0x16, 0x15, 0x14, 0x06, 0x03,
  0x01, 0x33, 0x01, 0x03, 0x32, 0x36, 0x35, 0x34, 0x26, 0x23, 0x22, 0x06,
  0x15, 0x14, 0x16, 0x01, 0x22, 0x26, 0x35, 0x34, 0x36, 0x33, 0x32, 0x16,
  0x15, 0x14, 0x06, 0x27, 0x32, 0x36, 0x35, 0x34, 0x26, 0x23, 0x22, 0x06,
  0x15, 0x14, 0x16, 0x01, 0xb2, 0xb3, 0x9b, 0x9b, 0xb3, 0xb4, 0x9c, 0x9c,
  0xce, 0x02, 0xea, 0x8a, 0xfd, 0x16, 0x6c, 0x6e, 0x51, 0x53, 0x70, 0x6f,
  0x52, 0x53, 0x03, 0xac, 0xb3, 0x9b, 0x9b, 0xb3, 0xb4, 0x9c, 0x9c, 0xb0,
  0x6e, 0x51, 0x53, 0x70, 0x6f, 0x52, 0x53, 0x02, 0xc9, 0xb8, 0xbc, 0xbc,
  0xb7, 0xb5, 0xbc, 0xbb, 0xbb, 0xfd, 0x37, 0x05, 0xa1, 0xfa, 0x5f, 0x03,
  0x3c, 0x71, 0x8f, 0x8f, 0x73, 0x73, 0x91, 0x91, 0x6d, 0xfc, 0xb0, 0xb8,
  0xbc, 0xbc, 0xb7, 0xb5, 0xbc, 0xbb, 0xbb, 0x73, 0x71, 0x8f, 0x8f, 0x73,
  0x73, 0x91, 0x91, 0x6d, 0x00, 0x07, 0x00, 0x64, 0xff, 0xec, 0x09, 0x24,
  0x05, 0xb0, 0x00, 0x0b, 0x00, 0x0f, 0x00, 0x1b, 0x00, 0x27, 0x00, 0x33,
  0x00, 0x3f, 0x00, 0x4b, 0x01, 0x37, 0x4b, 0xb0, 0x19, 0x50, 0x58, 0x40,
  0x32, 0x10, 0x01, 0x04, 0x0e, 0x01, 0x00, 0x0b, 0x04, 0x00, 0x69, 0x09,
  0x01, 0x07, 0x0d, 0x01, 0x0b, 0x0a, 0x07, 0x0b, 0x6a, 0x00, 0x05, 0x05,
  0x01, 0x61, 0x02, 0x01, 0x01, 0x01, 0x24, 0x4d, 0x14, 0x0c, 0x13, 0x03,
  0x0a, 0x0a, 0x03, 0x61, 0x12, 0x08, 0x11, 0x06, 0x0f, 0x05, 0x03, 0x03,
  0x1f, 0x03, 0x4e, 0x1b, 0x4b, 0xb0, 0x21, 0x50, 0x58, 0x40, 0x36, 0x10,
  0x01, 0x04, 0x0e, 0x01, 0x00, 0x0b, 0x04, 0x00, 0x69, 0x09, 0x01, 0x07,
  0x0d, 0x01, 0x0b, 0x0a, 0x07, 0x0b, 0x6a, 0x00, 0x05, 0x05, 0x01, 0x61,
  0x02, 0x01, 0x01, 0x01, 0x24, 0x4d, 0x0f, 0x01, 0x03, 0x03, 0x1f, 0x4d,
  0x14, 0x0c, 0x13, 0x03, 0x0a, 0x0a, 0x06, 0x61, 0x12, 0x08, 0x11, 0x03,
  0x06, 0x06, 0x28, 0x06, 0x4e, 0x1b, 0x4b, 0xb0, 0x29, 0x50, 0x58, 0x40,
  0x3a, 0x10, 0x01, 0x04, 0x0e, 0x01, 0x00, 0x0b, 0x04, 0x00, 0x69, 0x09,
  0x01, 0x07, 0x0d, 0x01, 0x0b, 0x0a, 0x07, 0x0b, 0x6a, 0x00, 0x02, 0x02,
  0x1e, 0x4d, 0x00, 0x05, 0x05, 0x01, 0x61, 0x00, 0x01, 0x01, 0x24, 0x4d,
  0x0f, 0x01, 0x03, 0x03, 0x1f, 0x4d, 0x14, 0x0c, 0x13, 0x03, 0x0a, 0x0a,
  0x06, 0x61, 0x12, 0x08, 0x11, 0x03, 0x06, 0x06, 0x28, 0x06, 0x4e, 0x1b,
  0x40, 0x3a, 0x10, 0x01, 0x04, 0x0e, 0x01, 0x00, 0x0b, 0x04, 0x00, 0x69,
  0x09, 0x01, 0x07, 0x0d, 0x01, 0x0b, 0x0a, 0x07, 0x0b, 0x6a, 0x00, 0x02,
  0x02, 0x1e, 0x4d, 0x00, 0x05, 0x05, 0x01, 0x61, 0x00, 0x01, 0x01, 0x24,
  0x4d, 0x0f, 0x01, 0x03, 0x03, 0x22, 0x4d, 0x14, 0x0c, 0x13, 0x03, 0x0a,
  0x0a, 0x06, 0x61, 0x12, 0x08, 0x11, 0x03, 0x06, 0x06, 0x28, 0x06, 0x4e,
  0x59, 0x59, 0x59, 0x40, 0x3b, 0x41, 0x40, 0x35, 0x34, 0x29, 0x28, 0x1d,
  0x1c, 0x11, 0x10, 0x0c, 0x0c, 0x01, 0x00, 0x47, 0x45, 0x40, 0x4b, 0x41,
  0x4b, 0x3b, 0x39, 0x34, 0x3f, 0x35, 0x3f, 0x2f, 0x2d, 0x28, 0x33, 0x29,
  0x33, 0x23, 0x21, 0x1c, 0x27, 0x1d, 0x27, 0x17, 0x15, 0x10, 0x1b, 0x11,
  0x1b, 0x0c, 0x0f, 0x0c, 0x0f, 0x0e, 0x0d, 0x07, 0x05, 0x00, 0x0b, 0x01,
  0x0b, 0x15, 0x08, 0x16, 0x2b, 0x01, 0x22, 0x26, 0x35, 0x34, 0x36, 0x33,
  0x32, 0x16, 0x15, 0x14, 0x06, 0x03, 0x01, 0x33, 0x01, 0x03, 0x32, 0x36,
  0x35, 0x34, 0x26, 0x23, 0x22, 0x06, 0x15, 0x14, 0x16, 0x01, 0x22, 0x26,
  0x35, 0x34, 0x36, 0x33, 0x32, 0x16, 0x15, 0x14, 0x06, 0x21, 0x22, 0x26,
  0x35, 0x34, 0x36, 0x33, 0x32, 0x16, 0x15, 0x14, 0x06, 0x25, 0x32, 0x36,
  0x35, 0x34, 0x26, 0x23, 0x22, 0x06, 0x15, 0x14, 0x16, 0x21, 0x32, 0x36,
  0x35, 0x34, 0x26, 0x23, 0x22, 0x06, 0x15, 0x14, 0x16, 0x01, 0xb2, 0xb3,
  0x9b, 0x9b, 0xb3, 0xb4, 0x9c, 0x9c, 0xce, 0x02, 0xea, 0x8a, 0xfd, 0x16,
  0x6c, 0x6e, 0x51, 0x53, 0x70, 0x6f, 0x52, 0x53, 0x03, 0xac, 0xb3, 0x9b,
  0x9b, 0xb3, 0xb4, 0x9c, 0x9c, 0x02, 0x30, 0xb3, 0x9b, 0x9b, 0xb3, 0xb4,
  0x9c, 0x9c, 0xfc, 0x6c, 0x6e, 0x51, 0x53, 0x70, 0x6f, 0x52, 0x53, 0x03,
  0x56, 0x6e, 0x51, 0x53, 0x70, 0x6f, 0x52, 0x53, 0x02, 0xc9, 0xb8, 0xbc,
  0xbc, 0xb7, 0xb5, 0xbc, 0xbb, 0xbb, 0xfd, 0x37, 0x05, 0xa1, 0xfa, 0x5f,
  0x03, 0x3c, 0x71, 0x8f, 0x8f, 0x73, 0x73, 0x91, 0x91, 0x6d, 0xfc, 0xb0,
  0xb8, 0xbc, 0xbc, 0xb7, 0xb5, 0xbc, 0xbb, 0xbb, 0xb8, 0xbc, 0xbc, 0xb7,
  0xb5, 0xbc, 0xbb, 0xbb, 0x73, 0x71, 0x8f, 0x8f, 0x73, 0x73, 0x91, 0x91,
  0x6d, 0x71, 0x8f, 0x8f, 0x73, 0x73, 0x91, 0x91, 0x6d, 0x00, 0x00, 0x02,
  0x00, 0x81, 0x00, 0x00, 0x04, 0x2f, 0x05, 0xa1, 0x00, 0x05, 0x00, 0x09,
  0x00, 0x1a, 0x40, 0x17, 0x09, 0x08, 0x07, 0x03, 0x04, 0x01, 0x00, 0x01,
  0x4c, 0x00, 0x00, 0x01, 0x00, 0x85, 0x00, 0x01, 0x01, 0x76, 0x12, 0x11,
  0x02, 0x06, 0x18, 0x2b, 0x13, 0x01, 0x33, 0x01, 0x01, 0x23, 0x03, 0x09,
  0x02, 0x81, 0x01, 0x88, 0x9f, 0x01, 0x87, 0xfe, 0x79, 0x9f, 0xe4, 0x01,
  0x35, 0x01, 0x31, 0xfe, 0xcf, 0x02, 0xd1, 0x02, 0xd0, 0xfd, 0x30, 0xfd,
  0x2f, 0x02, 0xd1, 0xfd, 0xc1, 0x02, 0x3f, 0x02, 0x3e, 0x00, 0xff, 0xff,
  0x00, 0x89, 0x04, 0xac, 0x02, 0x9a, 0x06, 0xe2, 0x02, 0x26, 0x02, 0x2c,
  0x00, 0x00, 0x01, 0x07, 0x02, 0x27, 0x00, 0x00, 0x01, 0x2c, 0x00, 0x09,
  0xb1, 0x01, 0x01, 0xb8, 0x01, 0x2c, 0xb0, 0x35, 0x2b, 0x00, 0xff, 0xff,
  0x00, 0x86, 0x04, 0xac, 0x02, 0x96, 0x06, 0xe2, 0x02, 0x26, 0x02, 0x2c,
  0x00, 0x00, 0x01, 0x07, 0x02, 0x26, 0x00, 0x00, 0x01, 0x2c, 0x00, 0x09,
  0xb1, 0x01, 0x01, 0xb8, 0x01, 0x2c, 0xb0, 0x35, 0x2b, 0x00, 0xff, 0xff,
  0x00, 0x89, 0x04, 0xac, 0x02, 0x96, 0x07, 0x3e, 0x02, 0x26, 0x02, 0x2c,
  0x00, 0x00, 0x01, 0x07, 0x02, 0x30, 0x00, 0x00, 0x01, 0x2c, 0x00, 0x09,
  0xb1, 0x01, 0x01, 0xb8, 0x01, 0x2c, 0xb0, 0x35, 0x2b, 0x00, 0xff, 0xff,
  0x00, 0x87, 0x04, 0xac, 0x02, 0xcc, 0x06, 0xc8, 0x02, 0x26, 0x02, 0x2c,
  0x00, 0x00, 0x01, 0x07, 0x02, 0x2e, 0x00, 0x14, 0x01, 0x54, 0x00, 0x09,
  0xb1, 0x01, 0x01, 0xb8, 0x01, 0x54, 0xb0, 0x35, 0x2b, 0x00, 0xff, 0xff,
  0x00, 0x8b, 0x04, 0xac, 0x03, 0x72, 0x06, 0xe2, 0x02, 0x26, 0x02, 0x2a,
  0x00, 0x00, 0x01, 0x07, 0x02, 0x27, 0x00, 0xd8, 0x01, 0x2c, 0x00, 0x09,
  0xb1, 0x01, 0x01, 0xb8, 0x01, 0x2c, 0xb0, 0x35, 0x2b, 0x00, 0xff, 0xff,
  0x00, 0x8b, 0x04, 0xac, 0x02, 0xa5, 0x06, 0xe2, 0x02, 0x26, 0x02, 0x2a,
  0x00, 0x00, 0x01, 0x07, 0x02, 0x26, 0x00, 0xd8, 0x01, 0x2c, 0x00, 0x09,
  0xb1, 0x01, 0x01, 0xb8, 0x01, 0x2c, 0xb0, 0x35, 0x2b, 0x00, 0xff, 0xff,
  0x00, 0x8b, 0x04, 0xac, 0x03, 0x4a, 0x07, 0x3e, 0x02, 0x26, 0x02, 0x2a,
  0x00, 0x00, 0x01, 0x07, 0x02, 0x30, 0x00, 0xd8, 0x01, 0x2c, 0x00, 0x09,
  0xb1, 0x01, 0x01, 0xb8, 0x01, 0x2c, 0xb0, 0x35, 0x2b, 0x00, 0xff, 0xff,
  0x00, 0x73, 0x04, 0xac, 0x02, 0xb8, 0x06, 0xc8, 0x02, 0x26, 0x02, 0x2a,
  0x00, 0x00, 0x01, 0x07, 0x02, 0x2e, 0x00, 0x00, 0x01, 0x54, 0x00, 0x09,
  0xb1, 0x01, 0x01, 0xb8, 0x01, 0x54, 0xb0, 0x35, 0x2b, 0x00, 0x00, 0x02,
  0x00, 0x76, 0x04, 0xac, 0x02, 0xaa, 0x05, 0x6e, 0x00, 0x0b, 0x00, 0x17,
  0x00, 0x35, 0xb1, 0x06, 0x64, 0x44, 0x40, 0x2a, 0x05, 0x02, 0x04, 0x03,
  0x00, 0x01, 0x01, 0x00, 0x59, 0x05, 0x02, 0x04, 0x03, 0x00, 0x00, 0x01,
  0x61, 0x03, 0x01, 0x01, 0x00, 0x01, 0x51, 0x0d, 0x0c, 0x01, 0x00, 0x13,
  0x11, 0x0c, 0x17, 0x0d, 0x17, 0x07, 0x05, 0x00, 0x0b, 0x01, 0x0b, 0x06,
  0x08, 0x16, 0x2b, 0xb1, 0x06, 0x00, 0x44, 0x13, 0x32, 0x16, 0x15, 0x14,
  0x06, 0x23, 0x22, 0x26, 0x35, 0x34, 0x36, 0x21, 0x32, 0x16, 0x15, 0x14,
  0x06, 0x23, 0x22, 0x26, 0x35, 0x34, 0x36, 0xd2, 0x37, 0x27, 0x25, 0x39,
  0x33, 0x29, 0x26, 0x01, 0xb0, 0x37, 0x27, 0x25, 0x39, 0x33, 0x29, 0x26,
  0x05, 0x6e, 0x2c, 0x37, 0x30, 0x2f, 0x2f, 0x30, 0x31, 0x32, 0x2c, 0x37,
  0x30, 0x2f, 0x2f, 0x30, 0x31, 0x32, 0x00, 0x01, 0x01, 0x1c, 0x04, 0xac,
  0x01, 0xfb, 0x05, 0x86, 0x00, 0x0b, 0x00, 0x27, 0xb1, 0x06, 0x64, 0x44,
  0x40, 0x1c, 0x00, 0x01, 0x00, 0x00, 0x01, 0x59, 0x00, 0x01, 0x01, 0x00,
  0x61, 0x02, 0x01, 0x00, 0x01, 0x00, 0x51, 0x01, 0x00, 0x07, 0x05, 0x00,
  0x0b, 0x01, 0x0b, 0x03, 0x08, 0x16, 0x2b, 0xb1, 0x06, 0x00, 0x44, 0x01,
  0x22, 0x26, 0x35, 0x34, 0x36, 0x33, 0x32, 0x16, 0x15, 0x14, 0x06, 0x01,
  0x90, 0x3d, 0x37, 0x37, 0x3d, 0x3d, 0x2e, 0x2e, 0x04, 0xac, 0x32, 0x3b,
  0x3b, 0x32, 0x32, 0x3b, 0x3b, 0x32, 0x00, 0x01, 0x00, 0x86, 0x04, 0xac,
  0x01, 0xcd, 0x05, 0xb6, 0x00, 0x03, 0x00, 0x1f, 0xb1, 0x06, 0x64, 0x44,
  0x40, 0x14, 0x02, 0x01, 0x01, 0x00, 0x01, 0x85, 0x00, 0x00, 0x00, 0x76,
  0x00, 0x00, 0x00, 0x03, 0x00, 0x03, 0x11, 0x03, 0x08, 0x17, 0x2b, 0xb1,
  0x06, 0x00, 0x44, 0x01, 0x13, 0x23, 0x03, 0x01, 0x3c, 0x91, 0x7a, 0xcd,
  0x05, 0xb6, 0xfe, 0xf6, 0x01, 0x0a, 0x00, 0x01, 0x01, 0x53, 0x04, 0xac,
  0x02, 0x9a, 0x05, 0xb6, 0x00, 0x03, 0x00, 0x19, 0xb1, 0x06, 0x64, 0x44,
  0x40, 0x0e, 0x00, 0x00, 0x01, 0x00, 0x85, 0x00, 0x01, 0x01, 0x76, 0x11,
  0x10, 0x02, 0x08, 0x18, 0x2b, 0xb1, 0x06, 0x00, 0x44, 0x01, 0x33, 0x03,
  0x23, 0x01, 0xe4, 0xb6, 0xcd, 0x7a, 0x05, 0xb6, 0xfe, 0xf6, 0x00, 0x02,
  0x00, 0xc3, 0x04, 0xac, 0x03, 0x2a, 0x05, 0xb6, 0x00, 0x03, 0x00, 0x07,
  0x00, 0x25, 0xb1, 0x06, 0x64, 0x44, 0x40, 0x1a, 0x02, 0x01, 0x00, 0x01,
  0x01, 0x00, 0x57, 0x02, 0x01, 0x00, 0x00, 0x01, 0x5f, 0x03, 0x01, 0x01,
  0x00, 0x01, 0x4f, 0x11, 0x11, 0x11, 0x10, 0x04, 0x08, 0x1a, 0x2b, 0xb1,
  0x06, 0x00, 0x44, 0x01, 0x33, 0x03, 0x23, 0x01, 0x33, 0x03, 0x23, 0x01,
  0x54, 0xb6, 0xcd, 0x7a, 0x01, 0xb1, 0xb6, 0xcd, 0x7a, 0x05, 0xb6, 0xfe,
  0xf6, 0x01, 0x0a, 0xfe, 0xf6, 0x00, 0x00, 0x01, 0x01, 0xd1, 0x04, 0x5c,
  0x02, 0xa8, 0x05, 0xc0, 0x00, 0x0c, 0x00, 0x1f, 0xb4, 0x08, 0x07, 0x02,
  0x00, 0x49, 0x4b, 0xb0, 0x21, 0x50, 0x58, 0xb5, 0x00, 0x00, 0x00, 0x1e,
  0x00, 0x4e, 0x1b, 0xb3, 0x00, 0x00, 0x00, 0x76, 0x59, 0xb3, 0x10, 0x01,
  0x08, 0x17, 0x2b, 0x01, 0x33, 0x16, 0x16, 0x15, 0x14, 0x06, 0x07, 0x27,
  0x36, 0x36, 0x35, 0x34, 0x01, 0xfe, 0xa2, 0x05, 0x03, 0x47, 0x2a, 0x66,
  0x15, 0x24, 0x05, 0xc0, 0x16, 0x29, 0x13, 0x5b, 0x7f, 0x38, 0x1e, 0x32,
  0x72, 0x42, 0x2f, 0x00, 0x00, 0x01, 0x00, 0x8b, 0x04, 0xac, 0x02, 0x94,
  0x05, 0xd5, 0x00, 0x06, 0x00, 0x21, 0xb1, 0x06, 0x64, 0x44, 0x40, 0x16,
  0x02, 0x01, 0x00, 0x02, 0x01, 0x4c, 0x00, 0x02, 0x00, 0x02, 0x85, 0x01,
  0x01, 0x00, 0x00, 0x76, 0x11, 0x12, 0x10, 0x03, 0x08, 0x19, 0x2b, 0xb1,
  0x06, 0x00, 0x44, 0x01, 0x23, 0x27, 0x07, 0x23, 0x13, 0x33, 0x02, 0x94,
  0x87, 0x7b, 0x80, 0x87, 0xbc, 0x90, 0x04, 0xac, 0xc2, 0xc2, 0x01, 0x29,
  0x00, 0x01, 0x00, 0x8b, 0x04, 0xac, 0x02, 0x94, 0x05, 0xd5, 0x00, 0x06,
  0x00, 0x27, 0xb1, 0x06, 0x64, 0x44, 0x40, 0x1c, 0x05, 0x01, 0x00, 0x01,
  0x01, 0x4c, 0x03, 0x02, 0x02, 0x01, 0x00, 0x01, 0x85, 0x00, 0x00, 0x00,
  0x76, 0x00, 0x00, 0x00, 0x06, 0x00, 0x06, 0x11, 0x11, 0x04, 0x08, 0x18,
  0x2b, 0xb1, 0x06, 0x00, 0x44, 0x01, 0x03, 0x23, 0x03, 0x33, 0x17, 0x37,
  0x02, 0x94, 0xbd, 0x90, 0xbc, 0x87, 0x80, 0x7b, 0x05, 0xd5, 0xfe, 0xd7,
  0x01, 0x29, 0xc2, 0xc2, 0x00, 0x01, 0x00, 0x89, 0x04, 0xac, 0x02, 0x96,
  0x05, 0xbd, 0x00, 0x0d, 0x00, 0x28, 0xb1, 0x06, 0x64, 0x44, 0x40, 0x1d,
  0x02, 0x01, 0x00, 0x01, 0x00, 0x85, 0x00, 0x01, 0x03, 0x03, 0x01, 0x59,
  0x00, 0x01, 0x01, 0x03, 0x61, 0x00, 0x03, 0x01, 0x03, 0x51, 0x22, 0x12,
  0x22, 0x10, 0x04, 0x08, 0x1a, 0x2b, 0xb1, 0x06, 0x00, 0x44, 0x13, 0x33,
  0x16, 0x16, 0x33, 0x32, 0x36, 0x37, 0x33, 0x06, 0x06, 0x23, 0x22, 0x26,
  0x89, 0x72, 0x07, 0x52, 0x3b, 0x3b, 0x50, 0x07, 0x75, 0x05, 0x91, 0x71,
  0x71, 0x90, 0x05, 0xbd, 0x44, 0x53, 0x53, 0x44, 0x7b, 0x96, 0x96, 0x00,
  0x00, 0x02, 0x00, 0xb9, 0x04, 0x75, 0x02, 0x67, 0x06, 0x19, 0x00, 0x0b,
  0x00, 0x17, 0x00, 0x2a, 0xb1, 0x06, 0x64, 0x44, 0x40, 0x1f, 0x00, 0x00,
  0x00, 0x03, 0x02, 0x00, 0x03, 0x69, 0x00, 0x02, 0x01, 0x01, 0x02, 0x59,
  0x00, 0x02, 0x02, 0x01, 0x61, 0x00, 0x01, 0x02, 0x01, 0x51, 0x24, 0x24,
  0x24, 0x22, 0x04, 0x08, 0x1a, 0x2b, 0xb1, 0x06, 0x00, 0x44, 0x13, 0x34,
  0x36, 0x33, 0x32, 0x16, 0x15, 0x14, 0x06, 0x23, 0x22, 0x26, 0x37, 0x14,
  0x16, 0x33, 0x32, 0x36, 0x35, 0x34, 0x26, 0x23, 0x22, 0x06, 0xb9, 0x81,
  0x59, 0x58, 0x7c, 0x7e, 0x59, 0x5f, 0x78, 0x69, 0x38, 0x37, 0x37, 0x3a,
  0x3a, 0x37, 0x35, 0x3a, 0x05, 0x4a, 0x5c, 0x73, 0x76, 0x5c, 0x5e, 0x74,
  0x7d, 0x58, 0x31, 0x44, 0x45, 0x2d, 0x2f, 0x43, 0x43, 0x00, 0x00, 0x01,
  0x00, 0x73, 0x04, 0xac, 0x02, 0xb8, 0x05, 0x74, 0x00, 0x19, 0x00, 0x61,
  0xb1, 0x06, 0x64, 0x44, 0x4b, 0xb0, 0x2d, 0x50, 0x58, 0x40, 0x1a, 0x00,
  0x00, 0x03, 0x02, 0x00, 0x59, 0x05, 0x01, 0x01, 0x00, 0x03, 0x02, 0x01,
  0x03, 0x69, 0x00, 0x00, 0x00, 0x02, 0x61, 0x04, 0x01, 0x02, 0x00, 0x02,
  0x51, 0x1b, 0x40, 0x28, 0x00, 0x01, 0x05, 0x00, 0x05, 0x01, 0x00, 0x80,
  0x00, 0x04, 0x03, 0x02, 0x03, 0x04, 0x02, 0x80, 0x00, 0x00, 0x03, 0x02,
  0x00, 0x59, 0x00, 0x05, 0x00, 0x03, 0x04, 0x05, 0x03, 0x69, 0x00, 0x00,
  0x00, 0x02, 0x61, 0x00, 0x02, 0x00, 0x02, 0x51, 0x59, 0x40, 0x09, 0x22,
  0x12, 0x24, 0x22, 0x12, 0x22, 0x06, 0x08, 0x1c, 0x2b, 0xb1, 0x06, 0x00,
  0x44, 0x01, 0x16, 0x16, 0x33, 0x32, 0x36, 0x37, 0x33, 0x06, 0x06, 0x23,
  0x22, 0x26, 0x27, 0x26, 0x26, 0x23, 0x22, 0x06, 0x07, 0x23, 0x36, 0x36,
  0x33, 0x32, 0x16, 0x01, 0xa8, 0x26, 0x2c, 0x13, 0x22, 0x21, 0x01, 0x67,
  0x04, 0x5d, 0x44, 0x23, 0x3d, 0x30, 0x26, 0x2b, 0x14, 0x20, 0x23, 0x01,
  0x67, 0x04, 0x5e, 0x43, 0x24, 0x3c, 0x05, 0x44, 0x16, 0x16, 0x2d, 0x24,
  0x57, 0x66, 0x14, 0x1c, 0x17, 0x15, 0x2d, 0x24, 0x57, 0x66, 0x13, 0x00,
  0x00, 0x01, 0x00, 0x5a, 0x04, 0xc0, 0x02, 0xc5, 0x05, 0x36, 0x00, 0x03,
  0x00, 0x20, 0xb1, 0x06, 0x64, 0x44, 0x40, 0x15, 0x00, 0x00, 0x01, 0x01,
  0x00, 0x57, 0x00, 0x00, 0x00, 0x01, 0x5f, 0x00, 0x01, 0x00, 0x01, 0x4f,
  0x11, 0x10, 0x02, 0x08, 0x18, 0x2b, 0xb1, 0x06, 0x00, 0x44, 0x13, 0x21,
  0x15, 0x21, 0x5a, 0x02, 0x6b, 0xfd, 0x95, 0x05, 0x36, 0x76, 0x00, 0x01,
  0x00, 0xda, 0x04, 0xac, 0x02, 0x72, 0x06, 0x12, 0x00, 0x17, 0x00, 0x55,
  0xb1, 0x06, 0x64, 0x44, 0x4b, 0xb0, 0x09, 0x50, 0x58, 0x40, 0x1d, 0x00,
  0x02, 0x01, 0x00, 0x01, 0x02, 0x00, 0x80, 0x00, 0x00, 0x01, 0x00, 0x6f,
  0x00, 0x03, 0x01, 0x01, 0x03, 0x59, 0x00, 0x03, 0x03, 0x01, 0x61, 0x00,
  0x01, 0x03, 0x01, 0x51, 0x1b, 0x40, 0x1c, 0x00, 0x02, 0x01, 0x00, 0x01,
  0x02, 0x00, 0x80, 0x00, 0x00, 0x00, 0x84, 0x00, 0x03, 0x01, 0x01, 0x03,
  0x59, 0x00, 0x03, 0x03, 0x01, 0x61, 0x00, 0x01, 0x03, 0x01, 0x51, 0x59,
  0xb6, 0x22, 0x12, 0x27, 0x15, 0x04, 0x08, 0x1a, 0x2b, 0xb1, 0x06, 0x00,
  0x44, 0x01, 0x14, 0x0e, 0x02, 0x15, 0x23, 0x34, 0x3e, 0x02, 0x35, 0x34,
  0x26, 0x23, 0x22, 0x06, 0x15, 0x23, 0x34, 0x36, 0x33, 0x32, 0x16, 0x02,
  0x72, 0x34, 0x43, 0x34, 0x6e, 0x35, 0x45, 0x35, 0x25, 0x38, 0x34, 0x3e,
  0x5f, 0x75, 0x61, 0x59, 0x69, 0x05, 0x80, 0x33, 0x39, 0x25, 0x25, 0x1e,
  0x36, 0x3d, 0x24, 0x21, 0x1a, 0x1d, 0x1c, 0x19, 0x2c, 0x56, 0x4a, 0x46,
  0x00, 0x02, 0xff, 0xf5, 0x04, 0xac, 0x02, 0x5e, 0x05, 0xb6, 0x00, 0x03,
  0x00, 0x07, 0x00, 0x34, 0xb1, 0x06, 0x64, 0x44, 0x40, 0x29, 0x05, 0x03,
  0x04, 0x03, 0x01, 0x00, 0x00, 0x01, 0x57, 0x05, 0x03, 0x04, 0x03, 0x01,
  0x01, 0x00, 0x5f, 0x02, 0x01, 0x00, 0x01, 0x00, 0x4f, 0x04, 0x04, 0x00,
  0x00, 0x04, 0x07, 0x04, 0x07, 0x06, 0x05, 0x00, 0x03, 0x00, 0x03, 0x11,
  0x06, 0x08, 0x17, 0x2b, 0xb1, 0x06, 0x00, 0x44, 0x13, 0x13, 0x23, 0x03,
  0x21, 0x13, 0x23, 0x03, 0xab, 0x91, 0x7a, 0xcd, 0x01, 0xd8, 0x91, 0x7a,
  0xcd, 0x05, 0xb6, 0xfe, 0xf6, 0x01, 0x0a, 0xfe, 0xf6, 0x01, 0x0a, 0x00,
  0x00, 0x01, 0x00, 0x89, 0x04, 0xac, 0x02, 0x96, 0x05, 0xbd, 0x00, 0x0d,
  0x00, 0x28, 0xb1, 0x06, 0x64, 0x44, 0x40, 0x1d, 0x02, 0x01, 0x00, 0x01,
  0x00, 0x86, 0x00, 0x03, 0x01, 0x01, 0x03, 0x59, 0x00, 0x03, 0x03, 0x01,
  0x61, 0x00, 0x01, 0x03, 0x01, 0x51, 0x22, 0x12, 0x22, 0x10, 0x04, 0x08,
  0x1a, 0x2b, 0xb1, 0x06, 0x00, 0x44, 0x01, 0x23, 0x26, 0x26, 0x23, 0x22,
  0x06, 0x07, 0x23, 0x36, 0x36, 0x33, 0x32, 0x16, 0x02, 0x96, 0x72, 0x07,
  0x52, 0x3b, 0x3a, 0x51, 0x07, 0x75, 0x05, 0x91, 0x71, 0x71, 0x90, 0x04,
  0xac, 0x44, 0x53, 0x53, 0x44, 0x7b, 0x96, 0x96, 0x00, 0x01, 0x01, 0x20,
  0x04, 0xab, 0x02, 0x00, 0x06, 0x6f, 0x00, 0x0e, 0x00, 0x25, 0xb1, 0x06,
  0x64, 0x44, 0x40, 0x1a, 0x03, 0x02, 0x02, 0x00, 0x4a, 0x00, 0x00, 0x01,
  0x01, 0x00, 0x59, 0x00, 0x00, 0x00, 0x01, 0x61, 0x00, 0x01, 0x00, 0x01,
  0x51, 0x24, 0x16, 0x02, 0x08, 0x18, 0x2b, 0xb1, 0x06, 0x00, 0x44, 0x01,
  0x34, 0x37, 0x17, 0x06, 0x06, 0x07, 0x32, 0x16, 0x15, 0x14, 0x06, 0x23,
  0x22, 0x26, 0x01, 0x20, 0x83, 0x4a, 0x25, 0x25, 0x05, 0x2f, 0x33, 0x37,
  0x3b, 0x3c, 0x32, 0x05, 0x1d, 0xd6, 0x7c, 0x32, 0x37, 0x4f, 0x35, 0x28,
  0x3d, 0x3f, 0x33, 0x33, 0x00, 0x01, 0x00, 0x82, 0x03, 0x7a, 0x01, 0xe0,
  0x04, 0xd4, 0x00, 0x09, 0x00, 0x26, 0xb1, 0x06, 0x64, 0x44, 0x40, 0x1b,
  0x00, 0x01, 0x00, 0x01, 0x85, 0x00, 0x00, 0x02, 0x02, 0x00, 0x59, 0x00,
  0x00, 0x00, 0x02, 0x61, 0x00, 0x02, 0x00, 0x02, 0x51, 0x22, 0x12, 0x20,
  0x03, 0x08, 0x19, 0x2b, 0xb1, 0x06, 0x00, 0x44, 0x13, 0x33, 0x32, 0x36,
  0x35, 0x33, 0x14, 0x06, 0x23, 0x23, 0x82, 0x48, 0x56, 0x4d, 0x73, 0x99,
  0x7d, 0x48, 0x03, 0xf3, 0x5c, 0x85, 0xbf, 0x9b, 0x00, 0x01, 0x01, 0x20,
  0xfe, 0x77, 0x01, 0xff, 0xff, 0x51, 0x00, 0x0b, 0x00, 0x27, 0xb1, 0x06,
  0x64, 0x44, 0x40, 0x1c, 0x00, 0x01, 0x00, 0x00, 0x01, 0x59, 0x00, 0x01,
  0x01, 0x00, 0x61, 0x02, 0x01, 0x00, 0x01, 0x00, 0x51, 0x01, 0x00, 0x07,
  0x05, 0x00, 0x0b, 0x01, 0x0b, 0x03, 0x08, 0x16, 0x2b, 0xb1, 0x06, 0x00,
  0x44, 0x01, 0x22, 0x26, 0x35, 0x34, 0x36, 0x33, 0x32, 0x16, 0x15, 0x14,
  0x06, 0x01, 0x94, 0x3d, 0x37, 0x37, 0x3d, 0x3d, 0x2e, 0x2e, 0xfe, 0x77,
  0x32, 0x3b, 0x3b, 0x32, 0x32, 0x3b, 0x3b, 0x32, 0x00, 0x02, 0x00, 0x76,
  0xfe, 0x8f, 0x02, 0xaa, 0xff, 0x51, 0x00, 0x0b, 0x00, 0x17, 0x00, 0x35,
  0xb1, 0x06, 0x64, 0x44, 0x40, 0x2a, 0x05, 0x02, 0x04, 0x03, 0x00, 0x01,
  0x01, 0x00, 0x59, 0x05, 0x02, 0x04, 0x03, 0x00, 0x00, 0x01, 0x61, 0x03,
  0x01, 0x01, 0x00, 0x01, 0x51, 0x0d, 0x0c, 0x01, 0x00, 0x13, 0x11, 0x0c,
  0x17, 0x0d, 0x17, 0x07, 0x05, 0x00, 0x0b, 0x01, 0x0b, 0x06, 0x08, 0x16,
  0x2b, 0xb1, 0x06, 0x00, 0x44, 0x17, 0x32, 0x16, 0x15, 0x14, 0x06, 0x23,
  0x22, 0x26, 0x35, 0x34, 0x36, 0x21, 0x32, 0x16, 0x15, 0x14, 0x06, 0x23,
  0x22, 0x26, 0x35, 0x34, 0x36, 0xd2, 0x37, 0x27, 0x25, 0x39, 0x33, 0x29,
  0x26, 0x01, 0xb0, 0x37, 0x27, 0x25, 0x39, 0x33, 0x29, 0x26, 0xaf, 0x2c,
  0x37, 0x30, 0x2f, 0x2f, 0x30, 0x31, 0x32, 0x2c, 0x37, 0x30, 0x2f, 0x2f,
  0x30, 0x31, 0x32, 0x00, 0x00, 0x01, 0x01, 0x20, 0xfd, 0xab, 0x02, 0x00,
  0xff, 0x6f, 0x00, 0x0e, 0x00, 0x25, 0xb1, 0x06, 0x64, 0x44, 0x40, 0x1a,
  0x03, 0x02, 0x02, 0x00, 0x49, 0x00, 0x01, 0x00, 0x00, 0x01, 0x59, 0x00,
  0x01, 0x01, 0x00, 0x61, 0x00, 0x00, 0x01, 0x00, 0x51, 0x24, 0x16, 0x02,
  0x08, 0x18, 0x2b, 0xb1, 0x06, 0x00, 0x44, 0x01, 0x14, 0x07, 0x27, 0x36,
  0x36, 0x37, 0x22, 0x26, 0x35, 0x34, 0x36, 0x33, 0x32, 0x16, 0x02, 0x00,
  0x83, 0x4a, 0x26, 0x24, 0x05, 0x2f, 0x33, 0x37, 0x3b, 0x3c, 0x32, 0xfe,
  0xfd, 0xd6, 0x7c, 0x32, 0x37, 0x50, 0x34, 0x28, 0x3d, 0x3f, 0x33, 0x33,
  0x00, 0x01, 0x00, 0xe7, 0xfe, 0x77, 0x02, 0x3a, 0xff, 0xff, 0x00, 0x13,
  0x00, 0x63, 0xb1, 0x06, 0x64, 0x44, 0xb5, 0x0e, 0x01, 0x02, 0x04, 0x01,
  0x4c, 0x4b, 0xb0, 0x17, 0x50, 0x58, 0x40, 0x1f, 0x00, 0x04, 0x03, 0x02,
  0x03, 0x04, 0x72, 0x00, 0x03, 0x00, 0x02, 0x01, 0x03, 0x02, 0x69, 0x00,
  0x01, 0x00, 0x00, 0x01, 0x59, 0x00, 0x01, 0x01, 0x00, 0x5f, 0x00, 0x00,
  0x01, 0x00, 0x4f, 0x1b, 0x40, 0x20, 0x00, 0x04, 0x03, 0x02, 0x03, 0x04,
  0x02, 0x80, 0x00, 0x03, 0x00, 0x02, 0x01, 0x03, 0x02, 0x69, 0x00, 0x01,
  0x00, 0x00, 0x01, 0x59, 0x00, 0x01, 0x01, 0x00, 0x5f, 0x00, 0x00, 0x01,
  0x00, 0x4f, 0x59, 0xb7, 0x11, 0x12, 0x24, 0x21, 0x22, 0x05, 0x08, 0x1b,
  0x2b, 0xb1, 0x06, 0x00, 0x44, 0x05, 0x14, 0x06, 0x23, 0x23, 0x35, 0x33,
  0x32, 0x36, 0x35, 0x34, 0x26, 0x23, 0x23, 0x35, 0x37, 0x33, 0x07, 0x32,
  0x16, 0x02, 0x3a, 0x4f, 0x63, 0xa1, 0x8f, 0x30, 0x1e, 0x19, 0x28, 0x66,
  0x40, 0x6a, 0x40, 0x64, 0x4f, 0xfd, 0x46, 0x46, 0x52, 0x1c, 0x20, 0x20,
  0x1f, 0x4b, 0x70, 0x6d, 0x37, 0x00, 0x00, 0x01, 0x00, 0xac, 0xfe, 0x99,
  0x02, 0x18, 0x00, 0x21, 0x00, 0x12, 0x00, 0x2b, 0xb1, 0x06, 0x64, 0x44,
  0x40, 0x20, 0x09, 0x01, 0x01, 0x00, 0x01, 0x4c, 0x12, 0x08, 0x02, 0x00,
  0x4a, 0x00, 0x00, 0x01, 0x01, 0x00, 0x59, 0x00, 0x00, 0x00, 0x01, 0x61,
  0x00, 0x01, 0x00, 0x01, 0x51, 0x24, 0x25, 0x02, 0x08, 0x18, 0x2b, 0xb1,
  0x06, 0x00, 0x44, 0x05, 0x06, 0x06, 0x15, 0x14, 0x16, 0x33, 0x32, 0x37,
  0x17, 0x06, 0x06, 0x23, 0x22, 0x26, 0x35, 0x34, 0x36, 0x37, 0x01, 0x90,
  0x34, 0x32, 0x32, 0x28, 0x3e, 0x42, 0x14, 0x25, 0x59, 0x30, 0x57, 0x67,
  0x50, 0x52, 0x01, 0x3d, 0x52, 0x21, 0x24, 0x26, 0x15, 0x61, 0x0d, 0x13,
  0x4f, 0x40, 0x3f, 0x74, 0x46, 0x00, 0x00, 0x01, 0x00, 0x8a, 0xfe, 0x40,
  0x02, 0x97, 0xff, 0x51, 0x00, 0x0d, 0x00, 0x28, 0xb1, 0x06, 0x64, 0x44,
  0x40, 0x1d, 0x02, 0x01, 0x00, 0x01, 0x00, 0x85, 0x00, 0x01, 0x03, 0x03,
  0x01, 0x59, 0x00, 0x01, 0x01, 0x03, 0x61, 0x00, 0x03, 0x01, 0x03, 0x51,
  0x22, 0x12, 0x22, 0x10, 0x04, 0x08, 0x1a, 0x2b, 0xb1, 0x06, 0x00, 0x44,
  0x17, 0x33, 0x16, 0x16, 0x33, 0x32, 0x36, 0x37, 0x33, 0x06, 0x06, 0x23,
  0x22, 0x26, 0x8a, 0x72, 0x07, 0x52, 0x3b, 0x3b, 0x50, 0x07, 0x75, 0x05,
  0x91, 0x71, 0x71, 0x90, 0xaf, 0x44, 0x53, 0x53, 0x44, 0x7b, 0x96, 0x96,
  0x00, 0x01, 0x00, 0x5a, 0xfe, 0xdb, 0x02, 0xc5, 0xff, 0x51, 0x00, 0x03,
  0x00, 0x20, 0xb1, 0x06, 0x64, 0x44, 0x40, 0x15, 0x00, 0x00, 0x01, 0x01,
  0x00, 0x57, 0x00, 0x00, 0x00, 0x01, 0x5f, 0x00, 0x01, 0x00, 0x01, 0x4f,
  0x11, 0x10, 0x02, 0x08, 0x18, 0x2b, 0xb1, 0x06, 0x00, 0x44, 0x17, 0x21,
  0x15, 0x21, 0x5a, 0x02, 0x6b, 0xfd, 0x95, 0xaf, 0x76, 0x00, 0x00, 0x01,
  0x00, 0xac, 0x01, 0xc3, 0x03, 0xe0, 0x02, 0x39, 0x00, 0x03, 0x00, 0x20,
  0xb1, 0x06, 0x64, 0x44, 0x40, 0x15, 0x00, 0x00, 0x01, 0x01, 0x00, 0x57,
  0x00, 0x00, 0x00, 0x01, 0x5f, 0x00, 0x01, 0x00, 0x01, 0x4f, 0x11, 0x10,
  0x02, 0x08, 0x18, 0x2b, 0xb1, 0x06, 0x00, 0x44, 0x13, 0x21, 0x15, 0x21,
  0xac, 0x03, 0x34, 0xfc, 0xcc, 0x02, 0x39, 0x76, 0x00, 0x01, 0xff, 0xf6,
  0xff, 0x38, 0x02, 0xd2, 0x06, 0x69, 0x00, 0x03, 0x00, 0x1f, 0xb1, 0x06,
  0x64, 0x44, 0x40, 0x14, 0x00, 0x00, 0x01, 0x00, 0x85, 0x02, 0x01, 0x01,
  0x01, 0x76, 0x00, 0x00, 0x00, 0x03, 0x00, 0x03, 0x11, 0x03, 0x08, 0x17,
  0x2b, 0xb1, 0x06, 0x00, 0x44, 0x07, 0x01, 0x33, 0x01, 0x0a, 0x02, 0x63,
  0x79, 0xfd, 0x9c, 0xc8, 0x07, 0x31, 0xf8, 0xcf, 0xff, 0xff, 0x00, 0x76,
  0x04, 0xac, 0x02, 0xaa, 0x05, 0x6e, 0x00, 0x06, 0x02, 0x24, 0x00, 0x00,
  0xff, 0xff, 0x01, 0x1c, 0x04, 0xac, 0x01, 0xfb, 0x05, 0x86, 0x00, 0x06,
  0x02, 0x25, 0x00, 0x00, 0xff, 0xff, 0x00, 0x86, 0x04, 0xac, 0x01, 0xcd,
  0x05, 0xb6, 0x00, 0x06, 0x02, 0x26, 0x00, 0x00, 0xff, 0xff, 0x01, 0x53,
  0x04, 0xac, 0x02, 0x9a, 0x05, 0xb6, 0x00, 0x06, 0x02, 0x27, 0x00, 0x00,
  0xff, 0xff, 0x00, 0xc3, 0x04, 0xac, 0x03, 0x2a, 0x05, 0xb6, 0x00, 0x06,
  0x02, 0x28, 0x00, 0x00, 0xff, 0xff, 0x00, 0x8b, 0x04, 0xac, 0x02, 0x94,
  0x05, 0xd5, 0x00, 0x06, 0x02, 0x2a, 0x00, 0x00, 0xff, 0xff, 0x00, 0x5a,
  0x04, 0xc0, 0x02, 0xc5, 0x05, 0x36, 0x00, 0x06, 0x02, 0x2f, 0x00, 0x00,
  0xff, 0xff, 0x00, 0x8b, 0x04, 0xac, 0x02, 0x94, 0x05, 0xd5, 0x00, 0x06,
  0x02, 0x2b, 0x00, 0x00, 0xff, 0xff, 0x00, 0x89, 0x04, 0xac, 0x02, 0x96,
  0x05, 0xbd, 0x00, 0x06, 0x02, 0x2c, 0x00, 0x00, 0xff, 0xff, 0x00, 0xb9,
  0x04, 0x75, 0x02, 0x67, 0x06, 0x19, 0x00, 0x06, 0x02, 0x2d, 0x00, 0x00,
  0xff, 0xff, 0x00, 0x73, 0x04, 0xac, 0x02, 0xb8, 0x05, 0x74, 0x00, 0x06,
  0x02, 0x2e, 0x00, 0x00, 0xff, 0xff, 0x00, 0x5a, 0x04, 0xc0, 0x02, 0xc5,
  0x05, 0x36, 0x00, 0x06, 0x02, 0x2f, 0x00, 0x00, 0xff, 0xff, 0x00, 0xe7,
  0xfe, 0x77, 0x02, 0x3a, 0xff, 0xff, 0x00, 0x06, 0x02, 0x38, 0x00, 0x00,
  0xff, 0xff, 0x00, 0xac, 0xfe, 0x99, 0x02, 0x18, 0x00, 0x21, 0x00, 0x06,
  0x02, 0x39, 0x00, 0x00, 0x00, 0x01, 0x00, 0x78, 0x03, 0xe2, 0x01, 0xd5,
  0x05, 0xeb, 0x00, 0x03, 0x00, 0x06, 0xb3, 0x02, 0x00, 0x01, 0x32, 0x2b,
  0x13, 0x27, 0x13, 0x17, 0xec, 0x74, 0xca, 0x93, 0x03, 0xe2, 0x38, 0x01,
  0xd1, 0x4a, 0x00, 0x02, 0x00, 0x14, 0x03, 0xe0, 0x02, 0xc5, 0x05, 0xc6,
  0x00, 0x03, 0x00, 0x07, 0x00, 0x25, 0xb1, 0x06, 0x64, 0x44, 0x40, 0x1a,
  0x03, 0x01, 0x01, 0x00, 0x00, 0x01, 0x57, 0x03, 0x01, 0x01, 0x01, 0x00,
  0x5f, 0x02, 0x01, 0x00, 0x01, 0x00, 0x4f, 0x11, 0x11, 0x11, 0x10, 0x04,
  0x08, 0x1a, 0x2b, 0xb1, 0x06, 0x00, 0x44, 0x13, 0x23, 0x13, 0x33, 0x13,
  0x23, 0x13, 0x33, 0x92, 0x7e, 0xc0, 0xbb, 0x39, 0x7e, 0xc0, 0xbb, 0x03,
  0xe0, 0x01, 0xe6, 0xfe, 0x1a, 0x01, 0xe6, 0x00, 0x00, 0x01, 0x00, 0x82,
  0x03, 0xe0, 0x01, 0xfd, 0x05, 0xc6, 0x00, 0x03, 0x00, 0x19, 0xb1, 0x06,
  0x64, 0x44, 0x40, 0x0e, 0x00, 0x01, 0x00, 0x01, 0x85, 0x00, 0x00, 0x00,
  0x76, 0x11, 0x10, 0x02, 0x08, 0x18, 0x2b, 0xb1, 0x06, 0x00, 0x44, 0x01,
  0x23, 0x13, 0x33, 0x01, 0x00, 0x7e, 0xc0, 0xbb, 0x03, 0xe0, 0x01, 0xe6
};